"unit_id","spans_gradient","elev_mean","elev_sd","slope_mean","slope_sd","aspect_north","aspect_east","lc_frac_tree","lc_frac_shrub","lc_frac_grass","lc_frac_crop","lc_frac_built","lc_frac_bare","lc_frac_wetland","lc_frac_water","ghm_mean","ghm_sd","housing_logden_mean","housing_logden_sd"
7,TRUE,241.39013671875,71.2527923583984,17.1872310638428,7.67423582077026,0.116302117705345,0.0639396235346794,0.553797266038601,0.0039093332775145,0.439644901744747,0.00104308870041645,0.00151059431027845,0.000079207949605689,0,0.0000156079788361724,0.152682468295097,0.131672024726868,0.105641333638851,0.406707613213487
16,TRUE,598.925415039062,231.327285766602,26.5240592956543,8.37899684906006,0.062514640390873,0.00752097181975842,0.973992471478909,0.00711445506872006,0.0183709913385111,0,0.000220981979599705,0.000067481683420305,0,0.000233618450839732,0.0841337516903877,0.0923330709338188,0.293359665131612,0.704836287377902
27,FALSE,134.557678222656,23.7927684783936,10.1479940414429,7.27852201461792,0.287404596805573,0.0310242008417845,0.418783495983965,0.00166861585041306,0.530469925088788,0.00794030990886216,0.040485879800863,0.000651773367109383,0,0,0.574423491954803,0.252152413129807,0.00546955454973761,0.166754402665647
32,TRUE,332.781921386719,175.150146484375,22.3991546630859,8.94624614715576,0.208419039845467,0.201618388295174,0.897203510321719,0.0283213007355552,0.0722692059266466,0,0.00215176032837837,0.0000542226877004522,0,0,0.176083162426949,0.100053362548351,0.005399437330883,0.145626138046177
69,FALSE,11.7625780105591,0.760216653347015,0.731917202472687,0.837171375751495,0.228162243962288,0.535687267780304,0.244868330155193,0,0.266207066215884,0,0.487303062297705,0.00108102755414566,0,0.00054051377707283,0.981548666954041,0.00286790495738387,0.694789151725021,2.08960872934123
75,FALSE,275.6220703125,59.6889114379883,20.5541229248047,8.83224201202393,-0.269768059253693,-0.0135148465633392,0.964302239356948,0,0.0331999089035725,0,0.00236603199618152,0.000131819743297625,0,0,0.265498459339142,0.125317558646202,1.07440353862327,0.218260944538289
79,FALSE,0.889973521232605,1.12000072002411,1.47820198535919,1.27978122234344,-0.0362255312502384,0.141853675246239,0.300083249765096,0,0.273382682442393,0.00389061049040504,0.0533149433174064,0.010427534052533,0.0747648884979094,0.284136091434257,0.952784895896912,0.0535406097769737,1.45700769539367,2.61460087987098
141,FALSE,28.0550422668457,4.43919801712036,7.39972734451294,4.62739706039429,0.134754315018654,0.00421132193878293,0.50125231321921,0,0.300803116464449,0,0.000213175494363312,0,0,0.197731394821977,0.948942363262177,0.0259591285139322,0.0602313721622876,0.671230067239489
166,FALSE,115.682189941406,41.5520629882812,14.3929672241211,5.60820198059082,0.0997237488627434,0.011034581810236,0.216986903453694,0,0.780932376155314,0,0.0020379578570164,0.0000427625339757721,0,0,0.4172702729702,0.195257067680359,0.349724651541872,0.574689585050379
181,FALSE,7.3954815864563,1.44968223571777,3.38546323776245,2.17265844345093,0.053238533437252,0.0849074721336365,0.433096824293396,0,0.4236362358159,0.0796166241726636,0.0636503157180403,0,0,0,0.904666066169739,0.061539500951767,0.452813575613951,1.65752765360706
185,FALSE,376.366638183594,69.6862716674805,22.5797023773193,8.71416664123535,0.169437125325203,0.483202338218689,0.889413183211992,0,0.110204305569254,0,0.000382511218754003,0,0,0,0.200969472527504,0.0885075479745865,0.00276237080965128,0.104151847780824
198,FALSE,3.5675208568573,1.66213548183441,1.54312896728516,1.4756338596344,-0.149507716298103,-0.0240452494472265,0.108056472997328,0.105857905405971,0.593157002339115,0.0831267791900166,0.0438743112762172,0.000410502613284033,0.0487655798077637,0.0167514463703052,0.866507649421692,0.0595904774963856,0.693599371257451,1.49240188706593
211,FALSE,166.835845947266,0.9486363530159,0.763493359088898,0.850524842739105,0.258881270885468,-0.0695341378450394,0.245494940172073,0,0.328104630574841,0.00269601227474435,0.422086809613495,0.00161760736484661,0,0,0.975062966346741,0.00309451879002154,0.0722513989791686,0.67778352902674
214,TRUE,659.127502441406,242.078582763672,25.6623249053955,8.32881259918213,-0.185462728142738,0.0205703377723694,0.749058318734912,0.0315974472024075,0.218768367430035,0,0.000198300081323333,0.000369340553759886,0,0.00000822599756209666,0.0832118988037109,0.0829703882336617,0.168653174549408,0.42650266687568
218,FALSE,160.453201293945,3.20545816421509,1.72450256347656,1.7633490562439,0.125625386834145,-0.135784402489662,0.228259077037283,0.00913275897652881,0.469907850323238,0.0175219982698817,0.140426823991638,0.134751491401429,0,0,0.939356863498688,0.0346766039729118,0.156482106149043,1.00024349874655
223,FALSE,93.1383895874023,38.2010307312012,14.2779293060303,8.47247982025146,-0.0430459678173065,0.0379258394241333,0.598477060244939,0.000000243072565589971,0.395626536889833,0.000752770803159176,0.0038291968896254,0,0.000196441513369637,0.00111775058650908,0.441479384899139,0.252355366945267,0.0121555449315498,0.263385349424114
280,TRUE,196.825469970703,73.2724838256836,17.1238059997559,9.09308052062988,0.204561784863472,0.143200024962425,0.219872805549611,0,0.778309776137673,0.00166933117637544,0.000034234913736217,0.000113852222603969,0,0,0.0816208645701408,0.0371593087911606,0.00467941923070505,0.0620556922571845
289,FALSE,222.028717041016,16.6147518157959,15.2981853485107,10.3225107192993,0.417117178440094,-0.152694955468178,0.58197681331236,0,0.273483545843895,0.00993072690805706,0.121367944724946,0.0114019457092507,0,0.00183902350149205,0.69101345539093,0.214988350868225,0.00701679732727801,0.112220015008076
294,FALSE,187.689163208008,59.4718399047852,20.179744720459,7.8138747215271,-0.381770551204681,-0.153588607907295,0.700755387913265,0.000590449348162141,0.298513269422372,0,0.000140893316200995,0,0,0,0.226734891533852,0.128605663776398,0.000959029518673505,0.0483285432090282
299,FALSE,35.3521728515625,22.5814743041992,14.8326873779297,6.95101022720337,0.091291643679142,-0.0132107324898243,0.672528907766422,0.000102213401874898,0.264732608580821,0,0.000274650343342702,0.00000624972906473481,0.0133397966109982,0.0490155735674761,0.330401062965393,0.154585480690002,0.000151883129324894,0.0289576063136028
303,FALSE,75.2605056762695,9.39540767669678,8.28137016296387,5.8394079208374,0.163248687982559,0.20663383603096,0.00884637991123484,0.000764497647959939,0.675339359596515,0.00536015835295356,0.0587973928215679,0.123241904619318,0,0.127650307050451,0.484897315502167,0.126932725310326,0.169786338567547,0.385223435480683
308,TRUE,8.31976413726807,11.5473527908325,2.60625052452087,3.71951961517334,-0.0467449016869068,0.227408960461617,0.0171756727462935,0.0107182590492224,0.543053424527061,0.00948197176812988,0.000549328605353968,0.00115198228160834,0.414023410825211,0.0038459501971201,0.157043635845184,0.0916523933410645,0.127121269009472,0.130868830624437
315,FALSE,290.049530029297,37.0224075317383,20.0184326171875,8.7398624420166,0.158561885356903,-0.282547980546951,0.870507096101157,0.0121768252761992,0.117316078622644,0,0,0,0,0,0.187994092702866,0.0850530713796616,0.000374036374245245,0.0287629962718188
321,FALSE,622.50341796875,86.540771484375,18.4688720703125,7.75326013565063,-0.0877755805850029,-0.275647819042206,0.554193269386676,0,0.445002996821853,0,0.000803733791471085,0,0,0,0.144121617078781,0.101377137005329,1.22347048276607,0.70598368714574
347,TRUE,168.613159179688,86.8869857788086,10.5846109390259,6.41204404830933,-0.385721623897552,-0.41696435213089,0.913497059643157,0.000190299485948576,0.0812086696941435,0,0.00118446205075069,0.00165780138593304,0,0.00226170774006748,0.0928560867905617,0.120749711990356,0.243653004364883,0.289416391958531
353,FALSE,244.359085083008,60.3659400939941,19.2054882049561,7.19741487503052,0.513430118560791,0.182273343205452,0.972791141321735,0.000188311816034019,0.0269939895790121,0.000020923535114891,0.00000563374810424893,0,0,0,0.198327526450157,0.106271803379059,0.148870313867677,0.786531745001482
358,TRUE,168.701858520508,86.4795761108398,24.0228786468506,8.35435962677002,0.0423761680722237,-0.0207280348986387,0.825731083691227,0.0000846697030443799,0.173948964603561,0,0.000235282002168024,0,0,0,0.137048184871674,0.116041265428066,0.312239943287571,0.274070978567233
372,FALSE,25.58864402771,6.91748094558716,4.59003067016602,4.60444164276123,0.378133922815323,0.295867770910263,0.592799570384202,0,0.218017068410292,0,0.188041116778638,0.00114224442686749,0,0,0.966388761997223,0.0267402175813913,0.00148191185352768,0.10237426259307
378,FALSE,101.245513916016,70.1664276123047,18.7360210418701,8.81919765472412,0.610407769680023,0.290365636348724,0.636483079130757,0.00387981759369331,0.318365682781221,0,0.0412710340973847,0.000000386396943362134,0,0,0.547432720661163,0.234203189611435,0.108000941976135,0.568654317013021
393,FALSE,26.6658878326416,0.471679627895355,0.212677136063576,0.574330925941467,-0.0411482304334641,0.238711461424828,0.0185039657302804,0,0.866995356757346,0.114246390770519,0.00025428674185468,0,0,0,0.517979979515076,0.0689518749713898,0,0
402,TRUE,479.49951171875,198.174346923828,20.0594673156738,11.2924337387085,0.0410138592123985,0.0411974936723709,0.338382144602039,0.0127920841631199,0.579744971436351,0.000410368622257718,0.000381888702257813,0.000154767594680054,0,0.0681337748792952,0.0882386043667793,0.092865489423275,0.0204209945926681,0.139811419983403
413,FALSE,71.7383728027344,36.1459693908691,12.0170564651489,7.24463939666748,0.193598613142967,-0.188155278563499,0.467845869004777,0.000250848972026431,0.52935302954757,0,0.00191151058082031,0.000638741894806516,0,0,0.196069344878197,0.139582395553589,0.0902687080450854,0.593653807964693
421,FALSE,30.3082542419434,30.3541507720947,11.5082330703735,10.5147008895874,0.016625065356493,-0.0455642901360989,0.596476508925333,0,0.304341620007965,0.00119773849189282,0.0127864331656716,0.0412586079759625,0.00598869245946408,0.0379503989737113,0.307851076126099,0.25311553478241,0.152867383889219,0.741458261234276
441,FALSE,2.30145716667175,0.475038945674896,0.595731914043427,0.828166723251343,-0.104171417653561,0.533589482307434,0.0204230482907942,0,0.499072146745281,0.0755576996920519,0.346825797816448,0.00739725731250857,0.00211350208928816,0.0486105480536278,0.967592716217041,0.0244673248380423,1.83989479980358,3.03594340951098
455,FALSE,1.67540955543518,0.81352698802948,0.974113941192627,1.1746414899826,0.0541791021823883,0.423646122217178,0.0407347419990013,0.0090176065071788,0.570682483049634,0.00616679809240694,0.0405569301581283,0.0614567099977349,0.20921041375469,0.0621743164412252,0.762931525707245,0.105175353586674,0.658916848336906,1.7096191697842
461,FALSE,1.98433768749237,5.29993963241577,0.829245328903198,1.64966320991516,-0.112478643655777,0.685057938098907,0.0547237809180865,0.00944083675074563,0.561696924420636,0.207679156677527,0.00820362992307534,0.000830892575313475,0.00726650024745143,0.150158278487165,0.459582298994064,0.11131627112627,0.466648898991927,0.334917361396335
470,FALSE,425.604888916016,86.5216522216797,18.1030902862549,7.03063869476318,-0.525863885879517,0.178664460778236,0.945655619133753,0.00207774508333493,0.0217091735966447,0,0.0000857108788919691,0.030471751307375,0,0,0.0399193055927753,0.0272060297429562,0.25502592144594,0.14030436049218
491,FALSE,140.182357788086,63.895378112793,25.7917499542236,7.37245988845825,0.335354208946228,-0.347640246152878,0.978613718247966,0,0.0213862817520341,0,0,0,0,0,0.287831127643585,0.127356007695198,0.221179296133168,0.936090322187386
499,TRUE,221.800338745117,111.98087310791,25.177453994751,8.99701881408691,0.291761308908463,-0.0306091755628586,0.929979810361433,0.00599584825857816,0.0617621373347428,0,0.00226220404524585,0,0,0,0.154107674956322,0.135497152805328,0.0763301183491205,0.649717399685178
516,FALSE,281.505950927734,58.5721549987793,21.6277465820312,9.43035793304443,-0.485401421785355,-0.0326942913234234,0.905162129484959,0.00069824081055845,0.0929573606631863,0,0.00118226904129602,0,0,0,0.273935317993164,0.088309571146965,0.0440494765659699,0.384757488269516
520,FALSE,6.2550835609436,2.40871214866638,1.69475901126862,1.72026705741882,-0.240779504179955,0.564991056919098,0.075368883289567,0,0.562316328240043,0.0333983136159681,0.233892713375786,0.0799128252467443,0,0.0151109362318909,0.759394526481628,0.0352433882653713,0,0
542,TRUE,176.090576171875,69.5558395385742,14.6596374511719,7.65907859802246,0.247606739401817,0.0117538003250957,0.189736875828752,0.0105235488960999,0.785488004208695,0.00105203204103069,0.0125961546845764,0.00010066429426748,0,0.000502720046578466,0.328523844480515,0.184562250971794,0.00312500722117316,0.130411228525817
546,FALSE,1.76949453353882,0.462107211351395,1.09682738780975,0.89466667175293,0.0645853132009506,0.262649536132812,0.42012281499347,0.0763031839666724,0.41949940924553,0,0.0596351751171037,0,0.0188789673358002,0.0055604493414233,0.751580536365509,0.217950493097305,0.162790382343189,0.982506021766604
563,FALSE,641.394775390625,89.0689315795898,28.0304489135742,8.34002876281738,0.276733219623566,0.174595803022385,0.996808304802427,0,0.00306304512529242,0,0.000128650072280238,0,0,0,0.122924022376537,0.101878568530083,0.00148030862742713,0.0596634991695539
581,FALSE,593.919555664062,97.1050643920898,22.4837608337402,8.89440822601318,-0.222138211131096,-0.135052010416985,0.848927565089486,0.00137304947322022,0.144097479908544,0,0.00415171844467422,0,0,0.00145018708407529,0.122724674642086,0.0898349583148956,0.214348866182284,0.523856309393277
586,FALSE,11.0441789627075,2.71696400642395,1.86006653308868,2.17609667778015,0.0121490536257625,0.27209347486496,0.103053721928875,0,0.259716190187506,0.000917063927110998,0.0615363534037078,0.00810459647258133,0.00137255262842103,0.565299521451797,0.873322367668152,0.148878052830696,0.0118574378378236,0.227842185056388
602,FALSE,1.04139971733093,0.693542420864105,1.20566320419312,1.24120998382568,0.0481652282178402,0.424109101295471,0.0873695536529214,0,0.535917180066286,0.000327809544899764,0.0347097715405542,0.000647344413534594,0.153965353061913,0.187062987719892,0.977667212486267,0.00730748474597931,0.00239710423146241,0.127785883200777
604,FALSE,30.7081165313721,13.5152397155762,0.758235037326813,1.74627757072449,-0.053035132586956,0.10886437445879,0.671016738717999,0,0.214861134727687,0.0306374499135408,0.0821593231456681,0.000695625378902132,0.000429115768627042,0.000200612347575917,0.748859584331512,0.231051996350288,1.91384212403046,2.55076933169431
606,FALSE,1.56608402729034,0.508495688438416,0.747264385223389,0.88948130607605,0.0945890620350838,0.473138898611069,0.0568042524055839,0,0.568692836321916,0.00471257481676132,0.125438654830358,0.230491441360141,0.00824030247963342,0.00561993778560731,0.940921306610107,0.0346483513712883,0.000502042310010078,0.0613565367914732
628,FALSE,118.163139343262,37.5542869567871,15.4969110488892,5.65262794494629,-0.274647682905197,0.204656049609184,0.0928339722965894,0,0.900658211035892,0.00422263670649262,0.00228517996102637,0,0,0,0.463980078697205,0.241366147994995,0.0238443913453212,0.180768881371407
650,FALSE,96.0557098388672,35.9096565246582,12.3335647583008,6.54317903518677,-0.171546623110771,-0.0428196266293526,0.961707385638644,0,0.0328988156633875,0,0.00539379869796858,0,0,0,0.484271049499512,0.238258242607117,0.943067505870709,1.5773397053703
669,FALSE,21.7539653778076,15.050745010376,20.4878902435303,15.392107963562,-0.432100027799606,-0.598111271858215,0.0615800045754127,0.000130392021093577,0.432552616440244,0,0.0323946624733221,0.464796285143971,0,0.00854603934595721,0.674978077411652,0.129487916827202,0,0
678,FALSE,10.9714298248291,5.56867122650146,4.48706150054932,4.60876560211182,0.133465573191643,-0.0825523063540459,0.532212278023498,0,0.0811718584998978,0,0.339687700694722,0.0384661227898513,0,0.00846203999203141,0.921431541442871,0.0802787467837334,0.0000295108206487136,0.0150699109662716
714,FALSE,13.2652969360352,12.4964427947998,10.9238138198853,11.6285486221313,-0.509603559970856,-0.258780688047409,0.240360108127409,0,0.16062100609117,0.0116703989848289,0.267448420765492,0.305311320140782,0,0.0145887458903186,0.932131350040436,0.099125936627388,0.251684538452005,1.25205390953799
734,FALSE,241.865997314453,41.2623405456543,15.8957071304321,5.84104347229004,0.140339314937592,0.264305025339127,0.500968754669124,0,0.490622573172068,0.00545294474478389,0.00295572741402443,0,0,0,0.35528552532196,0.193294644355774,0.0176112199249864,0.257068067253576
741,TRUE,151.638153076172,39.3994178771973,18.2209930419922,7.4392237663269,0.0204678345471621,-0.0795079842209816,0.203437739233745,0,0.795313796088327,0.0000607326423514389,0.00118773203557681,0,0,0,0.330592095851898,0.179270043969154,0.0440505399544025,0.493111476350435
746,FALSE,237.917556762695,30.5890445709229,23.1680450439453,8.89639759063721,-0.0398142524063587,-0.349706530570984,0.901954304768168,0,0.0741371133263488,0,0.0239085819054838,0,0,0,0.707407236099243,0.095230758190155,2.80505632031473,3.05743826778233
750,FALSE,151.104049682617,33.3037147521973,18.0830860137939,7.70738840103149,0.0230892244726419,-0.169759020209312,0.893368649101248,0,0.105122457781246,0,0.00148916083581667,0,0,0.0000197322816891082,0.214322283864021,0.0849851220846176,0.0617256724387298,0.442299287858975
767,FALSE,2.51872134208679,1.16135454177856,3.93221426010132,1.88902854919434,0.253543227910995,-0.29180184006691,0.11357774415333,0,0.44748390655984,0,0.0846827831510173,0.0122379900702034,0.00724076317152693,0.334776812894082,0.967605650424957,0.0160873048007488,0.911742660080815,2.19796493272191
780,TRUE,593.693908691406,177.732192993164,27.0275039672852,8.27792739868164,0.175740897655487,0.0522905625402927,0.969244379928493,0.00884862235082724,0.0211037377182146,0,0.000621594020599606,0.00018166598186512,0,0,0.0941083505749702,0.0639616623520851,0.0427438678348383,0.326920376695593
784,FALSE,168.956283569336,55.5777854919434,19.2489681243896,8.61949253082275,0.229734137654305,0.17783360183239,0.0202642446861438,0.000112895125194062,0.965434003711336,0.0111434001058089,0.00299187504308019,0.000053581328437422,0,0,0.291326195001602,0.159346118569374,1.28616929666917,1.88862344119503
805,FALSE,52.069408416748,15.1542739868164,12.7625780105591,8.68144416809082,-0.0715035051107407,-0.375037878751755,0.903271092520822,0,0.0723833618303797,0,0.0243455456487979,0,0,0,0.926102101802826,0.0279586259275675,0.031677788015104,0.493697419954682
810,FALSE,121.808898925781,32.0421447753906,22.059684753418,6.15862703323364,-0.517216086387634,-0.122055374085903,0.363965112594569,0.00208132153297111,0.607292514938257,0,0.0266610509342025,0,0,0,0.740209698677063,0.125496372580528,0.881786790787396,2.30340899281411
837,FALSE,200.793731689453,74.2336273193359,24.5645961761475,11.3937034606934,-0.00125061033759266,-0.132181823253632,0.537168662904112,0.0506238010786392,0.33916592820967,0,0.00178143552598577,0.0014339519253381,0,0.0698262203562555,0.121673107147217,0.143035560846329,0.00005511197188356,0.00928566412414492
876,FALSE,154.844085693359,8.82562160491943,8.20493507385254,8.99307346343994,0.0839794427156448,-0.112357325851917,0.561448682691852,0,0.300057341911815,0.0128111169725639,0.124640891213233,0.00104196721053591,0,0,0.904977917671204,0.0405375733971596,0.177133211172554,1.00758933997264
884,FALSE,253.448043823242,37.9193077087402,19.6537342071533,7.97860383987427,0.0425968877971172,0.0495168268680573,0.592682341653521,0,0.407246439823962,0.0000712185225165754,0,0,0,0,0.139341667294502,0.021438704803586,1.25924907784112,0.272895670260773
896,FALSE,204.262405395508,45.7157173156738,15.9038896560669,5.06748628616333,0.00245646433904767,-0.0269543286412954,0.0371425718978449,0,0.955825322001236,0.0000872309086183548,0.0069152234993812,0.0000296516929198765,0,0,0.363745301961899,0.211003035306931,0.875196988752191,1.93570940213438
916,FALSE,219.971664428711,127.13516998291,18.5025730133057,9.92230892181396,0.217755168676376,-0.156670451164246,0.679643362841343,0.0000162990581000419,0.296056039141326,0.00566923178822366,0.0141491252515955,0.00127132653180327,0,0.00319461538760821,0.22453847527504,0.1896962672472,1.2592055345121,0.292052868485814
926,TRUE,386.278015136719,147.912612915039,20.1611347198486,9.16579341888428,0.300775051116943,-0.110529087483883,0.999367621678229,0,0.000630265234511885,0,0.00000211308725878563,0,0,0,0.0870320647954941,0.0417428202927113,0.00252787371417495,0.089943648621699
941,FALSE,219.733032226562,50.0561256408691,10.0561513900757,7.60169363021851,0.0897979438304901,0.111061729490757,0.541563820441065,0.000959818132311265,0.448548774268267,0.00787698689624291,0.000230545957938817,0.000166840756681362,0,0.000653213547493314,0.0543570257723331,0.0118673294782639,0.691477296119882,0.547260180886789
945,FALSE,167.037216186523,47.2734794616699,18.8172607421875,6.51826190948486,-0.250363409519196,0.0688446238636971,0.83227834603831,0,0.166650797136707,0,0.00107085682498259,0,0,0,0.375592559576035,0.154890388250351,0.320513601751686,1.34700110742955
950,FALSE,121.053375244141,16.2840461730957,14.3604040145874,11.942084312439,-0.177862778306007,0.258269667625427,0.999611870339564,0,0.000388129660435884,0,0,0,0,0,0.0628610625863075,0.0367353036999702,0.380173174044289,0.517199733553698
967,FALSE,106.604133605957,30.3143920898438,13.9696111679077,5.26557159423828,-0.599188208580017,-0.462982356548309,0.0544408490098996,0,0.779698783766799,0.000814146804706216,0.164985274825455,0.0000609455931406074,0,0,0.869891405105591,0.160152673721313,0.021262460161628,0.362668961362154
979,FALSE,600.771789550781,37.2167854309082,27.4894180297852,8.04559326171875,-0.476867079734802,0.102907702326775,0.988906888830288,0,0.011093111169712,0,0,0,0,0,0.0584982670843601,0.00668225297704339,1.28305005651244,0.644204829910372
992,TRUE,85.653694152832,67.7271118164062,14.3527755737305,9.6081371307373,-0.0373620763421059,-0.173769697546959,0.52631028825492,0.00283150047576397,0.435929997658703,0.00000991634874501853,0.00717562831595183,0.0141054539917854,0.000880873451246231,0.0127563415028843,0.167592898011208,0.166430443525314,0.120353700271193,0.487332345454651
1008,FALSE,104.362113952637,19.3320350646973,11.946403503418,6.37736415863037,0.0825970619916916,-0.0928095728158951,0.536827932734149,0,0.443865705941559,0,0.0191321835468002,0.000174177777491477,0,0,0.405599236488342,0.154482394456863,0.7822917624798,1.82923690023473
1015,FALSE,143.908920288086,55.8169097900391,17.467794418335,12.5696439743042,0.0731768384575844,0.140040323138237,0.480613698968833,0.00175417609576814,0.324530208573735,0.0144212141281112,0.00115036523786656,0.000425275222638829,0,0.177105061773048,0.0938183814287186,0.0811022520065308,0.0348234839123838,0.123301590647438
1018,FALSE,35.2639122009277,14.3047380447388,7.28853321075439,4.85700845718384,-0.137845799326897,-0.320934474468231,0.231442697405905,0,0.515070847642227,0.247004704437742,0.00648175051412571,0,0,0,0.688829958438873,0.0988684520125389,0.000371562632471936,0.0435344837414059
1044,FALSE,28.1614360809326,3.62410068511963,0.185578927397728,0.533282816410065,-0.0122863342985511,-0.330824017524719,0.0217992313427201,0,0.707012873228277,0.267054468810423,0.00411241217345028,0.000000996682015073225,0,0.0000200177631143311,0.468936443328857,0.17104797065258,0.291948512425447,1.0331938946264
1060,FALSE,99.0398406982422,1.09159910678864,0.572939932346344,0.808948218822479,-0.068199522793293,0.340663731098175,0.426177402957128,0,0.495560594121304,0.000504082234696601,0.0777579206868709,0,0,0,0.93602591753006,0.0439426079392433,0.994321962957251,2.25717985491198
1066,FALSE,8.32390308380127,1.5005179643631,0.603012681007385,0.829878389835358,-0.215410813689232,0.154461845755577,0.00784081647680302,0,0.824876971535345,0.0423840006302929,0.119739779464926,0.00515843189263357,0,0,0.558667182922363,0.172179654240608,0,0
1079,FALSE,95.3302764892578,7.64807319641113,3.66220355033875,4.90355968475342,0.115358479321003,-0.318984180688858,0.545205957479379,0.000314490239879391,0.239643640504462,0.00293524223887432,0.0394551880035392,0,0,0.172445481533866,0.580577373504639,0.187960609793663,0.0159281848057094,0.286020190733351
1095,FALSE,280.195861816406,66.7725677490234,21.4768772125244,9.50981140136719,-0.000342969258781523,-0.31138876080513,0.891597857931837,0.0124759852573888,0.0959261568107741,0,0,0,0,0,0.25202339887619,0.14255128800869,0.125213777480287,0.768892754926218
1105,FALSE,0.0101679107174277,0.10370621830225,0.109229736030102,0.526330709457397,0.030673511326313,0.962844491004944,0.00000910666522556228,0,0.997268383565285,0.00129501030050813,0,0,0.00142749946898086,0,0.474371612071991,0.0911829322576523,0.0000228645427258741,0.0110034129586692
1118,FALSE,74.9956893920898,23.2085189819336,8.001540184021,6.94250011444092,0.105595320463181,0.246339738368988,0.274205444366966,0,0.714687734222614,0.000704675094557564,0.0104021463158626,0,0,0,0.314217686653137,0.140830874443054,0.0641356359769458,0.371258289619489
1134,FALSE,108.823196411133,59.3503646850586,13.506552696228,10.6069498062134,0.161037623882294,-0.149909287691116,0.376481328606038,0,0.441567101537675,0.0123717894142765,0.00557705251759457,0.000547044317022527,0.0000184063100704887,0.163437277297323,0.289672434329987,0.145343020558357,0.0962872023698556,0.444802587342737
1153,TRUE,-0.00367429992184043,0.23574885725975,0.17169614136219,0.534827411174774,-0.00391665659844875,0.879335939884186,0.00739081853098874,0.000539815725086589,0.31051301916027,0.614204158084954,0.000430579945645139,0.0194319600117499,0.0192153539721596,0.0282742945691459,0.438271880149841,0.0929588302969933,0.00293725640076582,0.124820797100843
1162,FALSE,533.629577636719,107.850891113281,28.2120304107666,7.73691082000732,0.15644097328186,0.108226209878922,0.58296999380976,0.070224037221791,0.346805968968449,0,0,0,0,0,0.0103979595005512,0.00402097636833787,0.000177180295799965,0.0106949900820711
1163,FALSE,55.9905128479004,53.2407150268555,7.73486042022705,6.46766138076782,-0.159504398703575,0.202995583415031,0.611336604743783,0,0.0994619401266969,0.0000692415267200471,0.00284780602871,0,0.0121163287011449,0.274168078872945,0.399182975292206,0.176542073488235,0.132716688221122,0.782252796754597
1165,FALSE,13.9214324951172,3.72229957580566,3.22061276435852,3.37898945808411,0.478854566812515,0.694596648216248,0.880625587561454,0,0.0476674044496832,0,0.0326949504879237,0.0027500425644048,0,0.0362620149365342,0.473570793867111,0.0816513895988464,0.000300064800654978,0.0344507152607864
1166,FALSE,7.74893426895142,7.79403448104858,4.64343738555908,3.84384679794312,-0.132456511259079,0.251156270503998,0.231853095002866,0,0.541037997008047,0.00217454497783319,0.0155499428803986,0.000013825884510928,0.125321325046689,0.0840492691996552,0.791445553302765,0.181565523147583,0.00233292592916061,0.0663055673659729
1177,FALSE,333.561431884766,69.814811706543,21.6309108734131,7.381263256073,-0.312673091888428,0.311280012130737,0.998651680545587,0,0.00101230349877109,0,0.000336015955642098,0,0,0,0.113274089992046,0.0322372950613499,2.66701325325198,0.000000000000000444089209850063
1190,FALSE,0.104216925799847,0.35889345407486,0.455966621637344,1.02207839488983,0.0236855056136847,0.848526298999786,0.000329495136732154,0.00176530693805955,0.219250187232274,0,0.0023216110393819,0.0965493459935441,0.625058688906982,0.0547253647530262,0.615803599357605,0.0921021327376366,0,0
1196,TRUE,481.159576416016,111.136322021484,20.8511619567871,8.05863952636719,-0.0399493165314198,0.0204096976667643,0.574946926035183,0.016570021070367,0.407711006129997,0.000527839293931788,0,0,0,0.00024420747052118,0.0229139681905508,0.018656512722373,0.0189819096361976,0.0314146048466643
1200,FALSE,90.7799606323242,54.1819725036621,18.4541702270508,7.81960105895996,-0.331443607807159,-0.305346757173538,0.997339136425174,0,0.00133203307434946,0,0.00132883050047657,0,0,0,0.0972598046064377,0.136604174971581,0.80700504428814,1.2371346457051
1224,FALSE,98.65283203125,27.5228500366211,14.4588737487793,5.62472438812256,0.282041192054749,0.0205239299684763,0.00377501116223015,0,0.965699747479538,0.0228755713781663,0.00764966998006596,0,0,0,0.267596960067749,0.111109353601933,0.376956610323455,1.2806736079971
1235,FALSE,63.2901802062988,14.0759925842285,13.2906131744385,5.98417329788208,0.443349182605743,0.00375209026969969,0.520586438909295,0,0.455344325554535,0.00000272980044252958,0.024066505735728,0,0,0,0.944274544715881,0.0282745230942965,0.464226876566423,1.68703108906983
1244,FALSE,22.9968509674072,19.0032787322998,9.73301315307617,9.1716480255127,-0.180795043706894,-0.194750636816025,0.352524303181236,0.000815746117373236,0.373255170662609,0.00168852138630294,0.0597332134502158,0.168832691262043,0.0403514978204255,0.00279885611979466,0.65516185760498,0.144666418433189,0.224849990566785,0.909356663239756
1250,FALSE,114.38890838623,18.423734664917,14.5677032470703,6.20541715621948,0.00632221577689052,-0.0837582871317863,0.106691306862379,0,0.880975059112582,0.000810258321450165,0.0115233757035887,0,0,0,0.598658740520477,0.177673980593681,0.0200872447881547,0.346384311427837
1258,TRUE,484.788146972656,127.198547363281,21.5717029571533,8.50471019744873,-0.182521656155586,-0.180436536669731,0.640065417413257,0.0114175987883516,0.347502303680641,0.000420631030630976,0.000582979849471002,0.0000110692376481836,0,0,0.0720707550644875,0.0494031980633736,0.136415387680952,0.353861115684283
1279,FALSE,0.503114998340607,0.600819647312164,0.731897115707397,0.986957013607025,0.0135949710384011,0.557766914367676,0.0488081814864176,0,0.510925876478157,0.00671474037965872,0.177841794296336,0.0202000445141102,0.128087736113993,0.107421626731328,0.688136458396912,0.227745369076729,0,0
1283,FALSE,1.81780898571014,3.65518641471863,0.868329048156738,2.60299396514893,-0.0136900246143341,0.78727775812149,0.01588923468305,0.0000038050780913684,0.0857402858669549,0.00006496410483305,0.00145357654466434,0.00155082532170897,0.0230099378812904,0.872287370519407,0.571191489696503,0.332732230424881,0,0
1295,TRUE,365.574554443359,116.470832824707,21.1619071960449,8.52637481689453,-0.185123354196548,-0.222294300794601,0.306198254505166,0.0117159510806318,0.681362560455479,0,0.000723233958722378,0,0,0,0.0930490493774414,0.0590211004018784,0.121317430001267,0.227964402689393
1318,TRUE,626.741333007812,118.703147888184,25.2741184234619,8.5573673248291,-0.0724705457687378,0.0264783576130867,0.588252963495649,0.021246907475464,0.387489835013136,0,0,0.00301029401575119,0,0,0.031150471419096,0.0201782081276178,0.0000542026478266299,0.00636550675320021
1319,TRUE,366.54345703125,183.069427490234,21.6115531921387,9.58155250549316,-0.139939874410629,-0.0706322193145752,0.998948372671585,0,0.00100893864610597,0,0.0000426886823091375,0,0,0,0.0770975798368454,0.0708739757537842,0.00356011459952127,0.129048527972653
1339,FALSE,18.3204154968262,10.4565753936768,6.42907285690308,5.72082948684692,0.0205971710383892,0.150635465979576,0.0952699752778539,0.00276147530999178,0.822253130514463,0.0014089159744856,0.0344322177760291,0.0401774646283417,0.00106549621262335,0.00263132430621104,0.357448577880859,0.232028394937515,0.151738407050882,0.877184082387651
1367,FALSE,182.157012939453,40.3952598571777,6.84956407546997,7.14766502380371,0.296783298254013,0.0709103718400002,0.203587206516354,0.00971782351765952,0.767942153019703,0.010970825612188,0.00727446146777176,0.000378497388209765,0,0.00012903247811336,0.307018876075745,0.120974972844124,0.580545375547435,0.292631345640479
1371,FALSE,237.144546508789,29.3538036346436,15.6406097412109,5.6884388923645,-0.0718044638633728,0.000548488402273506,0.0271761794855356,0,0.971764219993347,0.00104735405940204,0.0000122464617151389,0,0,0,0.321125715970993,0.162094578146935,0.157348689203618,0.88119459894696
1387,FALSE,63.5692710876465,7.20551156997681,8.34121799468994,6.08978319168091,0.011422005482018,0.0787770599126816,0.880964563259278,0,0.118789626121947,0,0.000245810618774963,0,0,0,0.351800441741943,0.0599105879664421,0.146698085926606,0.704372842675758
1417,FALSE,96.1618728637695,22.3980464935303,17.3456439971924,5.94038534164429,-0.0462936758995056,0.347892910242081,0.253932439261814,0,0.743365355990187,0,0.00270220474799955,0,0,0,0.661337792873383,0.231983989477158,1.54610091203143,1.66078224921531
1421,FALSE,400.727111816406,102.178443908691,20.0893249511719,7.56131744384766,0.476597130298615,0.49218761920929,0.999731872587461,0,0.000268127412538803,0,0,0,0,0,0.152607053518295,0.0623271092772484,0.0543378482261803,0.497103945114418
1433,FALSE,137.769134521484,10.514760017395,12.1587858200073,10.8175363540649,0.148959413170815,-0.0900095105171204,0.656070350568192,0,0.0561463895551397,0,0.0768335485556931,0.00359573371569843,0,0.207353977605276,0.875319302082062,0.0974553227424622,0.478705042818047,1.64857357136219
1465,FALSE,113.066528320312,47.0228996276855,18.6791648864746,6.21996021270752,-0.00114323373418301,0.148608669638634,0.478333958291977,0.0000153636321753525,0.519216598968328,0,0.0024272683886375,0.00000681071888236764,0,0,0.439060270786285,0.225533470511436,0.0581064347273879,0.604010607592567
1501,FALSE,54.9372978210449,17.2341022491455,3.21037817001343,2.54268336296082,0.198978379368782,0.037129107862711,0.376619891248224,0,0.280608380361361,0.0520995618556023,0.214978231396475,0.0246398350190861,0,0.051054100119252,0.981509208679199,0.00741598475724459,0.214151676234135,1.1462981386671
1502,FALSE,6.71284866333008,5.20898342132568,4.73170042037964,4.44748401641846,-0.22268408536911,0.058563232421875,0.384193502344462,0,0.115530446333514,0,0.0408554296144967,0.280106334678851,0.00147306710638452,0.177841219922291,0.761056244373322,0.237206310033798,0.115626204593996,0.912855557877466
1533,FALSE,33.7577247619629,25.0684108734131,15.2555541992188,12.2632894515991,-0.0377031527459621,-0.553069055080414,0.311473304623874,0,0.40497419785197,0,0.000829989555395017,0.203214101684093,0,0.0795084062846683,0.857809543609619,0.0885715335607529,0.129720348551151,0.92402277691571
1564,FALSE,264.115081787109,59.5533828735352,9.14547729492188,7.12807512283325,-0.481818586587906,-0.0444271303713322,0.909970367596902,0,0.0846047901348799,0.0000831700462930325,0.00534167222192557,0,0,0,0.304755985736847,0.154559150338173,0.385186234349214,1.23520539050481
1618,TRUE,337.010345458984,92.2127075195312,15.1693706512451,7.00229835510254,0.0706048831343651,-0.274698078632355,0.826235363286941,0.0000454915140483366,0.159156943139085,0.0000909830280966731,0.00732905132624072,0.00168318601978845,0,0.00545898168580039,0.329454183578491,0.146803662180901,0.372498430109469,0.599609725978161
1665,FALSE,3.79114985466003,3.90374827384949,8.54651737213135,7.14166975021362,-0.420599460601807,-0.371099919080734,0.546328192427987,0,0.174045983382792,0,0.0067304043720274,0,0.0364242497426696,0.236471170074524,0.412596076726913,0.0781354829668999,0.00948288394721947,0.077642880806578
1673,TRUE,82.6005859375,70.6300964355469,13.2940082550049,8.2759838104248,0.0591201819479465,0.0998609140515327,0.687657882954835,0.000026444621474184,0.266529171152267,0,0.00104460336814155,0.000735159508901269,0.0112872752913843,0.0327194631029961,0.142521560192108,0.115105152130127,0.412401909664242,0.636168637504906
1683,FALSE,121.823486328125,29.90869140625,14.6234865188599,5.56503677368164,0.136608898639679,0.108356095850468,0.160738100433378,0,0.821080386600814,0.000500353431145687,0.0176811595346626,0,0,0,0.693757712841034,0.195813596248627,0.281806468017462,1.33989203254446
1700,FALSE,92.055908203125,0.511690497398376,0.521757662296295,0.835523664951324,-0.11238032579422,0.867742002010345,0.785629239622808,0,0.208384039563734,0.00342863403714988,0.00255808677630893,0,0,0,0.677739799022675,0.0665695294737816,0.0903959202099123,0.622192148511478
1736,FALSE,235.049530029297,21.047872543335,19.332857131958,7.90791463851929,-0.0324489735066891,0.152307108044624,0.660152114455526,0.000266986127266564,0.206298708889921,0,0.103288011402744,0.00409862062875854,0,0.0258955584957842,0.956832826137543,0.0395562499761581,0.00250196504181441,0.140516706050467
1750,FALSE,55.874454498291,2.76034188270569,1.01448166370392,0.867164850234985,0.171584963798523,0.704822599887848,0.096622134264406,0.00339435238581878,0.325084655617938,0.552275477730283,0.0147595862835321,0.000413883879895881,0,0.00744990983812586,0.396084159612656,0.0661700218915939,0.000205945593938353,0.0189706431866587
1787,TRUE,568.601623535156,109.94206237793,24.3205413818359,8.86495399475098,0.254250556230545,0.246659368276596,0.996427190943458,0.00130562971943821,0.00226711991529567,0,0.000000059421808500268,0,0,0,0.0821363925933838,0.0507997274398804,0.0000217390684725312,0.00714518033977063
1793,FALSE,159.444046020508,2.86020588874817,0.455411702394485,0.765277922153473,-0.238180324435234,0.17478609085083,0,0,0.969323276404027,0.0135106857171934,0.0171660378787796,0,0,0,0.289096176624298,0.080873966217041,0.000122419868163689,0.0117136536680351
1796,FALSE,598.844421386719,124.783729553223,29.2003841400146,8.27926254272461,0.334623247385025,0.245503112673759,0.996501878159631,0.000696121414761975,0.00277299536665893,0,0.0000290050589484156,0,0,0,0.0496294610202312,0.0248523894697428,0.00159049854450929,0.0411439248636238
1800,FALSE,225.852081298828,89.0683059692383,18.1720561981201,14.0904521942139,-0.197885349392891,0.00104141212068498,0.496537347656065,0.0732277311599305,0.191507836174012,0.000251049884213042,0.00361458453726099,0.00734459336470475,0,0.227516857223814,0.167249336838722,0.182034343481064,0.0145871746385235,0.205088828422252
1835,TRUE,219.010726928711,88.9117660522461,16.1756076812744,9.09135913848877,-0.09344132989645,-0.238149866461754,0.57187686463799,0.00253327036463494,0.313221781596008,0.0338912929353215,0.000223653349076907,0,0,0.0782531371169687,0.0341607108712196,0.0423306785523891,0.000110465406545966,0.00897720663206869
1847,FALSE,343.724517822266,8.92029571533203,6.22325706481934,4.36857938766479,0.160568222403526,0.513361811637878,1,0,0,0,0,0,0,0,0.216972261667252,0.0112204728648067,0.000296921511711254,0.0274487953677958
1853,TRUE,270.877655029297,121.382461547852,17.1740627288818,9.02390575408936,0.244400322437286,0.287128329277039,0.974217581559303,0.0100979002797176,0.0147569583424946,0,0.000927559818485031,0,0,0,0.125352099537849,0.141468942165375,0.0187202329972443,0.200909143626106
1868,TRUE,158.747695922852,121.215141296387,11.6298570632935,9.90874004364014,-0.33701565861702,-0.0855186209082603,0.588893763174149,0.00261002000565079,0.296773284765128,0.0960560668359157,0.0043336116594402,0.00524403387192896,0.00154896949743721,0.00454025019034983,0.205464839935303,0.189139276742935,0.00921451199351496,0.152602988376822
1875,FALSE,109.031379699707,20.3442935943604,18.4917755126953,5.31251287460327,0.117836304008961,0.255020767450333,0.310986857005105,0,0.687943482398332,0,0.00106966059656249,0,0,0,0.480918526649475,0.123348750174046,0.0387311818528915,0.464977326398166
1891,FALSE,345.71875,66.9437484741211,24.776388168335,7.32413816452026,0.600627303123474,0.330417931079865,1,0,0,0,0,0,0,0,0.246888697147369,0.0959263518452644,3.29451774381235,0.546112218011156
1942,FALSE,161.709777832031,58.940502166748,12.8117208480835,5.111159324646,-0.123599588871002,-0.487633168697357,0.148320995688208,0.0417912334304484,0.807489192548284,0.000151074491291917,0.0022475038417674,0,0,0,0.353123724460602,0.176857560873032,0.00701352311248469,0.202831683761892
1955,FALSE,354.636077880859,112.402931213379,13.7250595092773,7.25776672363281,0.299290031194687,0.143648356199265,0.657070238522297,0,0.339188796180529,0.0019775720091108,0.000214466751250972,0,0,0.00154892653681258,0.0329895354807377,0.0244714319705963,0.273426272954616,0.0356413212229936
1974,FALSE,159.988128662109,20.4115753173828,19.9435367584229,6.25396013259888,0.41206681728363,0.10780031234026,0.95380963966988,0,0.0455863967845066,0,0.000603963545613106,0,0,0,0.853716611862183,0.0874466449022293,0.000874167266951971,0.0757299071217119
1981,FALSE,24.4966011047363,1.4671882390976,1.85548067092896,2.04776787757874,0.0612690635025501,0.550251066684723,0.169894765028441,0,0.55478286639724,0.0102599770873969,0.258085607067493,0.00697678441942987,0,0,0.965404093265533,0.00996260158717632,0.195612210304465,1.11821208294335
2004,FALSE,25.5317401885986,6.88615322113037,0.749611973762512,1.24773395061493,-0.0731522515416145,0.310791522264481,0.588779432890674,0,0.325124510222557,0.0139737041343003,0.0680357262261209,0.00408662652634835,0,0,0.751418948173523,0.147745624184608,1.06240226956819,1.67842425863923
2005,FALSE,12.5823354721069,4.87053537368774,3.83094000816345,4.71923446655273,-0.233474805951118,-0.191448450088501,0.167743187671178,0,0.693750386076053,0.0177286766095864,0.0730939316576015,0.0197413349127406,0,0.0279424830728401,0.703547239303589,0.09163698554039,0.00435864164568302,0.0675973306343759
2057,FALSE,251.543182373047,80.2799682617188,23.0050888061523,7.67301654815674,-0.310623049736023,0.125749617815018,0.69970332875493,0.00967999339628762,0.290603676308213,0,0.0000130015405691573,0,0,0,0.180150538682938,0.124425001442432,0.0119951206551206,0.203176435837367
2063,TRUE,9.93696308135986,0.774987876415253,0.280975461006165,0.637673497200012,-0.0117555242031813,0.830436885356903,0.00692784559635897,0,0.925160450023967,0.0368971213285616,0.000282339158270807,0.0307322438928421,0,0,0.149534747004509,0.0384094938635826,0.0714598268049269,0.0562033705875969
2071,FALSE,106.68701171875,47.4325256347656,20.4430751800537,6.82453918457031,-0.282906532287598,0.316506773233414,0.859789390020024,0.00302071313623619,0.127947039923984,0,0.00924285691975591,0,0,0,0.727207660675049,0.137349784374237,0.0000128738930263814,0.00927086754645731
2078,TRUE,199.919311523438,63.5530281066895,15.8431835174561,5.88000726699829,-0.0381927825510502,-0.177261024713516,0.522068763401263,0,0.477472771133166,0.0000634345052680996,0.000387699957644209,0.00000733100265926729,0,0,0.238490298390388,0.12632904946804,0.126057437375384,0.624388185017587
2138,FALSE,77.2061462402344,36.2925987243652,15.0170803070068,6.4568452835083,-0.16663233935833,-0.423054277896881,0.0316539893267142,0,0.956189432156169,0.00289310889584659,0.0073106211165737,0,0,0.00195284850469645,0.668165266513824,0.220560267567635,0.188225626316596,1.11203304683944
2221,TRUE,383.0390625,115.012077331543,18.9534149169922,7.99449300765991,0.303655534982681,0.410051316022873,0.850316558048805,0.0000388125574488684,0.149100928278738,0.000189640371842,0.000354060743166477,0,0,0,0.149182602763176,0.0975961610674858,0.117415220021536,0.704991568961306
2273,FALSE,405.845642089844,145.284942626953,17.8516845703125,7.41552734375,0.23511104285717,0.50117015838623,0.965280554961966,0.0000357153166146364,0.0329447453702747,0,0.00108088041663943,0.000658103934505689,0,0,0.226757481694221,0.0891666039824486,0.233947263057632,0.116434548443787
2314,FALSE,33.9868507385254,7.28043985366821,2.32638049125671,3.01596760749817,-0.0177177786827087,-0.288509160280228,0.133199888085635,0,0.12854320894838,0.711979814814853,0.0116837490952975,0,0,0.0145933390558348,0.510935008525848,0.171293675899506,1.33978482272387,0.297179442261513
2389,FALSE,0.79142814874649,0.784361958503723,0.835365176200867,1.11819994449615,0.0282127782702446,0.529642701148987,0.0761536702458921,0.000141455510639812,0.102230534860748,0,0.0174496139773039,0.00133863459726374,0.643971074584204,0.158715016223948,0.584405064582825,0.20541425049305,0.380558155302089,1.63944435760611
2394,TRUE,462.886291503906,132.416625976562,18.7183876037598,8.90214729309082,-0.0334050953388214,-0.0807710215449333,0.751621263912036,0.0051624958328221,0.240391188865831,0.000587381345970986,0.0000990023934657343,0.0020508243419702,0,0.0000878433079046082,0.0237045846879482,0.042270589619875,0.0253528990676926,0.160693489930628
3180,TRUE,278.081420898438,76.3494262695312,19.1969947814941,7.94665098190308,0.0436286143958569,0.0282243862748146,0.549729044103472,0.00269904434576406,0.445541003380226,0.00113175101347372,0.000899133482364632,0.0000000236746998770686,0,0,0.1744394749403,0.113717444241047,0.110560827422375,0.29243610090463
3227,FALSE,257.324310302734,101.302612304688,18.6144332885742,9.57669067382812,0.0327009558677673,-0.428563922643661,0.759752342328896,0.00641426703105263,0.216999092675792,0.0140881567148797,0.0024622775626695,0.000283863686710053,0,0,0.106267683207989,0.117763921618462,1.90494756183843,0.305789991595118
3238,FALSE,264.355682373047,46.936653137207,16.6420078277588,5.28818893432617,-0.112709559500217,0.689002215862274,0.998746776492004,0,0.000373659888101937,0,0.000879563619893678,0,0,0,0.306961536407471,0.129225432872772,0.252900959316811,0.961000489293582
3251,FALSE,246.79736328125,33.8987007141113,15.4636573791504,6.55164480209351,0.150113239884377,0.158822163939476,0.527686831046907,0,0.472313168953093,0,0,0,0,0,0.111214935779572,0.00651059253141284,1.24529970313433,0
3269,FALSE,571.313171386719,74.6214981079102,14.2228994369507,6.55082654953003,0.134023010730743,-0.525794684886932,0.752722677272064,0,0.246847675023401,0,0.000355334874481746,0,0,0.0000743128300529234,0.0954689607024193,0.0487219020724297,0.615059232771772,1.18604333413877
3289,FALSE,158.043991088867,20.2006740570068,14.1778106689453,6.23398494720459,0.502069056034088,-0.15486367046833,0.999647196934959,0,0,0,0.000352803065041438,0,0,0,0.180971056222916,0.0449638999998569,1.56871857084069,0
3421,FALSE,55.3634719848633,13.593222618103,13.5981559753418,8.07576656341553,-0.398028135299683,-0.430187731981277,0.446556038557707,0,0.472214025398919,0,0.0812299360433742,0,0,0,0.932730674743652,0.0282961968332529,0.00113162370507464,0.0868906713952918
3447,FALSE,3.55548810958862,1.38088190555573,2.48798108100891,1.92464649677277,0.168565705418587,0.244304403662682,0.0596975804257625,0,0.735490048998213,0.00747738481896711,0.0818015461929692,0.0108240874154125,0.0883131410546727,0.0163962110940034,0.881647348403931,0.0955125838518143,0,0
3831,FALSE,215.018402099609,46.0286903381348,14.3770933151245,7.59655618667603,0.198903888463974,0.453440308570862,0.859366864546559,0.000477872154350033,0.131960336197619,0.00223646429067412,0.00139070607373281,0.00264118218688451,0,0.00192657455018038,0.0687126815319061,0.0700694173574448,0.0561806513095144,0.1219263143265
3979,FALSE,316.012939453125,45.8467597961426,23.0266208648682,8.83547401428223,-0.0650666132569313,-0.147846430540085,0.932199131834303,0.0327661355438472,0.03503473262185,0,0,0,0,0,0.0945340767502785,0.0188789144158363,2.50283395980559,0.0330055983635115
4022,FALSE,19.1080951690674,3.04332709312439,0.990370869636536,1.10654091835022,0.0580059178173542,-0.00610541459172964,0.174795143489918,0,0.498088184244855,0.292533793821822,0.0144553634468376,0,0.0201275149965671,0,0.459383189678192,0.0687007755041122,0.019981992330906,0.261560993628349
4034,FALSE,22.2939186096191,2.21836185455322,0.45661449432373,0.769909024238586,-0.0314476676285267,0.24972528219223,0.0606034318191375,0,0.273919368810582,0.607453878589673,0.00359378738580617,0.000513950397140509,0,0.0539155829976606,0.536936104297638,0.0978953987360001,0.00228963179675763,0.0711487998110773
4179,FALSE,283.408721923828,25.4336242675781,9.38365840911865,5.33139991760254,0.269544154405594,0.520216763019562,0.00613789478729304,0,0.993418236098844,0.000443869113862718,0,0,0,0,0.0730525851249695,0.00283306534402072,0.0000580957491879872,0.00770560888294301
4205,FALSE,22.8163223266602,1.53327322006226,0.373016595840454,0.720113396644592,-0.0596277005970478,0.311195760965347,0.0995447800272527,0,0.315629406844956,0.560170701069289,0.00420478980727723,0,0.00735058431140624,0.0130997379398184,0.454708307981491,0.0778799876570702,0.011780624644881,0.18754113703046
4313,FALSE,54.1656379699707,33.7734069824219,24.5817909240723,9.85915565490723,0.778973758220673,-0.384248286485672,0.994081849304757,0,0.0035866421809671,0,0,0,0,0.0023315085142755,0.173009961843491,0.0605866424739361,4.18595023286329,0.958864206340364
4390,FALSE,472.643737792969,75.9943084716797,17.1890640258789,6.86668968200684,-0.0626865029335022,-0.53849458694458,0.877227357856854,0.00108670176306859,0.121685940380077,0,0,0,0,0,0.0362869836390018,0.0125754633918405,1.82639476481815,0
4392,FALSE,131.549377441406,21.9583625793457,17.0945739746094,4.79160022735596,0.41722559928894,-0.0590628385543823,0.98310487852109,0,0.000455100477026866,0,0.0158451361692699,0.000594884832613594,0,0,0.921615362167358,0.0283295065164566,0,0
4458,FALSE,220.526184082031,42.3127326965332,17.7193794250488,8.14416599273682,-0.5431067943573,-0.00591046176850796,0.546762702202638,0,0.452911335856379,0,0.000325961940982856,0,0,0,0.145732074975967,0.0880052819848061,1.18789071464307,0.416242779364271
4492,FALSE,1.24157226085663,0.47954586148262,0.814596831798553,0.906155586242676,-0.00517894327640533,0.449775993824005,0.11732002902211,0.774552404675121,0.00656753103113487,0,0,0.00199309796262256,0.0725724876792547,0.0269944496297571,0.140622273087502,0.0558915287256241,0,0
4582,FALSE,327.320007324219,49.0850143432617,16.4597225189209,6.84576511383057,0.384259521961212,0.368454337120056,0.987277757053947,0,0.0127222429460526,0,0,0,0,0,0.0892213433980942,0.0645166486501694,1.40650137574182,0.0308703874692132
4664,FALSE,148.438095092773,45.9906730651855,10.5047311782837,7.41049337387085,-0.118413187563419,-0.449619174003601,0.668329599810198,0,0.329999570917306,0,0.00167082927249611,0,0,0,0.238970994949341,0.224794864654541,1.83682048194362,0.143649330715043
4698,TRUE,207.522491455078,123.072662353516,20.2320365905762,9.20858287811279,-0.20470817387104,-0.262900233268738,0.865254488350621,0.00959943183656418,0.123088884319283,0.0000964775694115644,0.00193888804449487,0.0000218298796258568,0,0,0.120500646531582,0.122822776436806,2.31748044719688,1.26137018791334
4867,TRUE,211.382781982422,96.7861099243164,20.7211132049561,8.49808025360107,0.0295665841549635,-0.111676834523678,0.81798840861266,0.0134465147415184,0.168388154002399,0,0.000176922643422408,0,0,0,0.101443991065025,0.066314697265625,0.0188072017629472,0.228008872315356
4870,FALSE,6.24733924865723,0.719354450702667,0.719555377960205,0.929659903049469,-0.173149809241295,0.273156523704529,0.362117976192582,0,0.364174869833856,0.0269573671930205,0.242400201450734,0.00434958532980743,0,0,0.969740211963654,0.00931403134018183,0.0944652125836272,0.820144055154784
4904,FALSE,167.473922729492,57.0174026489258,28.4561977386475,7.05920600891113,0.126031473278999,0.294377237558365,0.994015468814249,0,0.00595593903312513,0,0.0000285921526260559,0,0,0,0.248567804694176,0.0367172360420227,0.173596895806997,0.968920423437339
5031,TRUE,265.412963867188,134.50537109375,20.67236328125,10.1479063034058,-0.0591285862028599,-0.157343149185181,0.909387526578378,0.000430459383018556,0.0782675428872602,0,0.00041690484807504,0.0114975663032681,0,0,0.041262973099947,0.0485058985650539,0.0303798811853044,0.194106448562469
5032,TRUE,543.335083007812,183.63264465332,23.7179527282715,9.43072414398193,-0.150944828987122,-0.142225116491318,0.993074068725317,0.000200439398212812,0.00603301719887424,0,0.000613294870225629,0.0000791798073703816,0,0,0.100783340632915,0.0804551392793655,0.141260525013349,0.555857371226974
5050,FALSE,36.7200469970703,3.32324194908142,1.51364493370056,1.20067286491394,-0.330828160047531,0.0982703790068626,0.446972348378659,0,0.464656445953668,0.0641846118090828,0.0241865938585911,0,0,0,0.586537599563599,0.180484905838966,0.000492335303775166,0.047441706051348
5068,FALSE,56.722354888916,11.2190198898315,17.0591678619385,6.20348119735718,-0.624988198280334,-0.712179183959961,0.0908622752060644,0,0.904081647135717,0,0.00505607765821898,0,0,0,0.705518305301666,0.145002067089081,0.809002686089771,2.15516063307135
5074,FALSE,197.059005737305,20.6989574432373,13.9686231613159,7.93983316421509,-0.277870237827301,-0.302520573139191,0.438117813491786,0.0128025081326794,0.51898212807641,0.000166266339385446,0.0287674195840411,0.000997598036312678,0,0.000166266339385446,0.515254437923431,0.160783141851425,0.159265363013255,0.84183356448499
5085,FALSE,80.6166305541992,15.0222330093384,11.922534942627,4.11450004577637,0.11860091984272,0.0849845856428146,0.441550684790233,0,0.556633802017201,0,0.00181551319256641,0,0,0,0.814159452915192,0.0943949967622757,0.000658975942399513,0.0656163006822297
5101,FALSE,137.76904296875,13.9072399139404,8.47124481201172,5.57291030883789,0.290058076381683,-0.276236593723297,0.666189569130148,0,0.319093915159013,0.00588270534814204,0.00883381036269729,0,0,0,0.811036109924316,0.0772781074047089,0.959033507403349,2.08552805774042
5106,FALSE,242.114624023438,79.632438659668,17.3513050079346,8.60861015319824,0.219073072075844,0.0279196258634329,0.822307876174738,0.000740271054976148,0.173415988895891,0.000762838939599199,0.00277302493479565,0,0,0,0.132179692387581,0.0971368551254272,0.871031553976012,1.07014319463512
5115,FALSE,294.749450683594,19.7344341278076,21.602180480957,6.48016405105591,-0.120323620736599,0.64898955821991,0.960232204001866,0.000511262692700999,0.0374514446259904,0,0.00180508867944256,0,0,0,0.227237030863762,0.111937448382378,0.000138692966554281,0.0171092723519008
5121,TRUE,391.609283447266,104.555603027344,25.7705059051514,8.45762062072754,0.0118999080732465,-0.192492499947548,0.983552744561141,0.0069370990334873,0.00940440374661897,0,0.000105752658752794,0,0,0,0.10918140411377,0.0672650039196014,0.0104231586750203,0.185206946190613
5133,FALSE,178.841110229492,51.9330673217773,20.3991565704346,9.10910797119141,0.115353889763355,0.0994741171598434,0.99845952965857,0,0.00147733017474826,0,0.0000631401666821645,0,0,0,0.099799633026123,0.056536003947258,2.39272214897343,1.62909650007039
5175,FALSE,146.007064819336,41.1833610534668,20.3994235992432,6.46719217300415,0.292446821928024,0.347271382808685,0.173776586002805,0,0.826218528155906,0,0.00000488584128903591,0,0,0,0.310739904642105,0.16264896094799,1.83035594310078,1.9100553079416
5192,FALSE,91.1437149047852,18.958890914917,17.0392837524414,6.11562156677246,0.0986160188913345,-0.119093798100948,0.649511499375821,0,0.35048850062418,0,0,0,0,0,0.538657188415527,0.129848137497902,0.0102908543333319,0.176230587878771
5195,FALSE,85.03955078125,26.7270565032959,14.254919052124,4.32596874237061,-0.669299364089966,-0.181113019585609,0.0626575542792459,0,0.937212144039411,0,0.00013030168134321,0,0,0,0.444581121206284,0.215714603662491,0.0168761364032803,0.302253918511831
5225,FALSE,110.313407897949,23.0929622650146,14.3547916412354,7.3096866607666,0.273488730192184,-0.149366319179535,0.166364988176009,0,0.831958190819202,0,0.00167682100478967,0,0,0,0.599191904067993,0.14240238070488,0.0252866601538607,0.378943100034677
5263,FALSE,129.791717529297,2.16919589042664,2.84056544303894,1.62522196769714,0.123182535171509,-0.103618882596493,0.510246605145014,0.000654112602493924,0.382675281079804,0.0338325287319131,0.0725914724407757,0,0,0,0.982813775539398,0.0116218952462077,4.28985619460127,2.98760718607982
5275,FALSE,84.7008590698242,12.7486715316772,5.7497820854187,4.48488235473633,0.100918747484684,-0.239849150180817,0.786030116197659,0,0.00880697392427972,0,0.0419565783897718,0.000447549355086718,0,0.162758782133203,0.677508890628815,0.182284906506538,0.0561817143410379,0.638122851484153
5305,FALSE,14.8679094314575,2.68623042106628,4.37559461593628,2.41852903366089,0.16317979991436,0.0353114865720272,0.991738206877268,0,0,0,0.00826179312273182,0,0,0,0.967064619064331,0.00512725720182061,0.142429468332529,0.968583079849766
5324,FALSE,166.338104248047,49.1084785461426,12.7533016204834,4.70592975616455,-0.422187924385071,-0.41795027256012,1,0,0,0,0,0,0,0,0.0508188419044018,0.0540526024997234,0.266404079467859,0.290682062348131
5358,TRUE,80.8318023681641,24.1258163452148,8.94589042663574,6.62835073471069,0.0510359965264797,0.197002097964287,0.00402242419550159,0,0.968775612837114,0.0246266931795613,0.00245813095989183,0.000117138827930846,0,0,0.256741046905518,0.151287630200386,0.0118295621257534,0.164796786428616
5363,FALSE,7.50291109085083,8.87367153167725,3.9791853427887,5.19187831878662,-0.143690258264542,0.150769576430321,0.247394082472994,0.0000386245022725073,0.39785039872998,0,0.00135746348517179,0.00022231352401919,0.123819752584564,0.229317364700999,0.273692011833191,0.164575889706612,1.65883976011639,1.78197731537685
5369,FALSE,22.0134334564209,4.16465139389038,2.45087170600891,4.08428859710693,0.127020061016083,0.248859316110611,0.454871974520998,0,0.0927124854851842,0.0000585311776904862,0.00462762860002976,0,0.00448897570980434,0.443240404506293,0.352492779493332,0.21627801656723,0.116448667017902,0.4205385588547
5373,TRUE,529.000122070312,128.94010925293,22.5755252838135,8.40964794158936,-0.0556673444807529,-0.124925382435322,0.653817312511574,0.0302896201289666,0.307454692398562,0.00233998270241371,0.000179449970970492,0.00546631728905625,0,0.000452624998456887,0.0928777232766151,0.0640193447470665,0.425979994943791,0.922860346945931
5385,FALSE,14.5369987487793,4.16090536117554,5.97007465362549,4.72149515151978,0.03984384983778,-0.192979723215103,0.725415033086395,0,0.0915876788729295,0.00248679808874422,0.0234661673920992,0.00432174673999595,0,0.152722575819836,0.35722404718399,0.101729705929756,0.0257784353914563,0.150496081775719
5394,FALSE,23.9143218994141,9.47274589538574,12.1968097686768,8.84407615661621,-0.0914879813790321,-0.180464163422585,0.854018157756749,0,0.0823752963844808,0,0.0287929175254899,0.000216003851798206,0,0.034597624481482,0.96435022354126,0.012120139785111,0.0236808661885533,0.42485803169253
5806,FALSE,2.43050360679626,1.29611921310425,0.689600467681885,1.04216623306274,0.0333855524659157,0.654062390327454,0.0285634363695801,0.00011578184084409,0.641903759436289,0.150869488259445,0.000781654152305317,0.0000163103048804752,0.145649510852096,0.0321000587845608,0.158567205071449,0.0880955830216408,0,0
6616,FALSE,111.186317443848,30.0036506652832,20.979248046875,5.82118797302246,0.110852420330048,0.147522151470184,0.940792506340396,0,0.0589288509720982,0,0.000278642687505407,0,0,0,0.494677364826202,0.168888956308365,0.0100511808746747,0.249123622807387
6857,FALSE,95.0738143920898,23.5253734588623,22.2569885253906,6.07651233673096,-0.382974237203598,0.199069201946259,0.655757739419704,0,0.343538093027588,0,0.000704167552707981,0,0,0,0.68861049413681,0.0782418102025986,0.325766808431249,1.39697098539857
6869,FALSE,101.5576171875,33.821475982666,19.17995262146,6.06252241134644,-0.702382564544678,-0.0565050430595875,0.256576575802376,0,0.728281525444793,0,0.0148706807336842,0.000271218019147314,0,0,0.308032244443893,0.151962265372276,0.0252016569566671,0.379282939259476
6898,FALSE,188.820739746094,68.3288726806641,26.5213298797607,7.64655447006226,-0.211474969983101,-0.0979092791676521,0.961878013704243,0.000233031458692407,0.0370311999710783,0,0.000857754865986314,0,0,0,0.305281698703766,0.177665233612061,0.240397105627612,1.13332547427759
7007,FALSE,501.078063964844,93.9453506469727,15.2898426055908,8.26582145690918,-0.454726874828339,-0.404471546411514,0.462770999734362,0,0.537229000265638,0,0,0,0,0,0.10181001573801,0.0657869800925255,1.13474483971583,0.0634296306636683
7020,FALSE,2.21289896965027,0.986775398254395,0.688224494457245,1.07266187667847,-0.0613972879946232,0.563685953617096,0.0674313172682191,0.0248577239762482,0.31847457224395,0.0292909100770528,0.0113853848608932,0.0241657937690541,0.305098725377481,0.219295572427101,0.449132353067398,0.188445121049881,0.00375641874997219,0.162219953910978
7172,FALSE,91.048095703125,1.5765528678894,1.92488741874695,1.60257077217102,0.198495253920555,0.727426707744598,0.643996670401759,0,0.0338426340455157,0,0.0286784160246102,0.289651884634247,0,0.00383039489386911,0.878207147121429,0.0619755238294601,0.148794944758926,0.800703254215448
7219,FALSE,4.35221767425537,1.86849367618561,1.96387803554535,2.09911513328552,-0.0998983830213547,0.172557786107063,0.0398986088601418,0,0.72271944841056,0.00609551342032843,0.150270995190507,0.0287580443201681,0.00803916211600957,0.0442182276822855,0.925292730331421,0.078736886382103,0.00582024072502287,0.0974646037896044
8156,FALSE,119.988540649414,60.4598922729492,18.5271453857422,8.00020694732666,0.183232024312019,0.0956840291619301,0.382337925998994,0.000282113196697151,0.59987014765685,0.000551318560224467,0.00217975327191825,0,0,0.0147787413153161,0.311411589384079,0.170954778790474,0.0133925743039942,0.259388047459801
8210,TRUE,367.900451660156,100.760070800781,20.0887680053711,8.07413387298584,-0.274770051240921,-0.181301072239876,0.794539462083853,0.00825490088528945,0.197205637030857,0,0,0,0,0,0.0397593230009079,0.0334330983459949,0.0244898899986903,0.222234143011638
8457,FALSE,177.294311523438,60.4728965759277,22.6057815551758,7.57231426239014,-0.163502588868141,0.0245473571121693,0.908966572189445,0.00218907215646033,0.0888436982734337,0,0.000000657380660875403,0,0,0,0.176483482122421,0.0747170671820641,0.0936836946666285,0.734411129496507
8566,TRUE,116.304504394531,82.4347839355469,14.8240871429443,11.0805902481079,-0.116263389587402,-0.253903597593307,0.730414755818426,0.000576462592228257,0.256117993349745,0.00392795568310162,0.0022835335516401,0.00321662024755111,0.0000190528490278813,0.00344362590828031,0.0866197645664215,0.120356172323227,0.0301895977556064,0.195472334306852
8784,FALSE,260.8955078125,32.7739219665527,17.6342105865479,7.14069843292236,0.12657804787159,0.167097926139832,0.438622298967725,0,0.561377701032275,0,0,0,0,0,0.112314328551292,0.00781747046858072,1.49309758118677,0.295856267871422
8824,TRUE,196.869125366211,46.0879287719727,14.2663698196411,5.84378099441528,-0.0250176656991243,0.149183392524719,0.0269663918901137,0,0.971178692358372,0.00175272976668579,0.000102185984828058,0,0,0,0.221057668328285,0.06222964823246,1.23542136870908,1.47759889466854
8836,FALSE,178.874969482422,40.8172378540039,16.4570026397705,6.48269891738892,-0.0225274879485369,-0.0916550830006599,0.0778897570123625,0,0.919435580688972,0.00267466229866586,0,0,0,0,0.165632918477058,0.074762649834156,0.0323548850208007,0.454626179703521
8859,FALSE,33.2883720397949,1.07302951812744,0.708031415939331,0.90297657251358,0.0086886752396822,-0.667091488838196,0.462197639399445,0,0.372274096784348,0.000233474484546773,0.160495854544577,0.0047989347870834,0,0,0.76152777671814,0.1240538880229,0.241175151813367,1.16513083220348
8871,TRUE,520.975341796875,114.750503540039,23.0923805236816,7.55503511428833,-0.0969652459025383,-0.156302779912949,0.999210671350899,0,0.000616903213008051,0,0.000172425436092839,0,0,0,0.111012823879719,0.0684657394886017,0.0454509580669638,0.287019952055548
8931,FALSE,821.57177734375,35.4026222229004,25.1407375335693,8.69845104217529,0.263709425926208,0.345513790845871,0.9861403094972,0,0.0138596905027995,0,0,0,0,0,0.250181138515472,0.104707464575768,0.0123780611246414,0.175445651900579
9047,FALSE,33.0513534545898,2.72068119049072,1.00631773471832,0.875893294811249,0.165570244193077,-0.0996693819761276,0.250547667185457,0,0.594921316952298,0.00050951765308369,0.146888251065989,0.00713324714317165,0,0,0.983047604560852,0.004823780618608,0.0788068955124148,0.688254292032484
9277,FALSE,175.655395507812,56.4818153381348,25.727294921875,7.0041184425354,0.152202844619751,-0.0375149585306644,0.793299818400077,0.0118135336407208,0.193572932548793,0,0.00131371541040867,0,0,0,0.36561131477356,0.21787403523922,0.0368719164008565,0.300419955072032
9314,FALSE,24.5521469116211,17.1664924621582,8.94318675994873,9.69673347473145,-0.0589413344860077,0.11710923910141,0.517354667718492,0.0000738423080371304,0.368598390613169,0.000777652555844938,0.00811687140689608,0.056724485168651,0.0160044322825831,0.0323496579463269,0.508333623409271,0.214469477534294,3.67141100772814,1.87761300811633
9357,FALSE,0.667229652404785,0.642091333866119,1.08680176734924,1.15762674808502,-0.0997078195214272,0.332878708839417,0.335441610263618,0,0,0,0,0,0.318268168993324,0.346290220743057,0.244905680418015,0.103363186120987,0,0
9433,FALSE,35.4458961486816,6.80721521377563,5.05454397201538,3.19718503952026,0.219859912991524,0.211998954415321,0,0,0.992114014403856,0.00531651619327906,0.00193029893533603,0.000639170467529207,0,0,0.556152939796448,0.0634268373250961,0.00203261721472088,0.0428357027149739
9456,TRUE,1.07277083396912,0.449741899967194,0.37354588508606,0.804873824119568,0.00156499911099672,0.770320057868958,0.0503776401187465,0.000529874328443115,0.0386164257206854,0.00162302722953648,0.00100965528354346,0.0444842147728308,0.259241216699794,0.60411794584642,0.498441487550735,0.292533248662949,0.0444810518880658,0.464737824920341
9627,FALSE,38.8311004638672,1.93255007266998,0.883312225341797,1.08004748821259,-0.14632274210453,0.589538097381592,0.0307811883361399,0.000295049627119885,0.809490269345458,0.110810895621044,0.0400536236906337,0.00856897337960486,0,0,0.611481964588165,0.183960765600204,0.0151669481461585,0.325216262932786
9709,FALSE,76.5700454711914,14.689302444458,7.81041288375854,5.36547994613647,0.104704916477203,-0.297880440950394,0.379341216184446,0,0.502789214609152,0,0.112454456635906,0.00541511257049569,0,0,0.867865562438965,0.115146018564701,3.40911814340763,2.87892273841106
9772,TRUE,138.794982910156,13.2894697189331,3.46747422218323,7.74870729446411,-0.0153920324519277,0.729235053062439,0.100053621228765,0.000884349899886983,0.162104528873753,0.0176651522201572,0.00354640342274455,0.00341954287160834,0,0.712326401483085,0.225774809718132,0.189569339156151,0.00806729291169337,0.101951853867468
9819,TRUE,100.614608764648,39.1726875305176,5.73148012161255,5.36695623397827,-0.0277670286595821,-0.120967797935009,0.0170791074511078,0,0.968335720978066,0.0109375692980978,0.002211240756006,0.0000377989872821538,0,0.00139856252943969,0.1403568983078,0.0876893252134323,0.00158433434731572,0.0383887264993855
9831,FALSE,13.6448059082031,1.41700220108032,0.552053809165955,0.786876142024994,-0.29498764872551,-0.472387373447418,0.0361142395051617,0,0.417378118448883,0.148204493235668,0.397397487121933,0.000905661688354441,0,0,0.946168303489685,0.0270820986479521,0.000467619674065474,0.0542343175107141
9994,FALSE,162.148330688477,53.5890617370605,28.3643550872803,9.92858600616455,-0.0880231410264969,-0.0590512007474899,0.986425778171827,0.00223630821065146,0.0113379136175211,0,0,0,0,0,0.0722648501396179,0.0239411070942879,0.0750095484600427,0.238342591953637
10425,FALSE,30.4102993011475,1.09935355186462,0.331761986017227,0.683279454708099,0.0996983423829079,0.278865694999695,0.16822759794488,0,0.653291556352383,0.0461230608620761,0.0734175071962039,0,0,0.0589402776444577,0.825187563896179,0.10229529440403,0.000261932831468845,0.0423943860404844
11113,FALSE,161.270614624023,5.74610137939453,3.58332014083862,6.97457313537598,0.0603186413645744,-0.592779755592346,0.156050915131333,0.000144271380884325,0.161150866181028,0.0077734192608668,0.0199118818088599,0.00403918929022602,0,0.650929456946801,0.46353954076767,0.151053011417389,0.0191308226214498,0.223380621907794
11238,TRUE,82.1865463256836,63.6913909912109,20.125244140625,9.26011943817139,0.242083460092545,0.235795170068741,0.847753295156683,0.000293179174037269,0.11526834955563,0,0.00784862962923016,0.000767025489065025,0.00477717702013844,0.0232923439752156,0.280905395746231,0.162548422813416,0.247568006612687,0.591550379087024
11320,FALSE,92.6995239257812,4.11914587020874,4.56325483322144,3.41462421417236,0.224023893475533,0.211710587143898,0.112105359006497,0,0.692158282847402,0.0959153531327208,0.0998210050133803,0,0,0,0.978235900402069,0.00312900822609663,5.04736098787362,2.48095758157833
11523,FALSE,16.275333404541,0.526693046092987,0.78506600856781,0.960034489631653,0.00397354224696755,0.296401113271713,0.120520920811019,0,0.652499523269626,0.0152380435012257,0.18588111390774,0.0258603985103887,0,0,0.958607256412506,0.015321696177125,1.32620749912768,1.71786660333479
11820,FALSE,177.017120361328,11.7530698776245,11.494987487793,6.63034296035767,-0.0102487672120333,-0.512943923473358,0.223400148263764,0,0.621773808776377,0.0146840218054845,0.138807110081149,0.00133491107322586,0,0,0.673477947711945,0.238293126225471,0.605049500406883,1.2823675111628
11831,FALSE,40.7653656005859,1.3060907125473,1.16255748271942,1.08874368667603,0.281203538179398,0.178218141198158,0.271771615074893,0,0.154178728946817,0.124427553434161,0.4084498604117,0.000502100513810102,0,0.0406701416186182,0.976534008979797,0.0036050109192729,0,0
12717,FALSE,6.06602334976196,1.00770270824432,2.97100043296814,1.42238867282867,0.00479713687673211,-0.0263040997087955,0.194429298280672,0,0.12220062630098,0,0.0686047380270926,0,0.00129724819683564,0.61346808919442,0.981614708900452,0.00303623243235052,0.00159998192886626,0.106478257312889
12802,FALSE,5.14970588684082,0.721601605415344,0.909673929214478,0.84436309337616,-0.096116691827774,0.332478761672974,0.0199568244116352,0,0.619534178322186,0,0.341211441462385,0.0192975558037941,0,0,0.886584281921387,0.0712041184306145,0.000227303584897276,0.0354749928152409
12859,FALSE,8.80623340606689,8.61687850952148,4.28466844558716,5.33384704589844,0.217466965317726,-0.0252238102257252,0.156105962591869,0,0.372715037943969,0.000242967472247314,0.346263433933888,0.050299690258592,0.0187333566548003,0.0556395511446349,0.975736260414124,0.00920082163065672,0.00641667196890258,0.210113585630939
13006,FALSE,16.9155235290527,1.11094176769257,0.69903552532196,0.930018305778503,0.00960234366357327,0.386191993951797,0.134551719032535,0,0.51303963841665,0.011680025632002,0.111706230774428,0.00336966302774509,0,0.22565272311664,0.807856380939484,0.156571969389915,0,0
13020,FALSE,280.289398193359,56.9581489562988,24.9041404724121,6.52017593383789,-0.379379451274872,-0.123957522213459,0.895846237522916,0.00950603949850106,0.0940958230164322,0,0.000551899962150695,0,0,0,0.420824974775314,0.12874236702919,0.278568393365363,1.09959685464141
13051,FALSE,48.9672088623047,9.17839050292969,4.95793533325195,4.20952463150024,0.232110589742661,0.392610758543015,0.0465619137405617,0,0.834543847942921,0.101593079605425,0.0161535304891187,0.00114762822197367,0,0,0.739559292793274,0.131845027208328,0.207702082319274,1.2362344978705
13052,FALSE,54.364933013916,20.3970203399658,9.99545669555664,7.02842569351196,-0.261406689882278,0.414957672357559,0.351689896169961,0,0.606769847681494,0.000348451467106402,0.0408433532143318,0.000348451467106402,0,0,0.624911963939667,0.186522379517555,0.0262745844121268,0.368791466483528
13078,TRUE,357.73828125,84.5297470092773,17.9659385681152,6.65792798995972,-0.0261649694293737,-0.0704933926463127,0.319186917761372,0.0144541693525723,0.665897007577519,0.000326413321643451,0.000106930821248945,0.0000244809991232588,0,0.00000408016652054314,0.141210794448853,0.083391971886158,0.0724561678881579,0.370904651105465
13101,FALSE,449.846252441406,86.7349166870117,20.815185546875,9.29793834686279,0.469530135393143,-0.103829547762871,0.875836546685365,0.0373447484281056,0.0844784639298704,0.00022296620256464,0,0.00106519841587093,0,0.00105207633822357,0.0333471111953259,0.0237490218132734,0.703356868944069,0.0443221182585719
13181,TRUE,71.452392578125,41.8883247375488,6.83239459991455,6.27665615081787,-0.108978323638439,-0.523573994636536,0.34994845904676,0,0.615227153465266,0.00486209842575701,0.000995833812716886,0.00251711441164937,0,0.0264493408378504,0.138864308595657,0.158350303769112,0.993220597541017,0.544700724015061
13243,FALSE,244.059371948242,29.2568511962891,20.6970500946045,8.66748046875,0.0676665529608727,-0.208472371101379,0.877432236178385,0,0.122063027933646,0,0.000504735887968774,0,0,0,0.528436899185181,0.157726764678955,0.00747888858101663,0.212410729535799
13259,FALSE,559.786682128906,88.0137710571289,15.5145149230957,6.15994834899902,0.668583929538727,0.300886899232864,0.937915220364269,0,0.0620471719815145,0,0.0000376076542166209,0,0,0,0.165290713310242,0.0783995017409325,0.0469774398843476,0.391317216754418
13326,FALSE,59.3862686157227,3.24723196029663,2.79120445251465,3.41308903694153,0.0578233674168587,0.26862421631813,0.265970246031018,0,0.174849737229142,0.0460838428247898,0.153747493251258,0.00275782198830213,0,0.35659085867549,0.942973494529724,0.0375650376081467,0.213604149394757,0.941328795907871
13404,FALSE,60.9589233398438,20.5281772613525,14.4579706192017,8.06668567657471,-0.369506388902664,-0.287488639354706,0.753127786037884,0,0.22467696343134,0,0.0221952505307759,0,0,0,0.72148060798645,0.159729167819023,3.28027276245659,2.5143162285958
13421,FALSE,6.40907430648804,1.83934414386749,1.32461524009705,1.00893115997314,-0.0661488771438599,0.0549607090651989,0.417779407321222,0,0.40425092301131,0.0982219692888152,0.0797477003786525,0,0,0,0.909680843353271,0.0971120595932007,0.00166412632817215,0.107172640469798
13478,FALSE,78.5356063842773,32.17919921875,10.9694890975952,5.7224588394165,-0.672237575054169,-0.253584414720535,0.54151697276836,0,0.416220849680482,0.0384793680370735,0.00378280951408407,0,0,0,0.387756168842316,0.169063940644264,0.260365679573487,1.11784502293565
13530,FALSE,8.03031444549561,1.36982011795044,1.52892529964447,1.72119915485382,0.142602145671844,-0.118618346750736,0.367693492801857,0,0.511068745660256,0.0286062757970296,0.0919957907231457,0.000635695017711769,0,0,0.968186438083649,0.00972319301217794,0.386943833166808,1.52586504762042
13532,FALSE,26.5251426696777,2.57973623275757,0.717361211776733,0.922999501228333,0.193696394562721,0.0458488874137402,0.553602928522949,0,0.297243485196155,0.00371060197478152,0.131425154623607,0.00824578216618115,0,0.0057720475163268,0.944269120693207,0.0387501083314419,0.000759493014751606,0.0704176085457406
13550,FALSE,37.5929374694824,1.28329253196716,0.857612192630768,1.18600213527679,-0.0668956190347672,0.106899634003639,0.54375440241919,0,0.329877150236767,0,0.120850868241492,0.00441406328204098,0,0.00110351582051024,0.971532166004181,0.00246217986568809,0.000613202570472245,0.0627430033634918
13556,FALSE,81.4633865356445,25.1218700408936,11.0298700332642,4.8021092414856,-0.0206747744232416,-0.295900493860245,0.0625423371469804,0,0.912024067089789,0.00132142628094068,0.023960987769809,0.000151181712480531,0,0,0.68908166885376,0.190098538994789,2.48706533689171,2.39856279305311
13559,FALSE,76.4024505615234,10.2783117294312,6.10111093521118,5.07776165008545,0.426883399486542,0.167936608195305,0.382115361485941,0,0.564740407082442,0.000940077991866154,0.0389626822780093,0.000284762820682609,0,0.0129567083410587,0.893580377101898,0.0732011124491692,0.0398548202775494,0.556266734873392
13762,FALSE,9.96823883056641,3.76148009300232,4.47382688522339,2.63289070129395,0.0932488217949867,0.150652930140495,0.0113166653273657,0,0.971732903877392,0.00383781854440466,0.00398781356305971,0,0,0.00912479868777748,0.528263628482819,0.195041298866272,0.0697610537563761,0.418027772913192
13850,FALSE,1.39293384552002,0.822612226009369,1.42360270023346,1.78260767459869,-0.0364867076277733,0.444562762975693,0.111190387485984,0,0.0903741299795457,0.00000855341356801987,0.0975648514965704,0.00102303457828085,0.00903680544148084,0.69080223760457,0.9611656665802,0.0290026944130659,0.0159201137302776,0.202457623193395
13861,TRUE,283.226501464844,98.3015899658203,20.2395439147949,7.49815082550049,0.0728064104914665,0.071954533457756,0.744717378318488,0.00944564108774987,0.236990805848687,0,0.00128588741434366,0.000219473326911709,0,0.00734081400381907,0.208750113844872,0.133686855435371,0.106543211960816,0.364347948182022
13862,FALSE,11.6450548171997,6.13787889480591,6.30364942550659,5.48093605041504,-0.152832418680191,0.101558037102222,0.656211141887296,0,0.289988208187717,0.0162970219477916,0.0375036279771956,0,0,0,0.806037187576294,0.146881446242332,1.198215859738,2.58394517193572
13945,FALSE,59.5488967895508,13.6396656036377,13.0444316864014,5.67414045333862,0.123105637729168,0.277043908834457,0.944918619552445,0,0.0381036497213328,0,0.016977730726222,0,0,0,0.814327895641327,0.152300208806992,0.000808666443616734,0.0701641100326751
13977,FALSE,180.119552612305,39.7221794128418,14.6164016723633,7.83937215805054,0.218741998076439,-0.0366144329309464,0.550325941502376,0.026853017357773,0.420002655666559,0,0.00272335367495636,0.0000950317983355928,0,0,0.356241315603256,0.180869489908218,0.0394554085779663,0.357396558558675
14017,FALSE,5.67436933517456,6.3856897354126,4.90626955032349,3.84604239463806,-0.137158155441284,-0.00984779838472605,0.0192362193142845,0,0.843535478014107,0.00718192984157866,0.041878687422991,0.0237259779920125,0.0221394335002537,0.0423022739147722,0.807886242866516,0.205345094203949,0.000366906465506814,0.0470666344420074
14062,FALSE,100.057968139648,33.0714149475098,19.8310108184814,6.78658819198608,0.00811115838587284,0.120950989425182,0.739656728885047,0.0199899303626346,0.22663830074268,0,0.0137150400096386,0,0,0,0.550110459327698,0.238297581672668,0.0310461394545878,0.458380534910819
14075,FALSE,5.90096950531006,6.46027803421021,3.72235822677612,3.97226405143738,-0.0703046023845673,0.136514753103256,0.2688817077895,0,0.371075010679016,0.00968168274699537,0.233352446221455,0.0469875760452229,0.00193634841192032,0.0680852281058908,0.816076636314392,0.200062826275826,0.000228444410702118,0.0371390431492025
14122,FALSE,67.708610534668,36.5617904663086,23.9030246734619,8.4123592376709,0.462742984294891,-0.591199159622192,1,0,0,0,0,0,0,0,0.349089562892914,0.046591978520155,0.304703518960587,1.00748571225764
14159,FALSE,29.3724937438965,1.03953421115875,1.4492871761322,1.28974843025208,0.190145999193192,-0.0424751825630665,0.480617199942154,0,0.301144489746094,0.000504697018400458,0.199059823612535,0.00403757614720366,0,0.0146362135336133,0.97250884771347,0.00670164730399847,0.215860092925755,1.15120452277773
14204,FALSE,83.2596969604492,29.4291667938232,9.74602699279785,8.27560806274414,0.205562561750412,0.191135048866272,0.0371426626261654,0,0.801933361319343,0.0480239193668376,0.0139622642793715,0.00232076296137854,0,0.0966170294469037,0.349102079868317,0.172884494066238,0.0435493897338893,0.508154791737466
14331,FALSE,156.119430541992,29.6150512695312,24.0853099822998,5.94942092895508,-0.387235701084137,0.476494342088699,0.549157813326209,0.185561609744116,0.250889515117787,0,0.0143910618118877,0,0,0,0.929689407348633,0.0265092197805643,4.16057520451828,3.0659604105534
14337,FALSE,124.560081481934,26.6265487670898,22.976110458374,6.01777124404907,0.438864648342133,0.159258559346199,0.808555614142466,0.00433324241101149,0.185674987710398,0,0.00118125912371204,0.000254896612412441,0,0,0.661669373512268,0.176999360322952,1.17140493213637,2.46990558868298
14487,FALSE,620.701110839844,50.396427154541,22.4057540893555,7.91759967803955,0.174099683761597,-0.042758796364069,0.991272263426005,0.000630550193689658,0.00797107634156773,0,0.000126110038737932,0,0,0,0.214076563715935,0.0596650093793869,0.0110585969811796,0.186651417571559
14504,FALSE,416.679626464844,101.16219329834,18.2087574005127,9.66964244842529,-0.172864019870758,-0.0692702457308769,0.988082888349027,0,0.011262896432076,0,0.00062371703570917,0.0000304981831873906,0,0,0.203006997704506,0.110668145120144,0.00809300332850976,0.1167893201063
14545,FALSE,62.8192939758301,0.887704074382782,1.41539859771729,1.23566710948944,0.0183384567499161,-0.109311603009701,0.406581540716626,0,0.39596917109764,0,0.191079338998541,0.00636994918719323,0,0,0.976249158382416,0.00494593847543001,0.0404281381759031,0.536502006691593
14563,FALSE,83.68994140625,18.7048244476318,16.9551467895508,5.5757360458374,-0.433275401592255,-0.273316740989685,0.640578987337139,0,0.358033398582848,0,0.00138761408001287,0,0,0,0.659594893455505,0.158026546239853,0.228300302466171,1.12888909907131
14639,FALSE,252.086822509766,46.5000648498535,20.5672264099121,8.00204658508301,0.756522238254547,0.000818299653474241,0.958942208071735,0,0.0382234763620371,0,0.00283431556622766,0,0,0,0.337903052568436,0.0902518033981323,0.269407285514278,1.17593836449505
14690,FALSE,23.4882965087891,15.4525279998779,3.66460728645325,3.0377504825592,-0.0256847888231277,-0.140631899237633,0.612486155625917,0,0.149449107936039,0.0426566118844604,0.161958602226854,0.00447411152954236,0.0269704518142625,0.00200495898292426,0.836767017841339,0.149018049240112,0.198438999174667,1.0955882388178
14720,TRUE,92.2809829711914,22.2924766540527,3.32861542701721,5.16480207443237,-0.0694420114159584,-0.0710998103022575,0.323835528225626,0.00745158979975752,0.523273768070608,0.0376303002737245,0.0219547099494697,0.0020977398996152,0.000077098893529308,0.08367926488767,0.580823957920074,0.259860157966614,0.0346286075061741,0.348697818215654
14758,FALSE,114.197227478027,1.554891705513,1.41099965572357,1.29403269290924,-0.381052225828171,-0.152739316225052,0.226002217673765,0,0.533788458962166,0.000273121603698414,0.239246691969963,0.00068950979040721,0,0,0.966086208820343,0.0173356104642153,0,0
14914,FALSE,105.120635986328,14.1863555908203,5.551100730896,3.44949555397034,0.0226230397820473,-0.430529087781906,0.118047756797693,0,0.856021253188866,0.0157132881521414,0.0102177018612998,0,0,0,0.267539769411087,0.0666395053267479,0.0159259653297853,0.165049704245376
14942,FALSE,1.74269676208496,1.06180477142334,1.51701188087463,1.31908679008484,-0.0523024536669254,0.0945825576782227,0.664552113474809,0,0.309059436312192,0,0.0227451247032209,0,0.00364332550977771,0,0.911870121955872,0.0443170368671417,0.0264169290758306,0.380528734424275
14996,FALSE,18.5697975158691,1.73246455192566,1.25910627841949,0.921143174171448,0.133688062429428,-0.439592987298965,0.187924114284761,0,0.576000909309169,0,0.221300785790649,0.0142887434573124,0,0.000485447158108028,0.963948607444763,0.0184080637991428,0.735768559955674,2.12947361521891
15030,FALSE,75.6472015380859,5.2547812461853,3.62162041664124,3.58080840110779,-0.38560488820076,0.0416163504123688,0.276581332927696,0,0.479167410493922,0,0.239831215052666,0.00412537209066922,0,0.000294669435047801,0.899773359298706,0.0545217879116535,0.049249945991229,0.628595628173129
15036,FALSE,44.0318222045898,26.6213626861572,9.18706893920898,7.58590841293335,-0.334402799606323,-0.555352330207825,0.195690998395552,0,0.797442177458079,0,0.00211488032928029,0,0.00231277503210167,0.0024391687849869,0.24962967634201,0.173092529177666,0.831674650722435,0.484079172430395
15087,FALSE,3.45108103752136,0.623058021068573,1.08022594451904,1.23575460910797,-0.00717890961095691,0.352450221776962,0.0205940085447174,0,0.752317556803734,0.000493830013094529,0.158651538377485,0.0612801447848117,0.00194500248242746,0.00471791899372978,0.862296640872955,0.0711576342582703,0.138655037359256,1.08865194883517
15119,FALSE,43.6296005249023,0.928745269775391,1.0990161895752,1.03951132297516,0.343157738447189,-0.0842851847410202,0.716347640388932,0,0.118341337886894,0,0.165311021724174,0,0,0,0.9317706823349,0.0204778872430325,0.177346934484382,0.910883128869222
15150,FALSE,180.487716674805,48.750675201416,23.1988277435303,8.73002052307129,-0.171024262905121,0.165036752820015,0.979366274045391,0,0.0206103044423394,0,0.0000234215122701105,0,0,0,0.41251614689827,0.17719478905201,0.435026937267325,1.364838270121
15183,FALSE,243.303817749023,76.8890609741211,27.1881008148193,11.2976016998291,-0.000718746450729668,-0.0376261919736862,0.719740046045598,0.0841549103893691,0.188669168564865,0,0.00743587500016739,0,0,0,0.299193263053894,0.178715080022812,0.381545939208481,1.02995229483088
15212,FALSE,450.552978515625,50.650634765625,19.0541286468506,6.6805272102356,0.613846838474274,0.0662242993712425,1,0,0,0,0,0,0,0,0.178966134786606,0.0703458487987518,1.40557590964134,0
15246,FALSE,32.297477722168,10.90465259552,7.34585666656494,7.07990884780884,0.245499894022942,0.491580188274384,0.438108142609649,0,0.162896429661722,0.00248534624478398,0.0889342335089265,0,0,0.307575847974918,0.878180503845215,0.0862382724881172,0.0217806622912995,0.39737884955586
15302,FALSE,7.75609064102173,0.622454285621643,0.911184072494507,1.00127005577087,0.0230457279831171,0.369955271482468,0.347352335373294,0,0.208314332253077,0.132963490674621,0.308055747910807,0.00331409378820074,0,0,0.981853425502777,0.00353728793561459,0.796905480614096,2.19624137482623
15353,FALSE,125.792945861816,53.0724639892578,14.2264699935913,8.74695491790771,0.110786944627762,-0.0305524468421936,0.349765673787061,0,0.632672478468688,0.0141523086872039,0.00340953905704748,0,0,0,0.377277970314026,0.13822466135025,1.0277900385815,0.64098807181345
15367,FALSE,124.546722412109,0.970759212970734,1.81346786022186,2.22732663154602,0.0887154713273048,-0.360080122947693,0.500667945295411,0,0.413854884579825,0,0.0854771701247647,0,0,0,0.82094931602478,0.096525065600872,0.000702929623216631,0.0645220895448226
15376,FALSE,41.3840293884277,1.72587621212006,0.784020364284515,1.19210910797119,-0.00727794459089637,0.20526160299778,0.249258204790336,0.00514979938004199,0.0602953201725887,0.677591230954133,0.00575430233595711,0.00195114236694387,0,0,0.561855137348175,0.10488086938858,0.0578880928547057,0.172964896335152
15398,FALSE,11.5966491699219,18.0183696746826,4.70825004577637,6.30945110321045,0.00648585567250848,0.730557382106781,0.316283181292142,0,0.117015906898438,0.00564835093935531,0.000947268210105523,0,0.0941311828842181,0.465974109775741,0.494016289710999,0.154830113053322,0.00381893759874227,0.135857377087635
15481,FALSE,3.79707908630371,1.20860278606415,2.83218359947205,2.73582887649536,-0.116716235876083,-0.0801238343119621,0.00855502694014182,0,0.619091767892986,0.00948889897030499,0.228754477032927,0.0858161551834389,0,0.0482936739802013,0.911770939826965,0.109452426433563,0,0
15523,FALSE,28.4287662506104,17.7820510864258,14.0044612884521,5.94508647918701,0.034804318100214,-0.0725725367665291,0.570881709913173,0,0.429118290086827,0,0,0,0,0,0.315774321556091,0.125865623354912,0,0
15586,FALSE,131.975463867188,6.70371294021606,4.29156160354614,4.73710632324219,-0.305623024702072,0.261615604162216,0.11470785735604,0,0.338697639910841,0,0.542132637136595,0.00446186559652316,0,0,0.965669214725494,0.0139609985053539,0.00077523550968162,0.0712647538832947
15608,FALSE,382.074462890625,91.8986587524414,22.8305530548096,8.88038063049316,0.163059577345848,0.177214115858078,0.50460398902197,0.0353395895379929,0.45175647897629,0,0.00735729837007644,0.000942644093670786,0,0,0.112899698317051,0.12727577984333,0.00798940028033417,0.0820540316807208
15618,FALSE,2.52263379096985,0.508059978485107,0.778625547885895,0.842306017875671,0.0015021818690002,0.417195558547974,0.0124427840268207,0,0.751333073071141,0,0.233563845833337,0.00266029706870092,0,0,0.97520500421524,0.00978319346904755,0.0817149069506099,0.746727673682661
15684,FALSE,174.86979675293,44.8575248718262,18.3625354766846,8.62079620361328,0.145946308970451,0.0511670298874378,0.320218475040372,0.00899004986988284,0.66325235092373,0.0000274878287106998,0.0075116363373042,0,0,0,0.305913627147675,0.166266411542892,0.0788706035417329,0.226871945637171
15693,FALSE,184.477981567383,6.37592792510986,5.29400157928467,4.69812774658203,-0.373037546873093,-0.0387031994760036,0.511284193717744,0,0.299996771942564,0.000522070831176221,0.164214033356133,0.010931159372977,0,0.0130517707794055,0.857849717140198,0.14436337351799,0.000464508930236256,0.0550953509376297
15702,FALSE,108.227951049805,32.798511505127,18.8069648742676,10.0121850967407,-0.160969823598862,-0.0884323120117188,0.920069868256971,0,0.0480732208922481,0,0.0308176590528251,0.00103925179795584,0,0,0.938319861888885,0.0436193905770779,0.17829617119418,1.09457986917539
15747,FALSE,3.3211522102356,2.1344039440155,2.40331721305847,2.55071067810059,0.0840555801987648,0.0999269112944603,0.219787363086705,0,0.33700251521051,0,0.167020078189072,0.114732384813029,0.0212439153573755,0.140213743343309,0.752956092357635,0.169797122478485,0.00840031632024245,0.202198862911019
15770,FALSE,139.752960205078,17.9785747528076,13.3560390472412,5.89864683151245,-0.25429755449295,-0.0839526578783989,0.0970370758868713,0,0.885087747281472,0.00140344432793653,0.0159103547725453,0.000561377731174614,0,0,0.742757081985474,0.153883725404739,0.316433844588146,1.45038492139494
15804,TRUE,183.996932983398,80.3674621582031,19.1217231750488,8.57961368560791,-0.277497291564941,-0.198899060487747,0.300312016944383,0.00235136696582386,0.696419660854979,0.00046758455095613,0.000449249587851835,0.000000121096006250765,0,0,0.219248786568642,0.0970662832260132,0.00393752496214053,0.0890194089355029
15882,TRUE,320.128662109375,155.098205566406,15.7187261581421,9.19322299957275,-0.248787358403206,-0.266375660896301,0.115543787717694,0.0031470572480727,0.860132751823293,0.00536402977455655,0.00750176525222526,0,0,0.00831060818415851,0.265270560979843,0.123006798326969,0.427287265143875,0.554152012650386
15886,FALSE,15.0554027557373,2.80421423912048,0.578740298748016,0.78654807806015,-0.241026133298874,0.37408971786499,0.218044611038775,0.00305667175643962,0.575554186002706,0,0.202516622512042,0.000827908690036509,0,0,0.988072752952576,0.00224693864583969,1.82197592429004,3.25449118866573
15920,FALSE,154.350021362305,32.7441825866699,18.5454158782959,6.50211954116821,0.257603257894516,0.150764375925064,0.29623820517652,0,0.697973199342987,0.00442038008861994,0.00136821539187371,0,0,0,0.68300986289978,0.228795170783997,0.850374942480202,2.08221905234626
15977,FALSE,128.623962402344,10.8074073791504,8.85472583770752,7.75453186035156,-0.474154472351074,0.11948136985302,0.669445229581214,0.000478592077589626,0.135613058416944,0,0.00937536038184302,0.00130840174799227,0,0.183779357794416,0.34811332821846,0.0805715471506119,0.219636167576707,0.595634799522026
15980,FALSE,58.5261611938477,2.24040746688843,0.65234500169754,0.935236155986786,-0.0106298979371786,0.506796836853027,0.120986569990092,0,0.204973590489912,0.668080613345735,0.00594991587235907,0,0,0.00000931030190183719,0.483075171709061,0.101450718939304,0.000224382723615645,0.0294061428219254
15982,FALSE,132.848678588867,16.0235691070557,9.74223518371582,9.10709476470947,-0.274200618267059,0.238919481635094,0.529284450018107,0.0126623296506042,0.118115372526033,0.00358122645972231,0.0186663468184531,0.0000808166559468533,0,0.317609457871133,0.412321537733078,0.179458945989609,0.0184081739824865,0.190944889387449
15986,FALSE,261.176391601562,88.1333084106445,21.0681838989258,10.2428703308105,-0.247548326849937,-0.316535741090775,0.645474322629188,0.00361419526115431,0.311623553585063,0.000489762625369067,0.00403058333510374,0,0,0.0347675825641217,0.0963229835033417,0.0853748172521591,0.0867519681789498,0.377895726337704
15987,FALSE,187.839050292969,82.1778335571289,19.6222171783447,8.08123779296875,0.18231089413166,0.0867839232087135,0.821016852803491,0.000753990288155822,0.173055726124644,0.000958357186743134,0.0010045770213764,0,0,0.0032104965755895,0.176114931702614,0.188258051872253,0.373847876266074,0.93330557061406
16001,FALSE,209.822738647461,24.4210720062256,11.4735155105591,7.21590900421143,-0.282821834087372,-0.0382099561393261,0.799606797391173,0,0.192689934527794,0,0.00770326808103297,0,0,0,0.530936121940613,0.179377064108849,0.0182899394219468,0.276974065540135
16018,TRUE,512.227783203125,131.869033813477,25.793342590332,8.29079246520996,0.133912563323975,0.254237920045853,0.99204751701879,0.0039792279590093,0.00381285892626351,0,0.000160396095937013,0,0,0,0.151263937354088,0.0696665272116661,0.409331663708375,1.03772499087697
16029,FALSE,97.9119338989258,30.2437572479248,19.7245330810547,6.22913074493408,0.262704640626907,0.463163048028946,0.819785794726754,0,0.171261655396194,0,0.00895254987705125,0,0,0,0.650628328323364,0.169964358210564,0.290386633438628,1.19078518284013
16031,FALSE,52.7070541381836,22.8932323455811,17.9195213317871,6.16204500198364,0.0578670278191566,0.072222001850605,0.67061240264522,0,0.319447706053667,0,0.00993310389983692,0.00000678740127537262,0,0,0.840170860290527,0.108224056661129,0.00672276963193092,0.214118348092671
16055,FALSE,34.6801795959473,18.9498634338379,16.4358577728271,7.39003849029541,0.495748937129974,0.136774137616158,0.864359974161822,0.0247159593923499,0.0993720424207436,0,0.0115520240250847,0,0,0,0.677016198635101,0.119281195104122,0.566026935377805,1.6560604873308
16066,FALSE,42.6439628601074,17.8545074462891,17.0154724121094,5.00741577148438,0.0831360891461372,0.575629591941833,0.718522098274881,0,0.273748401138131,0,0.00772950058698825,0,0,0,0.744356572628021,0.0624000132083893,0.000756425147418828,0.0655950704337085
16073,FALSE,1.28597295284271,1.1449921131134,1.63718771934509,1.57954621315002,-0.0617851726710796,0.25931105017662,0.0643219109326605,0,0.371048270437638,0,0.00371304031467011,0,0.237155538644262,0.323761239670769,0.92462432384491,0.0599855668842793,0.00540403164663757,0.213681554284899
16075,FALSE,166.805328369141,59.6575889587402,27.0838241577148,7.02521991729736,0.0324566811323166,-0.0138035165145993,0.989578205706357,0,0.0103971489243371,0,0.0000246453693056794,0,0,0,0.226444706320763,0.0851579830050468,0.0199387932932882,0.363506888603873
16089,FALSE,60.9935417175293,20.5329685211182,19.000358581543,7.34679794311523,-0.198011964559555,0.355839908123016,0.810284315528011,0,0.187554641194009,0,0.00216104327798,0,0,0,0.764188706874847,0.20420204102993,0.000993809401186393,0.0764130479507611
16093,FALSE,62.3211898803711,23.8399085998535,21.2049045562744,5.50860166549683,-0.0205312147736549,0.217525348067284,0.509048026904985,0,0.48475141391538,0,0.00620055917963506,0,0,0,0.751977622509003,0.106460429728031,0.00127621073673351,0.0886936098256498
16095,FALSE,80.2172775268555,34.7187843322754,19.0342140197754,8.21197319030762,0.456196665763855,0.280563533306122,0.53316302521276,0,0.46683697478724,0,0,0,0,0,0.495226263999939,0.228918865323067,0.00335935755325671,0.147357838570495
16108,FALSE,59.4279289245605,3.07683157920837,3.31695914268494,4.72705364227295,0.0768861994147301,0.557463705539703,0.984550903489705,0,0.0105604308017001,0,0.00488866570859523,0,0,0,0.437664210796356,0.068385936319828,1.03066794153316,1.66425877098704
16111,FALSE,49.1260986328125,12.0165071487427,16.0062828063965,8.45003414154053,-0.234202891588211,-0.168196365237236,0.929992110165051,0,0.064913782430656,0,0.00509410740429256,0,0,0,0.925502359867096,0.0357036963105202,0.00309737573597926,0.144650723759457
16168,FALSE,1.93549907207489,0.43697726726532,0.706543803215027,0.895446002483368,-0.000376037030946463,0.628991544246674,0.0359406148277817,0.0123144212586358,0.866746336949252,0.000215727090066647,0,0.00395947378471753,0.0808234260895467,0,0.473257213830948,0.17287765443325,0.000157753287684403,0.031374782166976
16205,FALSE,114.353332519531,10.7290945053101,4.41885566711426,2.41085910797119,0.113123916089535,-0.307415097951889,0.811612580736498,0,0.0889623999532019,0,0.0894352990360833,0.0099897202742171,0,0,0.973955869674683,0.0151891047134995,0.00391442760543415,0.167211015586776
16263,FALSE,21.2243824005127,17.7274208068848,7.10878801345825,7.08595514297485,-0.622175753116608,-0.47184494137764,0.466768063474408,0,0.456783737201622,0,0.0038674691628084,0.0282217083043373,0,0.0443590218568249,0.764584064483643,0.145556807518005,2.14528311793675,1.79648793298569
16271,FALSE,4.27519178390503,4.93476724624634,2.86256957054138,3.59528231620789,0.0766861513257027,0.331904143095016,0.0804696156123832,0,0.290251744200102,0,0.227493932532259,0.00401743316496569,0.0231765999269496,0.37459067456334,0.983120560646057,0.005940574221313,0.0185290032874675,0.216708917718935
16273,FALSE,29.9365901947021,26.130558013916,6.239426612854,5.59600019454956,-0.408991873264313,-0.0431064330041409,0,0,0.973723793010767,0.0261943663243211,0.0000818406649119484,0,0,0,0.222826510667801,0.177085056900978,0.293653377479652,0.0399311606839262
16287,TRUE,443.881225585938,175.666213989258,20.2560405731201,8.31551647186279,-0.311517536640167,-0.0453362427651882,0.393571259771934,0.00998689825609884,0.59561750724155,0,0.000400594992931803,0.000406308997546361,0,0.0000174307399386139,0.0613801181316376,0.0665193125605583,0.112136681169137,0.200365846937575
16320,FALSE,96.2839813232422,17.3700942993164,14.7738943099976,4.73686742782593,0.108352601528168,0.415732055902481,0.229072797085726,0,0.768172954976973,0,0.0027542479373013,0,0,0,0.511716604232788,0.203569978475571,0.000391564348871837,0.0432126034239072
16322,TRUE,345.779449462891,88.7930526733398,15.6520729064941,9.52931308746338,-0.0537644922733307,0.116945616900921,0.763886650898045,0.000673816881687797,0.232862986730528,0.000193543809999534,0.0012686120712229,0.00000540296546617791,0,0.00110898664305039,0.137553051114082,0.0933679789304733,0.0492458273959964,0.404972502723305
16327,TRUE,364.797637939453,128.720520019531,19.2063522338867,8.96565723419189,-0.0377938933670521,-0.122216090559959,0.685470508049921,0.0182432549491738,0.296068551362869,0,0.000211469074508703,0.00000621656352728132,0,0,0.134945258498192,0.13495871424675,0.0655643149530265,0.188480002818553
16339,FALSE,23.7509212493896,1.99292743206024,0.669979572296143,0.916525483131409,0.112373113632202,-0.0542828850448132,0.00719856193320406,0,0.29595255474271,0.694460570304513,0.00238831301957251,0,0,0,0.602840304374695,0.17458501458168,4.21106469585747,0
16363,FALSE,29.3949127197266,4.74214601516724,1.81927788257599,3.76009321212769,-0.399744689464569,-0.193469032645226,0.175349104607049,0,0.583300570370039,0.150626704636579,0.0904639617517464,0.000259658634586417,0,0,0.713664770126343,0.177051231265068,0.0909955035872859,0.776789671786949
16376,FALSE,362.664916992188,38.8975448608398,23.6213607788086,9.01924228668213,0.256012141704559,0.297983705997467,0.996629614720288,0,0.00337038527971171,0,0,0,0,0,0.231368139386177,0.0817658975720406,3.60681889177368,0
16377,FALSE,68.912712097168,16.6274394989014,9.76934337615967,4.68881320953369,0.535463273525238,0.377552807331085,0.347933455476659,0,0.544450768147147,0.0788021128497717,0.0242962749045548,0.00451738862186752,0,0,0.86121016740799,0.070774033665657,0.026832223183234,0.186706577226113
16384,FALSE,349.453186035156,67.7568969726562,19.6432647705078,7.21821880340576,-0.266522347927094,0.179504066705704,0.678170891852852,0.0121653583330346,0.309113257168825,0,0.000155691472120312,0.000394801173167717,0,0,0.0299534853547812,0.0303536914288998,0.112508698628237,0.0219282476368271
16385,FALSE,20.235818862915,9.65095520019531,8.88134574890137,5.63937520980835,0.413839370012283,0.368063420057297,0.352890944324588,0,0.471735888926439,0,0.0521669463248433,0.116882547905994,0,0.00632367251813567,0.909795224666595,0.104880072176456,0.000888729214472078,0.0578886844148962
16401,FALSE,110.671760559082,14.3352060317993,9.60922813415527,6.21286010742188,-0.353451371192932,-0.358268588781357,0.0594153837707979,0,0.82301619009878,0.0118326335181053,0.0825667139860682,0.0230156410194518,0,0.000153437606796346,0.599496603012085,0.181544914841652,0.00677185611314207,0.0273955337449455
16413,FALSE,286.27197265625,154.857055664062,15.430591583252,9.81385707855225,0.279939770698547,0.453233391046524,0.896415461082398,0,0.0739299016257024,0.0237388728387165,0.00591576445318282,0,0,0,0.132077753543854,0.129763662815094,0.214320752344419,0.415577295460965
16441,FALSE,14.4300327301025,8.82204437255859,12.1538400650024,10.2189779281616,-0.0271526798605919,-0.365921080112457,0.623406253512445,0,0.136520312396375,0,0.0304440365408739,0.0982991604864744,0,0.111330237063832,0.812357246875763,0.108878545463085,2.11117460177052,2.57134161444267
16472,FALSE,313.263702392578,122.172218322754,20.9688529968262,8.37151145935059,-0.110696643590927,-0.401659429073334,0.541035710306757,0.00925656242533636,0.449519895513852,0,0,0.000187831754054518,0,0,0.11561768501997,0.0615326650440693,2.97325972679791,0
16477,FALSE,94.091064453125,20.6396961212158,11.3653059005737,6.25322484970093,-0.198061972856522,-0.288239687681198,0.585848487247809,0,0.388961267091863,0.000395248325977935,0.00455828304427942,0,0,0.0202367142900703,0.341532289981842,0.201058283448219,0.0805174182013185,0.605850189846785
16498,TRUE,337.412841796875,95.7454223632812,19.8368225097656,9.07827758789062,0.145346254110336,-0.265498101711273,0.85478508507367,0.0122218881352909,0.123825191305554,0,0.00346069324218346,0,0,0.00570714224330221,0.166384994983673,0.0899368599057198,0.00833364206063867,0.158025856426707
16510,TRUE,204.134094238281,143.585845947266,17.6005477905273,10.4939870834351,-0.307863622903824,-0.349407643079758,0.669581587075575,0.00753206967986764,0.314524992908168,0,0.0016351288399699,0.00399663327273194,0,0.00272958822368772,0.102522417902946,0.147284463047981,0.0657398622250687,0.255185850571691
16535,FALSE,245.31950378418,41.9705924987793,20.1060276031494,7.56464862823486,0.0731304287910461,0.0080943712964654,0.818460013357523,0.025229276112463,0.155913124696223,0,0.000397585833791697,0,0,0,0.227624520659447,0.0801170170307159,0.587544539929136,0.857242926464571
16543,FALSE,194.132461547852,53.8969345092773,22.0527973175049,7.39574098587036,-0.402393281459808,0.0960158929228783,0.75518214528044,0,0.244734650482389,0,0.0000832042371715826,0,0,0,0.18162028491497,0.140468314290047,0.0432478728044993,0.411066515539435
16569,FALSE,1.32510673999786,0.722161531448364,1.17997872829437,1.9834725856781,0.0897747799754143,0.441409230232239,0.680496082926781,0.133940220945176,0.0424743192373211,0,0.0618530934665275,0,0.080365414796744,0.000870868627451353,0.927385866641998,0.0147261144593358,0.123731097236141,0.861270700097971
16633,FALSE,81.8535690307617,51.7426300048828,21.4266948699951,8.54761600494385,-0.0262047462165356,0.0121400877833366,0.607265166917385,0.000160138250013981,0.362024741557473,0,0.0224391654325878,0.000552790159213641,0.000376774407917513,0.00718122327540905,0.104600794613361,0.0729397088289261,1.76473253078205,0.157340510773011
16642,TRUE,281.300079345703,92.5042266845703,18.3651218414307,8.488450050354,-0.1137305945158,-0.13143353164196,0.419119964958089,0.00170583014742304,0.577236075214104,0.000560880805402533,0.00101987705343385,0,0,0.000357371821547299,0.266298741102219,0.127301901578903,1.11022118859295,1.71914707444123
16651,TRUE,291.038299560547,87.4614181518555,20.4760208129883,8.40396213531494,0.428937554359436,0.130527466535568,0.96292863332159,0.000239774223134273,0.0368236384822053,0,0.00000795397307034916,0,0,0,0.140418127179146,0.0701001212000847,0.0924172756285671,0.658057847312197
16667,TRUE,298.520324707031,138.573471069336,20.1220607757568,9.66359043121338,0.111150123178959,-0.00135644269175828,0.858459543960358,0.0103577788872982,0.111348818317812,0,0.00184088239818503,0.0136785676568276,0,0.00431440877951918,0.192484483122826,0.164593458175659,0.410681025106034,0.58752323476538
16679,TRUE,284.655487060547,87.0376358032227,13.008225440979,7.91112804412842,0.203606113791466,0.0898545756936073,0.760726009904484,0.00223933035627956,0.232673786429032,0.0000434496006869613,0.000160250796297312,0.0000130934579943922,0.0000327336449859806,0.00411134581023916,0.183645367622375,0.0963599309325218,0.0652720885107444,0.291154937359108
16695,FALSE,110.072212219238,22.5631885528564,17.3371181488037,8.73948955535889,-0.193933397531509,0.117259241640568,0.871451913099789,0,0.0999412695417661,0,0.0283787520149251,0.000228065343519973,0,0,0.851939499378204,0.0754203274846077,0.000716662241336166,0.0669591052056365
16711,TRUE,154.655059814453,101.671737670898,17.6053619384766,9.52398204803467,-0.101794853806496,-0.119335018098354,0.669534477348859,0.00604794385079495,0.301378339841451,0.000194751731421382,0.00570177374772132,0.0024457367458734,0.00760305764707825,0.00709391908680088,0.167366772890091,0.158188596367836,0.367198492085646,0.698298417375611
16716,FALSE,35.4238929748535,28.8057861328125,10.7752714157104,10.2763614654541,0.107474684715271,-0.405160427093506,0.373675085197459,0,0.226823411239887,0,0.0422468079776138,0.32535975121967,0,0.0318949443653698,0.865304410457611,0.181117355823517,0.264802076864921,1.30157836602334
16720,FALSE,56.5809631347656,23.7103481292725,4.83350419998169,4.05299758911133,0.00390640646219254,-0.125842094421387,0.785497057002513,0.00008136777597314,0.119760803560488,0.000179009107140908,0.0816441740478879,0.0015233949075444,0,0.0113141935984531,0.812650620937347,0.174171760678291,0.0000539779341268479,0.020863385418273
16755,FALSE,21.6175689697266,15.4430341720581,6.20214605331421,7.34751653671265,-0.163534224033356,0.139345228672028,0.422502153845501,0,0.423195689386528,0.0310486462432082,0.0524580125394878,0.0019080168355104,0.0688874811497639,0,0.575414896011353,0.140502884984016,0.000199372134105422,0.0301888082271289
16777,FALSE,169.278244018555,55.131591796875,22.3785934448242,7.26479816436768,0.0797645747661591,-0.198457539081573,0.911978695506107,0,0.0868736984254922,0,0.00114760606840099,0,0,0,0.821076452732086,0.112599693238735,0.771552526963484,2.0070104223168
16778,FALSE,31.5413227081299,17.0965480804443,11.1715698242188,11.5429239273071,0.379429906606674,0.620213747024536,0.68101878421931,0,0.223928854185951,0.0011331944464914,0.0939191671482468,0,0,0,0.886338651180267,0.052287369966507,0.000728254790470277,0.0636886870473558
16780,FALSE,200.538650512695,50.8305130004883,17.7979278564453,10.3045234680176,-0.159200802445412,0.448955595493317,0.669510693091883,0,0.316507139703551,0.000363202563329619,0.0136189646412359,0,0,0,0.587754309177399,0.117845356464386,0.208394646188573,1.02608486569838
16789,TRUE,0.355089217424393,0.682193160057068,0.364486783742905,0.766181170940399,0.00167551811318845,0.772638499736786,0.00826744087355604,0.0185220484415224,0.265886237960915,0.0694774341544693,0.00413148714395496,0.000957462068673394,0.55144517922902,0.081312710127889,0.228519588708878,0.144066959619522,0.0409671768301008,0.311139239401887
16792,FALSE,109.077133178711,8.74460411071777,8.21597194671631,3.92195248603821,0.112778104841709,-0.355038702487946,0.0915541046481655,0,0.871929171883894,0.000653918441963422,0.0358628050259769,0,0,0,0.709316372871399,0.211401388049126,0.036252925498462,0.490037331840751
16796,TRUE,218.004531860352,53.8281593322754,19.5556392669678,8.40280914306641,-0.0382623076438904,-0.00572046730667353,0.914268540599455,0.000285121226380814,0.0823414571385281,0.00000515718264084056,0.00295016555641072,0.000149558296584376,0,0,0.275194078683853,0.112785615026951,0.418694125744408,0.487066720780806
16817,FALSE,74.1231384277344,8.0347146987915,8.01778030395508,7.47477722167969,0.122165590524673,0.376050174236298,0.584357773719381,0,0.409708596269132,0,0.00593363001148665,0,0,0,0.86034893989563,0.0693789422512054,0.14953558291999,0.988871887123297
16823,FALSE,18.438362121582,19.5622081756592,4.34249019622803,2.83341526985168,0.0392348542809486,-0.00440784636884928,0.59108432807453,0.0000691393865950954,0.189169125834244,0.00126489331433569,0.10543833050759,0.00764310384049075,0.0607440940647783,0.0445869849774366,0.941863179206848,0.0761394873261452,1.29325405189827,2.47192692284667
16824,TRUE,309.243103027344,184.93180847168,18.3874225616455,10.3615980148315,0.031187891960144,0.224144920706749,0.982561528256783,0.000519062537488781,0.0147371598684255,0,0.0020735373652759,0.000108711972026752,0,0,0.20111882686615,0.139412313699722,0.287177062881928,0.490667929636996
16826,FALSE,14.6331949234009,11.1841249465942,5.27997255325317,6.23909568786621,0.387983918190002,-0.141941085457802,0.503619281235689,0,0.342332470461435,0,0.0135675058284759,0.112411958163262,0.00095346459447427,0.0271153197166633,0.404215723276138,0.236584827303886,0.0011363359692869,0.075456981770591
16846,FALSE,8.01604557037354,5.60818910598755,3.45919227600098,3.97021746635437,-0.17411844432354,-0.359289199113846,0.17664641879709,0,0.439778481081542,0.0210112620933903,0.091100022452805,0.195059174409462,0,0.0764046411657113,0.711680233478546,0.162635400891304,0.122991396752172,0.505289791167973
16852,FALSE,17.0179634094238,0.460630863904953,0.447402477264404,0.86068856716156,0.0372615233063698,-0.473207950592041,0.134763300165723,0.00320388669953127,0.621999444439161,0.0637130550398179,0.17549216481091,0.000828148844857333,0,0,0.857532262802124,0.122396737337112,0.0742480690889735,0.542614040222725
16891,FALSE,98.056282043457,7.79631948471069,4.50361061096191,2.87103009223938,0.140619799494743,0.618382394313812,0.741690892738016,0,0.164374272036706,0,0.0939348352252785,0,0,0,0.693426012992859,0.203510880470276,0.208964369324194,1.12438939120133
16911,FALSE,33.7452697753906,3.31347703933716,2.24768996238708,2.25341153144836,0.275207787752151,0.221076935529709,0.367624351063738,0,0.306173661868398,0.00368662420622364,0.262384466472815,0.0067832755222956,0.00043372049484984,0.0529139003716804,0.971376061439514,0.0113291665911674,0.0668642973882667,0.687528127614967
16914,FALSE,127.694404602051,29.1690444946289,12.982608795166,5.89023447036743,0.0762051269412041,-0.0242201369255781,0.436853448403767,0,0.558357474242517,0,0.00414883362041937,0,0,0.000640243733297319,0.282688975334167,0.139869228005409,0.00461941581045938,0.122131275564291
16918,FALSE,155.800094604492,61.6674385070801,15.3742332458496,7.03570079803467,0.317299067974091,-0.0122402189299464,0.824660431372028,0.0265182546182851,0.118189430018279,0.000219383069573095,0.00812501623024509,0.00292559170726838,0,0.0193618929843215,0.226531833410263,0.146436601877213,0.0125490275471,0.151063990601901
16924,TRUE,575.132751464844,135.115249633789,21.5824489593506,8.03597736358643,-0.0353856310248375,-0.0100607816129923,0.647614700590521,0.0200410695264793,0.331199835183064,0.000313616996725723,0.000103003389233718,0.0000350238373936334,0,0.000692750476582222,0.0192327294498682,0.0166696719825268,0.00114286312652566,0.0272620841955351
16945,TRUE,417.883239746094,151.73030090332,25.1001415252686,8.44813823699951,0.298596322536469,0.0589987896382809,0.937015770198683,0.0327136411775508,0.0286542395615446,0.00009583499640384,0.00152051406581757,0,0,0,0.110365957021713,0.0790461525321007,0.701627084040433,1.04115046636663
16950,TRUE,1.32400178909302,0.771331489086151,0.750135600566864,1.08375155925751,-0.0109863877296448,0.566215574741364,0.00567942717348948,0.00235855934072636,0.259071464340409,0.0567065206043681,0.00364512783734795,0.000451208092434538,0.614076765483977,0.058010927127247,0.362151235342026,0.176585584878922,0.41790108466171,0.375421398550207
17002,FALSE,325.989135742188,49.4435348510742,25.5995998382568,8.35718822479248,-0.032598864287138,0.207244709134102,0.921478590037406,0,0.0778699162157592,0,0.000651493746834508,0,0,0,0.345859259366989,0.161302849650383,0.170685676546021,0.63658360005104
17005,FALSE,377.282104492188,128.905807495117,17.9379425048828,7.71014595031738,0.257312715053558,0.559233009815216,0.981023591962637,0,0.0158828624745914,0,0.0030935455627715,0,0,0,0.21602874994278,0.0938185527920723,0.0296723141704084,0.317343818258512
17018,FALSE,171.613357543945,69.948974609375,26.1029529571533,7.37565994262695,0.23370024561882,0.0380305126309395,0.967007827727174,0.00164136896703957,0.031182181868959,0,0.000168621436827474,0,0,0,0.218755200505257,0.14414931833744,0.0838447327541118,0.654522951050713
17025,FALSE,279.916961669922,65.6056289672852,25.0671062469482,7.86336183547974,0.418270140886307,0.232598900794983,0.908604754319731,0,0.0913952456802693,0,0,0,0,0,0.0992898866534233,0.0241398680955172,0.0157247891783938,0.226941137354148
17030,FALSE,135.160751342773,63.5902404785156,22.5800971984863,7.88882207870483,0.30513459444046,0.178695395588875,0.916938579509798,0.00012366926441552,0.0823581158533888,0,0.00000543099458150523,0,0,0.000574204377815909,0.180337637662888,0.110119521617889,0.0231530325411624,0.308879760991483
17046,FALSE,58.0776443481445,11.0985803604126,7.49821424484253,4.93702220916748,-0.260003209114075,0.00140500289853662,0.0157801780780606,0,0.784856869201476,0.0338471307890478,0.161038768979437,0.00447705295197861,0,0,0.874181568622589,0.0909273475408554,0.000267789797407515,0.0409290900638626
17064,TRUE,407.997985839844,145.249984741211,16.833812713623,8.43295764923096,0.316629856824875,0.486283928155899,0.927755220053843,0.0000112385197653711,0.0701583836407181,0.00120979176374033,0.000865366021933572,0,0,0,0.105619676411152,0.0488393045961857,0.174376520687574,0.629083654539904
17067,FALSE,139.016983032227,35.5132255554199,11.6600551605225,8.55094051361084,0.128448650240898,-0.0449287742376328,0.761761161775111,0.0144380888668123,0.210246883250755,0.00155317069718585,0.00291008060117572,0,0.00379156376077721,0.00529905104818249,0.232778742909431,0.11658526211977,0.490475165458351,0.702095376209972
17078,TRUE,5.23130655288696,1.3027948141098,0.338405787944794,0.790427565574646,-0.00424486119300127,0.7508744597435,0.0015672181179158,0,0.928064627989491,0.0395804910393737,0.000270584344244648,0.0220059840936244,0.00756193414675391,0.000949160268596891,0.178094103932381,0.111545599997044,0.47274271661174,0.25085352274524
17082,FALSE,7.90128421783447,5.01043748855591,4.06604242324829,4.71142959594727,0.233255878090858,0.0248219817876816,0.259677703618591,0.00147699627462758,0.521527494595047,0.0719805036956441,0.00404392957801501,0.0666143570261416,0.0031041340473061,0.0715748811646279,0.810515522956848,0.150946050882339,0,0
17088,FALSE,364.923431396484,60.3124465942383,18.4817962646484,9.82189655303955,-0.282987505197525,-0.354473888874054,0.972306216440751,0,0.0160811014721011,0,0.0116126820871476,0,0,0,0.464004665613174,0.170716762542725,0.474728435773796,1.42037283565839
17091,FALSE,3.5415244102478,7.51000452041626,2.24098134040833,4.71656942367554,-0.0692609772086143,0.512235403060913,0.0964280083011607,0.0158398878921631,0.606132067469698,0.0000937061042062134,0.0279620696482639,0.00134784679202042,0.247591250619166,0.00460516317332176,0.437542527914047,0.217220485210419,0.00711771557102333,0.183118809025198
17116,TRUE,656.137023925781,147.764007568359,18.7533721923828,9.72857475280762,-0.0162170771509409,-0.0306368693709373,0.438699302559337,0.00659623836547502,0.548601571159476,0.00224956382468609,0.000970469263633823,0.00000145964353369821,0,0.00288139518385843,0.0979028418660164,0.0752037540078163,0.162785098956053,0.268491821267308
17128,FALSE,89.9667129516602,26.023416519165,14.560320854187,5.6526665687561,0.328941285610199,0.0476998202502728,0.91523689813683,0,0.0643634325115106,0,0.0203996693516592,0,0,0,0.754111349582672,0.142461612820625,0.200895322910873,1.20561846174774
17154,FALSE,48.1673583984375,3.44789099693298,1.33072924613953,1.53602635860443,0.299620479345322,0.727286577224731,0.179466380825088,0,0.655450919987985,0.0351809465839311,0.127210628594442,0.00269112400855428,0,0,0.772475004196167,0.13890178501606,1.01819056275474,1.54125424358282
17167,FALSE,32.1115531921387,3.20404243469238,2.98042035102844,3.40449976921082,0.0773594230413437,0.138755530118942,0.482878612440442,0.000219375235667364,0.28338675579663,0.0389742539201935,0.18194360795306,0.0125973946540078,0,0,0.852941274642944,0.126169890165329,1.16076395494449,2.5043357937789
17172,FALSE,126.77490234375,45.8418121337891,18.3998622894287,8.48197555541992,-0.0180789660662413,-0.328031569719315,0.833880175454546,0.0195996988294944,0.143196634837482,0,0.00332349087847775,0,0,0,0.340331673622131,0.193883672356606,0.00480254197375232,0.118187304875749
17175,FALSE,2.52576899528503,1.40090537071228,1.19123911857605,1.55244696140289,0.0219465643167496,0.401384860277176,0.0370493839291844,0.0847110451939357,0.571809149830168,0.0461253350795085,0.0605996004261063,0.00296441524073633,0.10188848048913,0.0948525898112309,0.516192197799683,0.150226727128029,0,0
17176,FALSE,240.925659179688,30.8486881256104,22.1435890197754,9.00656414031982,0.159184515476227,-0.425685346126556,0.99999823032273,0,0,0,0.00000176967727003231,0,0,0,0.46869683265686,0.143199369311333,0.199837876977541,0.899784853453333
17184,FALSE,160.746017456055,42.5652351379395,11.2400970458984,6.08199501037598,0.144123554229736,0.124232165515423,0.399600464260688,0.000860185190401706,0.597298013739386,0.000101198257694318,0.00198834116528926,0,0,0.000151797386541478,0.285358428955078,0.128230541944504,0.409869241016324,1.20971991998606
17188,FALSE,90.7438125610352,36.1676216125488,23.367826461792,8.60538864135742,-0.048701100051403,0.223402142524719,0.929609598574556,0,0.0697906339946634,0,0.000599767430780454,0,0,0,0.38151279091835,0.211737841367722,0.118063988566562,0.850729528199925
17191,TRUE,115.279174804688,56.0134925842285,13.6650533676147,6.54058504104614,0.17072506248951,0.249401390552521,0.0434424575700347,0,0.952955045222824,0.002770554852713,0.000418985959733726,0.000412956394694171,0,0,0.22332090139389,0.124460130929947,0.00091237605564078,0.0742678541943898
17194,FALSE,106.72730255127,21.3894386291504,14.1690034866333,6.04738998413086,-0.146972209215164,-0.298509806394577,0.178581779804221,0,0.799911702556294,0.00107444363932791,0.0204320740001572,0,0,0,0.827775597572327,0.113756336271763,0.000984059529438413,0.0807734859420782
17197,FALSE,138.802459716797,48.6884498596191,14.2143440246582,7.96646785736084,-0.00656862370669842,-0.325750559568405,0.582893571697933,0,0.3766968437527,0.00006994480863685,0.0403047242312394,0.0000349155094913293,0,0,0.65479975938797,0.176082774996758,0.273864352743402,1.19967514532272
17200,TRUE,383.699645996094,108.750633239746,19.8257026672363,8.01242065429688,-0.0992451086640358,-0.0685064718127251,0.422161846988336,0.000613524221459192,0.570819261618383,0.00578445643266453,0.0000399463805211428,0.000186183176724105,0,0.000394781181911414,0.0178705397993326,0.0164083074778318,0.000866944647995802,0.0117504201913238
17217,FALSE,66.4165420532227,6.94452857971191,3.64673447608948,3.028235912323,-0.261218726634979,-0.510875701904297,0.426688101904333,0,0.478334060439558,0.00122005563019964,0.09375778202591,0,0,0,0.946481466293335,0.0528745949268341,0.0591656609025128,0.601559569170592
17222,TRUE,323.105072021484,132.550277709961,18.8037586212158,7.99899196624756,-0.0982522442936897,-0.00336549337953329,0.680509151336157,0.00200218065701171,0.311052234767519,0.00624900035223496,0.000187432887077694,0,0,0,0.0976786762475967,0.0900698900222778,0.296177985925411,0.714709818953652
17230,FALSE,135.268356323242,51.9313316345215,16.3422050476074,7.17004585266113,-0.0211843270808458,-0.44267737865448,0.111755991480422,0,0.865893566347667,0.0134605071153125,0.00860753903660411,0.000282396019993993,0,0,0.293122708797455,0.166096419095993,0.121695462491649,0.671194956246912
17238,FALSE,18.9472389221191,2.62799191474915,0.629247069358826,1.37935137748718,0.073565773665905,0.115364626049995,0.309304761539394,0,0.520041316845744,0.0787195068155318,0.00000367141180715464,0,0.0751917423416493,0.0167390010458734,0.390394389629364,0.0584153309464455,0.466068633849518,1.0788789952136
17244,FALSE,38.979118347168,2.5993435382843,2.51174449920654,2.9747109413147,-0.00905859842896461,0.25834658741951,0.231137448791492,0,0.284673020284944,0.000990114257099213,0.225526582063076,0.00855863800879354,0,0.249114196594595,0.915296614170074,0.0746538713574409,0.00539115649481072,0.193112140889091
17247,FALSE,63.3466148376465,30.1882038116455,8.64714431762695,6.54199981689453,0.117120191454887,0.313058346509933,0.123561906260946,0,0.755792959112073,0.000537393640980762,0.00280482311840306,0.00121979794876252,0.000319128852010542,0.115763991066824,0.404620677232742,0.170801192522049,0.324462874525444,1.01271287759277
17255,FALSE,11.8796339035034,8.79616260528564,3.39664196968079,5.35806083679199,0.0117913223803043,0.226348266005516,0.283155892304433,0,0.255044713430991,0,0.0328544548515891,0.000421153974514036,0,0.428523785438473,0.780029535293579,0.242562532424927,0.000330722996936036,0.0465643595610979
17260,FALSE,47.6017570495605,8.34403610229492,6.09593534469604,4.70112037658691,0.506168603897095,0.345758438110352,0.697285512540946,0,0.13684160241025,0.0752436760998741,0.0539550050607623,0.000179714228637076,0,0.0364944896595305,0.549215197563171,0.15530800819397,0.674792626441392,0.869921636516354
17263,TRUE,185.928237915039,79.0031127929688,18.5355930328369,9.06508350372314,0.0463713929057121,0.0649697110056877,0.520919466988976,0.00099859560045267,0.203624893916618,0.00174908102688707,0.00665421870342086,0.0048625129899261,0,0.26119123077372,0.123640730977058,0.121401526033878,0.0624113199609258,0.224539169028107
17266,TRUE,245.504928588867,84.3635482788086,21.8963317871094,8.77252292633057,-0.0455664023756981,0.0356221124529839,0.715023098365783,0.00372722634770684,0.277280424922693,0.000462735590481435,0.00144628230509849,0.000304881567237605,0,0.00175535090099966,0.0569898635149002,0.0827157348394394,0.0135703044965731,0.111981592942264
17271,TRUE,461.484771728516,133.974182128906,23.0976867675781,9.68851947784424,-0.269228398799896,-0.0101554682478309,0.802596556446447,0.0307332159310498,0.16576050147695,0.0000283354435859223,0.00040437776165158,0.000446128363831862,0,0.0000308845764842794,0.0465210266411304,0.0498386062681675,0.000849568236049028,0.0378708735403913
17282,FALSE,5.76207065582275,1.00843322277069,0.454714119434357,0.792574346065521,-0.00450832070782781,0.297058939933777,0.34162167690529,0.0059044076331511,0.172053635645395,0.447254934633398,0.032840587581296,0.000324757601469839,0,0,0.780793607234955,0.121391102671623,0.0490497373285946,0.442271128164561
17303,TRUE,380.106994628906,95.7825546264648,22.6120662689209,8.77799320220947,0.0951344296336174,0.207989916205406,0.727481110117601,0.00492471019747601,0.265179024379202,0.000555283741456692,0.00182050365517844,0.0000306194848447066,0,0.00000874842424134473,0.161851033568382,0.094196505844593,0.454357940481499,0.939654965178178
17309,FALSE,225.855133056641,36.8760757446289,22.9681835174561,8.32208251953125,-0.265469133853912,-0.172132790088654,0.310157775777502,0.044526075540933,0.642984112644581,0.000392752441880268,0.00193928359510346,0,0,0,0.400487571954727,0.187919437885284,0.329556412688544,1.25548953139253
17321,FALSE,157.677825927734,21.5075969696045,8.42679977416992,7.31415414810181,0.168672308325768,0.191819041967392,0.713377168816882,0,0.286440318824528,0,0.000182512358589746,0,0,0,0.103818744421005,0.0437096804380417,1.74766929175063,0
17324,FALSE,21.7863159179688,1.08526206016541,0.619722247123718,0.838947296142578,-0.331358551979065,0.0184126440435648,0.33022806347033,0,0.580415552462028,0.00242694580939223,0.0863437198203629,0.000585718437886744,0,0,0.975191652774811,0.00185085483826697,0,0
17341,FALSE,191.424163818359,52.4844932556152,23.9552249908447,9.13224792480469,-0.0178375616669655,-0.331327080726624,0.96480315643918,0,0.0190150303266595,0,0.0161818132341601,0,0,0,0.651440322399139,0.199249401688576,0.0272003365023237,0.368957734736512
17342,FALSE,11.4356546401978,1.36142206192017,1.26079308986664,2.13496112823486,-0.155438378453255,0.526528179645538,0.291140520764468,0,0.536722351185474,0.114174829234299,0.0579622988157588,0,0,0,0.922606647014618,0.0527819842100143,0.00199898138133084,0.128511921838428
17344,FALSE,222.836547851562,52.674560546875,24.098108291626,7.64172554016113,-0.152198389172554,-0.0238976087421179,0.938313023353709,0.0108555431553181,0.0499465589153798,0,0.000884874575593108,0,0,0,0.480611056089401,0.194553598761559,0.108469182465384,0.757174839917868
17347,FALSE,0.0108173526823521,0.130721464753151,0.043907668441534,0.37417072057724,-0.00108661002013832,0.995364367961884,0.00948799857233574,0,0.27818022079863,0.706822013008773,0.00332752392865034,0.00149147672444441,0.000674677045565688,0.0000160899216008963,0.570745766162872,0.0895159021019936,0.219932084249714,0.452427391324623
17366,FALSE,236.234481811523,72.8812942504883,12.639497756958,11.2547235488892,0.109733119606972,0.114341206848621,0.553068460291232,0.00354510985783305,0.157391103940137,0.00511187987422247,0.0144114297578483,0.00329079112459801,0.000275372165729493,0.2629058529884,0.411546647548676,0.235022902488708,0.0820528930879459,0.539813481577004
17374,TRUE,974.228332519531,160.341918945312,27.3951740264893,8.2995023727417,0.0489473231136799,-0.137467086315155,0.501585371489414,0.0658699084656126,0.43066132805573,0,0.00161705372813794,0.000266338261105072,0,0,0.0802281945943832,0.090300440788269,0.0132272453281434,0.112005397304748
17380,TRUE,281.416198730469,68.5233917236328,19.3199405670166,8.9566011428833,-0.0523335859179497,0.0763331204652786,0.945800089577711,0.000605896937617467,0.00804605055540475,0.0000111375341825013,0.000521602362289498,0.000186647948227465,0.0000501189038212557,0.0447784561807463,0.105009280145168,0.0520407520234585,0.00472971674589233,0.0866444554200993
17396,FALSE,130.335083007812,55.5577201843262,23.517707824707,8.22796249389648,-0.142497658729553,0.117908298969269,0.501781047190994,0,0.49775081597585,0,0.000468136833155459,0,0,0,0.351564139127731,0.202285125851631,0.0118186206539972,0.175655562073698
17399,FALSE,702.985168457031,72.9951553344727,23.9239730834961,9.98891067504883,-0.0931397825479507,-0.239747270941734,0.864589368039873,0,0.135089703700921,0,0.000320928259205573,0,0,0,0.150250941514969,0.0972602888941765,0.0173301264466267,0.213767468589036
17410,FALSE,218.604202270508,102.882804870605,21.0436191558838,6.38842487335205,-0.452465444803238,-0.0467942915856838,0.478997961212668,0.000357644206327973,0.520254637951903,0,0.000389756629101012,0,0,0,0.227296069264412,0.133498191833496,0.116023320328157,0.732297302770564
17413,FALSE,29.5502548217773,1.3250720500946,1.44093608856201,1.68537425994873,-0.344225704669952,-0.575459480285645,0.885603149525432,0,0.102820071283882,0,0,0,0.0115767791906866,0,0.45243713259697,0.0632072985172272,1.00742528620262,1.61449729369405
17418,FALSE,106.036247253418,41.3265419006348,21.9031372070312,7.08369112014771,0.336773753166199,0.251622527837753,0.92329382942376,0,0.0753494581244573,0,0.00135671245178232,0,0,0,0.397274315357208,0.235262081027031,0.00282483716787354,0.13718492886316
17427,FALSE,638.387939453125,88.9233169555664,22.5643997192383,8.172119140625,-0.00669592386111617,-0.162289932370186,0.868185083747499,0.0009658078399517,0.130671158586808,0,0.000177949825740679,0,0,0,0.078385554254055,0.0434690229594707,0.512462619352344,1.16982576962313
17455,FALSE,441.891906738281,58.6570167541504,13.597918510437,7.97531509399414,0.0632060989737511,0.262404412031174,0.965940821315883,0.000394409236798998,0.0316864036866015,0,0.000795138050319898,0.00118322771039699,0,0,0.12810805439949,0.0648577734827995,0.0378346359006851,0.334718347177437
17460,FALSE,588.66015625,36.9033584594727,14.1538410186768,6.95102882385254,0.123193643987179,-0.412479192018509,0.682163247524596,0,0.317737018997158,0,0.0000997334782462037,0,0,0,0.245335474610329,0.0908813774585724,0.000711657965894391,0.0431795480156203
17463,FALSE,632.470275878906,40.4804840087891,14.8419895172119,6.57108354568481,0.747814953327179,0.208817854523659,0.776445994714849,0,0.223163300700797,0,0.000390704584354736,0,0,0,0.224980965256691,0.0828160718083382,0.0964568650920487,0.552951496188934
17470,TRUE,229.762634277344,133.354080200195,14.2712736129761,8.13425731658936,0.0892708599567413,0.139427199959755,0.114418577004718,0.00226685142759935,0.777452938996123,0.00750836938509795,0.00232235729786894,0.00215976625448875,0,0.0938711396341038,0.104340143501759,0.0791931673884392,0.0229423527886107,0.183662777999839
17490,FALSE,301.286102294922,109.288063049316,23.6886749267578,9.44292545318604,-0.0194707419723272,-0.00562627660110593,0.956515821720812,0.0116202505595137,0.0242899961405117,0,0.00744241114849897,0.00000937754280990671,0,0.000122142887853269,0.233855843544006,0.13281786441803,0.0552526205269725,0.418553996068623
17495,TRUE,277.281768798828,128.261688232422,26.2512588500977,7.81165552139282,-0.471878886222839,-0.190192684531212,0.472137018083283,0.0113967354897496,0.516393314447835,0,0.0000729319791325088,0,0,0,0.18274974822998,0.15851317346096,0.0104156611291491,0.208483301990422
17498,FALSE,11.6997365951538,1.16345262527466,1.3088241815567,1.03131437301636,-0.107408948242664,-0.205757454037666,0.209207529543129,0.00221434934642391,0.413995252887108,0,0.22934558885266,0.0154764076702387,0,0.129760871700441,0.970399260520935,0.00546524208039045,0.000135477232002067,0.0296626114575332
17506,TRUE,168.93473815918,38.8693199157715,13.0125150680542,6.53313684463501,0.015642499551177,0.233645290136337,0.0460267682861627,0,0.949471699162093,0.0029844574406283,0.000217467848092828,0.0000966523769301457,0,0.00120295488609315,0.210449114441872,0.135106474161148,0.00136738050950357,0.0249616526719037
17520,TRUE,249.814849853516,115.476615905762,22.3514747619629,7.95774269104004,-0.092728815972805,-0.0672319233417511,0.916517269988169,0.00207437859175025,0.0812926443270856,0,0.0000118673941533398,0.000100872850303388,0,0.00000296684853833494,0.0268882419914007,0.0176551397889853,0.00809596589625387,0.0989226706132845
17525,FALSE,314.959106445312,34.8649711608887,17.5076389312744,6.98787879943848,-0.228586748242378,-0.0277680289000273,0.242472467680398,0.00119934546322907,0.755389568667759,0.000938618188614054,0,0,0,0,0.181733161211014,0.0381304323673248,0.000334698102237716,0.013934972057599
17532,FALSE,146.787216186523,2.1428906917572,1.8500771522522,1.43039846420288,0.0765687897801399,-0.136809602379799,0.360603681238973,0,0.427380156771399,0.173442453581034,0.0360570555898992,0.0025166528186956,0,0,0.941222071647644,0.0293134357780218,0.433733265748665,1.66121449931509
17537,FALSE,23.361177444458,14.5552072525024,6.66854429244995,5.01777696609497,-0.314019441604614,-0.452731609344482,0.504361211843398,0,0.213162350708118,0.00116812769314986,0.0681266473190775,0.206307898539335,0,0.00687376389692213,0.564241409301758,0.161943554878235,0.0974625745892816,0.66142988110152
17550,FALSE,40.5836448669434,19.9832324981689,13.3643913269043,6.47898244857788,-0.601457238197327,-0.287749975919724,0.768374144706754,0,0.214890876773708,0,0.0164411203251902,0.000293858194346912,0,0,0.541584432125092,0.170584976673126,1.09535054112289,0.255682372269638
17569,FALSE,0.17515204846859,1.34436798095703,0.482744842767715,2.22891449928284,-0.0174747165292501,0.892061769962311,0.0171500468503462,0,0.945242941635696,0.0184251682416356,0.00254723291948764,0,0.0166346103528342,0,0.505532264709473,0.102279789745808,0.00735463067120167,0.19108525336294
17572,TRUE,0.328704476356506,0.853001117706299,0.530960142612457,1.51244878768921,0.00548637984320521,0.786699414253235,0.0249693283762663,0.000127124969677775,0.798981868220315,0.0103363291178269,0.00252423129690847,0.000219526956106079,0.0719473104691134,0.0908942805937863,0.508005678653717,0.13970747590065,0.0213682223797249,0.355481059029686
17586,TRUE,322.756103515625,145.993255615234,22.1007976531982,9.57967567443848,0.0690843835473061,0.0702498331665993,0.892487809221366,0.00098027735120776,0.0694143739981945,0.00000264729207896186,0.00150248949442255,0.00036900319551094,0.000000882430692987287,0.0352425170165263,0.103488847613335,0.0810352340340614,0.0820370540174677,0.241217635745568
17657,FALSE,180.706527709961,87.5032424926758,25.3095855712891,7.65036058425903,-0.227722063660622,0.280199319124222,0.800014949242652,0.0000219153630766833,0.199373542686756,0,0.000589592707515492,0,0,0,0.255118101835251,0.210766911506653,0.0425564882725017,0.510041329417054
17685,TRUE,616.131225585938,110.880683898926,23.6969032287598,7.8644757270813,-0.0121433371677995,-0.0293793324381113,0.690432306111892,0.0222837415797237,0.28615470158058,0.000547387909105187,0.0000330574316270197,0.000070308697038816,0,0.000478496690033064,0.0472324527800083,0.0263437461107969,0.984530252510254,0.608097066356227
17693,FALSE,6.14457130432129,3.81002950668335,1.55567181110382,1.65781390666962,0.0195225905627012,0.179030507802963,0.0167285897546319,0.000841168448794849,0.580723308171866,0.329151017222355,0.0256514694105658,0.0000895074800515367,0.0151401112372729,0.0316748282744616,0.520116746425629,0.158391028642654,0.0364693141697696,0.0980046418840491
17705,FALSE,99.1276168823242,31.7153606414795,19.9092235565186,6.79876565933228,0.210328429937363,0.340954780578613,0.922731137191983,0,0.0690600995206939,0,0.00820876328732337,0,0,0,0.445752888917923,0.192511960864067,0.497809805636756,1.70524783513222
17725,FALSE,0.487457454204559,2.23046278953552,0.990417003631592,1.47842824459076,0.20499324798584,0.467540085315704,0.0411452638563991,0.0172287926649198,0.163711037145637,0.020846021018936,0.0359789854336595,0.00739025632525573,0.153262967138392,0.560436676416802,0.724216759204865,0.171931460499763,0.00177568120509857,0.0821152011652795
17738,FALSE,136.885757446289,15.4730625152588,17.7402839660645,6.27448272705078,-0.0687644258141518,-0.0891743674874306,0.371115853776324,0,0.628884146223676,0,0,0,0,0,0.479997038841248,0.0975070148706436,0.000452592854960147,0.0375573891312968
17744,FALSE,28.2506656646729,4.21407699584961,2.53635621070862,1.90947377681732,-0.207490891218185,-0.137379735708237,0.719668420932505,0,0.231231171401176,0.000211093661658649,0.0476386710089978,0.00125064299566293,0,0,0.853587806224823,0.130221664905548,2.18149976266361,0.917948114232555
17793,FALSE,122.983383178711,23.8556499481201,14.2367506027222,5.76205444335938,0.185701057314873,0.47785222530365,0.0463960664508582,0,0.936391151418389,0.0158288123160604,0.00138396981469277,0,0,0,0.377459049224854,0.218311995267868,0.7207656849242,1.05116404559261
17806,FALSE,164.001113891602,7.97008466720581,8.41598033905029,4.50322771072388,0.563937604427338,0.487286329269409,0.574188656625966,0,0.411805259663667,0.00759529645767452,0.00641078725269211,0,0,0,0.255364030599594,0.0149885704740882,0.652102354016837,1.08129970970578
17811,FALSE,231.6962890625,11.3847827911377,6.02139186859131,2.26776909828186,-0.886207282543182,-0.298411905765533,0.857805641668155,0,0.0434962988257045,0,0.0975048188673411,0.00119324063879915,0,0,0.690673589706421,0.07528156042099,0.00627040858535726,0.148069716689051
17818,FALSE,97.1556701660156,28.4905033111572,10.319356918335,5.56452035903931,-0.176565617322922,0.212734237313271,0.645131059585231,0,0.286102893254791,0,0.0656699750590621,0.000948504068217685,0,0.00214756803269797,0.71612149477005,0.163275226950645,0.011624085680391,0.305476701822142
17826,FALSE,11.9367475509644,12.424186706543,9.59220409393311,9.00558948516846,0.331313937902451,0.523768126964569,0.477030964792536,0,0.20309820065523,0,0.0369071493291533,0.00100883756798352,0.000262055855867249,0.28169279179923,0.926286399364471,0.0520280264317989,0.0291901109977815,0.355988517564615
17830,FALSE,184.984893798828,114.922698974609,23.4836483001709,9.60895347595215,-0.036566961556673,-0.283797055482864,0.792741269372733,0.0152174963633931,0.169400958357072,0,0.00221010411916093,0.0153661617428991,0,0.00506401004474191,0.168448776006699,0.151686474680901,0.242995220883713,0.615305826331584
17835,FALSE,223.819229125977,32.9123725891113,15.0462169647217,6.62904739379883,-0.156515598297119,0.0269651748239994,0.996468984840115,0,0.0034908677955346,0,0.0000401473643501551,0,0,0,0.150306314229965,0.0702863708138466,1.85219826754209,1.25067606609561
17846,FALSE,214.495376586914,77.6477737426758,22.5130977630615,7.55034923553467,0.21642017364502,0.452182739973068,0.818054391817568,0.000469872205080918,0.181475735977351,0,0,0,0,0,0.247942984104156,0.086236372590065,2.73698536988405,2.18273390958895
17847,FALSE,82.7006988525391,14.093713760376,12.4244441986084,6.80456352233887,-0.0463808663189411,0.260995954275131,0.692308485375609,0,0.299596973770191,0,0.00809454085420039,0,0,0,0.428230166435242,0.143267661333084,0.000458757214962319,0.0410292632836251
17866,FALSE,134.284896850586,69.5422286987305,18.5171127319336,10.7487325668335,-0.304726749658585,0.0446055233478546,0.993083302800945,0.00382461131888077,0.00278501029484505,0,0.000307075585329418,0,0,0,0.17172546684742,0.127691343426704,0.81258205801145,0.988116039639626
17900,FALSE,30.5527629852295,32.6975021362305,12.6686553955078,11.0398635864258,-0.0513364039361477,-0.143173351883888,0.279740119844062,0.00102190901441894,0.525173248188838,0.000209618735823006,0.0303302334139461,0.00820256674947224,0.0035635185089911,0.151758785544449,0.707155704498291,0.200740501284599,0.116836685790425,0.828900627223098
17909,TRUE,383.444519042969,92.6014938354492,16.9955463409424,11.2335519790649,-0.230987638235092,-0.270146429538727,0.654057761206262,0.00173075363372233,0.323728020338812,0,0.000396343953955683,0,0,0.0200871208672482,0.0702167004346848,0.0658564791083336,0.00115753184899716,0.060146156365659
17912,FALSE,88.2974700927734,25.3589344024658,17.6023254394531,4.98774385452271,-0.255449920892715,0.618683815002441,0.899843921720752,0,0.0890497759807112,0,0.0111063022985369,0,0,0,0.893294095993042,0.0287781395018101,0.0353894519406445,0.309660253968557
17926,FALSE,167.218215942383,61.8364105224609,27.6755142211914,7.72686958312988,0.0353634729981422,0.327473849058151,0.993058047303339,0.000329866494691976,0.0063375156975325,0,0.000274570504436665,0,0,0,0.217138037085533,0.0937303230166435,0.0881566238801322,0.638027031889438
17946,TRUE,608.850036621094,120.770790100098,18.3842525482178,8.70621013641357,0.0829596444964409,-0.0944963842630386,0.0719734885861061,0.00119663772430303,0.925782853070865,0.00037777610262917,0.000382924071776968,0.000286320444319242,0,0,0.190319314599037,0.0318940281867981,0.0122144714060399,0.118956173881053
17960,FALSE,37.017276763916,18.2444496154785,12.5903720855713,8.58447933197021,0.0813219472765923,0.134176775813103,0.753912221274226,0,0.227878387906126,0,0.0182093908196478,0,0,0,0.882430374622345,0.0739004984498024,0.0334293470505874,0.474289138155326
17984,FALSE,71.4639282226562,24.006986618042,12.6647968292236,10.2656421661377,-0.312005430459976,0.11690166592598,0.432641785818112,0,0.557366515863809,0.00999169831807908,0,0,0,0,0.312132090330124,0.223514869809151,0.0249431386394861,0.376392861230859
17989,TRUE,628.642456054688,104.428977966309,20.6936092376709,8.92496109008789,-0.233913972973824,-0.119049794971943,0.73285871861647,0.00599636778567872,0.260180619176622,0,0.000846062185110698,0.0000497819941551933,0,0.0000684502419633908,0.102223686873913,0.0666851177811623,0.140433222233393,0.29427651586174
18012,FALSE,152.917922973633,14.8398513793945,9.87566184997559,5.5399284362793,0.0199456252157688,-0.325062185525894,0.130314535339757,0,0.84258967715723,0.0176916884047589,0.00940409909825458,0,0,0,0.771509170532227,0.0843764990568161,0.771509457711662,1.73208230880362
18016,FALSE,7.37024879455566,1.02728319168091,0.313526928424835,0.671661138534546,0.0382165424525738,0.438801229000092,0.00243459596162687,0,0.989128637204122,0.0070702028925583,0,0.00136656394169236,0,0,0.142028719186783,0.0942993462085724,0.245414183353597,0.731814439437618
18032,FALSE,167.880630493164,10.7988224029541,5.32551670074463,3.00991368293762,-0.197106137871742,-0.15340194106102,0.629983522843165,0,0.319767660170472,0,0.0502488169863633,0,0,0,0.930207431316376,0.0602670460939407,0.00485471688807282,0.135582757329658
18040,TRUE,510.303405761719,88.4734497070312,19.1206073760986,7.79605340957642,0.0938561707735062,-0.000914133270271122,0.568487502723261,0.000668680304832088,0.430417400426127,0,0.000274313714500166,0,0,0.000152102831279817,0.0877862721681595,0.0574086867272854,0.00273700054630352,0.0614884243786962
18056,FALSE,297.014129638672,73.4967651367188,16.2065753936768,7.90686941146851,-0.264064341783524,-0.381058901548386,0.345336248491056,0.104096978110269,0.525755048905096,0.000374781911926473,0.0200890877115837,0.00434785487006923,0,0,0.289808809757233,0.134422242641449,0.000140264232643239,0.00405899770511748
18065,TRUE,484.871673583984,194.053939819336,22.1979694366455,8.4957103729248,-0.0156094348058105,-0.0331158302724361,0.584097085775807,0.048975919538015,0.36612327754642,0.0000945381008729927,0.000655271597454442,0.0000539074414304407,0,0,0.119221292436123,0.0894219875335693,0.078977792707806,0.255313570045501
18069,TRUE,252.33512878418,146.472595214844,23.1447048187256,8.90348052978516,-0.273203492164612,-0.104991346597672,0.799069046350856,0.0159398810439712,0.180774807685592,0,0.00257031646590676,0.0012847080253529,0,0.000361240428320684,0.145166456699371,0.12173642963171,0.644884632963924,0.717271265532285
18076,FALSE,4.22263765335083,2.56537532806396,2.20166325569153,2.11857461929321,0.0445713549852371,0.121311336755753,0.0960299018483625,0.000259885682707586,0.636941586769382,0.000856368277140865,0.0158153773836102,0.00638741694218858,0.0862121941418193,0.157497268954789,0.426615238189697,0.199555113911629,0.0000621787873473417,0.014815224455142
18081,FALSE,9.62618637084961,4.96038246154785,5.01273488998413,4.18100214004517,-0.224816620349884,-0.133404821157455,0.657148652222831,0,0.156984408710279,0,0.0723364572473152,0.0790511695707009,0.000801194286189536,0.033678117962685,0.903687298297882,0.0460675470530987,0.00038541162271379,0.0495794273692091
18088,FALSE,5.39829874038696,4.11746597290039,3.72073864936829,4.5455846786499,0.11425169557333,0.326385587453842,0.960889534564832,0,0.0132784712605826,0,0.0155181637269204,0,0.0103138304476647,0,0.967732012271881,0.0208610948175192,0.602723725704875,2.12662404668429
18091,TRUE,191.425811767578,102.646263122559,16.4428615570068,7.39778614044189,-0.374849259853363,-0.108049437403679,0.348028732516363,0.000244851095562468,0.651329554589641,0.000025997467379706,0.000370864331053548,0,0,0,0.240780472755432,0.181306883692741,0.01222125452284,0.225775338380763
18095,FALSE,232.562118530273,27.5348033905029,21.8511600494385,5.42183876037598,0.24959409236908,-0.234488487243652,0.927884314173057,0.000723284588253055,0.0652971514807236,0,0.00609524975796647,0,0,0,0.818111300468445,0.0492357313632965,0.0336895900718748,0.516181086715001
18100,FALSE,31.9490451812744,11.5653171539307,7.12673091888428,7.14684820175171,-0.368454128503799,-0.0912702307105064,0.809397227746576,0,0.127344261740668,0,0.0227288046031969,0.017313513518755,0,0.0232161923908037,0.781520187854767,0.163359552621841,0.0876188921663773,0.760350494382603
18113,FALSE,132.766830444336,39.3902397155762,20.0026473999023,7.81385469436646,0.0886436104774475,0.209508046507835,0.539451406426663,0.000247716592800716,0.458971490958812,0.0000443656546931218,0.00128502036703089,0,0,0,0.353016436100006,0.207012787461281,0.59974316855409,1.53276323523812
18121,FALSE,166.888427734375,90.5959548950195,22.4385395050049,8.57201194763184,0.193341925740242,0.217398554086685,0.998770051794639,0,0,0,0.001229948205361,0,0,0,0.107400886714458,0.0263667609542608,0.0233181488578142,0.319315729105576
18134,FALSE,92.0118789672852,48.060359954834,21.9833297729492,11.6902198791504,-0.015933807939291,-0.734711170196533,0.457432787654537,0.0205236284808326,0.427528069765611,0,0.0327407729245581,0.0420246615629304,0,0.0197500796115314,0.556756317615509,0.234353467822075,0.019899981089463,0.363340309768077
18146,TRUE,347.939300537109,140.602142333984,22.8518676757812,10.5161571502686,-0.0897524133324623,-0.0589192919433117,0.856546165110819,0.00951384661297853,0.086141550553886,0.00000015784300706605,0.000452782966024338,0.0470250492158937,0.000049946855918688,0.000270500841472662,0.0675949826836586,0.0767522901296616,0.272822294589332,0.736294190615646
18154,FALSE,1.43285131454468,0.922930121421814,0.567734599113464,1.01059758663177,-0.0163741409778595,0.68829733133316,0.037368183809404,0.22630033690323,0.471613020837235,0.0283290726404865,0.00856186485369179,0.000656013911994719,0.115542412927579,0.111629094116378,0.371944963932037,0.207386493682861,0.709343534610071,1.60548200529533
18158,FALSE,29.0366592407227,1.37096095085144,1.50793612003326,1.51863420009613,-0.158441767096519,-0.102121092379093,0.822294441881973,0,0.146259731037641,0.0307834574578769,0.000662369622508726,0,0,0,0.340117186307907,0.104866735637188,1.98713353289107,0.429819534223299
18165,TRUE,0.727493941783905,0.877626955509186,0.618591487407684,0.99564129114151,-0.017848264425993,0.641119122505188,0.0838660230646053,0.0832558367869323,0.283414828256845,0.0671365009966191,0.0019443682683772,0.0177574292631005,0.123483554392088,0.339141458971432,0.301406592130661,0.1378293633461,0.0242659430564181,0.0985705469571182
18169,TRUE,0.820436716079712,0.615405738353729,0.423280417919159,0.812639892101288,-0.0123479533940554,0.731094241142273,0.0374280620720969,0.0588192878080087,0.0513254342443234,0.000149437924589253,0.00195874605972731,0.00104464945466645,0.0727049158156594,0.776569466620929,0.21354153752327,0.215511649847031,0.00996422879708459,0.195362262053833
18191,FALSE,450.415679931641,71.0062713623047,24.5817699432373,8.28295230865479,0.255399286746979,-0.020293677225709,0.930136903233847,0.00734329332769522,0.0625198034384573,0,0,0,0,0,0.0478222705423832,0.0308905709534883,1.11525521536666,0.54320536209946
18224,FALSE,11.405556678772,6.20530843734741,5.26205730438232,3.49293065071106,-0.102188542485237,0.0814559459686279,0.0458111703892042,0,0.91383638689507,0.00168296313191268,0.0114635521305308,0.00355874786894173,0.014781982589933,0.00886519699440723,0.367181569337845,0.173346355557442,0,0
18229,FALSE,37.4718742370605,8.51290321350098,3.51052784919739,3.64036226272583,-0.120324082672596,0.236126512289047,0.000941591990733772,0.000129206280266229,0.672225793297317,0.314970944217055,0.00705453355458498,0.00377164688309827,0,0.000906283776944788,0.42945122718811,0.16504442691803,0.00582592941416997,0.104616184125894
18235,FALSE,671.480590820312,109.203315734863,20.5339660644531,7.53430891036987,-0.276470512151718,-0.0253500808030367,0.340099889717776,0.0275774846431346,0.630455717027867,0.00141243118299339,0,0.000433218124304641,0,0.0000212593039242589,0.0120313046500087,0.00369603699073195,0.00289462757898573,0.0260870010178604
18255,FALSE,142.051010131836,44.3484497070312,14.7335500717163,6.60124778747559,-0.567700088024139,-0.536482870578766,0.0113278142493902,0.000158945082937638,0.987535819775094,0.000238417624406457,0.000739003268171856,0,0,0,0.3855821788311,0.196366965770721,0.0354392211310557,0.292225967765836
18259,FALSE,36.4344482421875,0.89227569103241,0.611798465251923,0.84339052438736,0.230733260512352,0.381849080324173,0.215543216521532,0,0.73967433882785,0.00693181602474131,0.0373312272544392,0.000519401371437075,0,0,0.950326502323151,0.0229102484881878,0.00687146630149623,0.215438009238052
18275,FALSE,0.105421334505081,0.343739777803421,0.289922922849655,0.683963060379028,-0.00606173695996404,0.813709855079651,0.0254985866992791,0,0.783590026571315,0.0012062103590841,0.00095099394452433,0,0.0758408681496167,0.112913314276181,0.544227480888367,0.138295650482178,0.0000447465362086476,0.0159549372802496
18284,FALSE,153.871688842773,10.7394027709961,9.50087928771973,4.80286169052124,-0.0879385620355606,0.132414802908897,0.288173257732385,0,0.677838781231656,0.00341611721049451,0.0263965894570823,0.00075913715788767,0,0.00341611721049451,0.755737006664276,0.1047403216362,0.135350444648953,0.872566983134781
18298,FALSE,1.66899442672729,3.58647918701172,1.07347929477692,2.05133962631226,0.0175946075469255,0.633024454116821,0.107400678352157,0.0000467077151149959,0.386351902033888,0.000420726513054444,0.0249221639121714,0.00766135751823252,0.378939628882883,0.0942568350724983,0.449705123901367,0.222452208399773,0.000252805278296025,0.0382216075191648
18312,FALSE,14.0276355743408,0.856553375720978,1.00703883171082,0.964924156665802,-0.235652357339859,-0.312127590179443,0.104786728512898,0,0.625779997867791,0.168915387011599,0.100517886607712,0,0,0,0.827225744724274,0.140575647354126,0.699560599466074,2.03588627236309
18316,FALSE,53.9702644348145,38.7748603820801,12.2491645812988,12.3207778930664,0.13877061009407,0.348906844854355,0.659542672454,0,0.287124805907737,0.0060326347949041,0.0461614162625941,0.00113847058076462,0,0,0.508332669734955,0.211189389228821,0.992345495099318,1.44599675974408
18330,FALSE,201.005737304688,58.2409400939941,15.7130517959595,6.60287094116211,-0.332246840000153,-0.478658020496368,0.999372548735631,0.00062745126436903,0,0,0,0,0,0,0.232317641377449,0.0898852422833443,0.051850654542316,0.470973643964345
18349,FALSE,7.97215461730957,2.12823057174683,3.67986297607422,2.32118201255798,-0.502366840839386,0.466966569423676,0.331220272389732,0,0.561994608803014,0.00227501141547683,0.0925482835332117,0.0119618238585664,0,0,0.88066041469574,0.117617391049862,0.119615222633216,0.712436378012941
18352,FALSE,189.958969116211,135.823883056641,17.3655185699463,8.45415782928467,0.260001927614212,0.581142127513885,0.684827711757697,0,0.311477678722106,0.000581915016861381,0.00304619671482945,0.0000664977885058015,0,0,0.177332773804665,0.170815661549568,0.00126484977987863,0.0116834729270405
18359,FALSE,124.018669128418,34.2073631286621,14.4999647140503,5.64652252197266,0.0175495836883783,0.380064874887466,0.0942927515780207,0,0.893747891431285,0.00582023753036707,0.00592657672885783,0.000212542731469959,0,0,0.40841218829155,0.215893909335136,0.551044415084973,0.710761153977713
18374,FALSE,30.3561477661133,1.79573214054108,3.03540253639221,2.33661580085754,-0.0694390162825584,-0.137019291520119,0.8965021078198,0,0.0420935354877266,0.000506244488767527,0.0569965784423282,0,0,0.00390153376137809,0.954353630542755,0.0194933135062456,0.0774325201705572,0.677286005946407
18391,FALSE,11.0588064193726,5.14696741104126,3.86977362632751,2.39895176887512,-0.0505103208124638,-0.039433017373085,0.0225313391360099,0,0.818283528009388,0.0225104640020333,0.00853075858275213,0.0761745311247415,0,0.051969379145075,0.471332341432571,0.175321891903877,0.00957301954192622,0.19396462652835
18423,FALSE,453.395263671875,32.9085845947266,13.6886615753174,6.76757955551147,0.19244259595871,-0.402029991149902,0.0823786857297769,0.0004981958784277,0.915454027103736,0,0.0015756795608537,0.0000934117272051937,0,0,0.0635743513703346,0.0189945828169584,0.641435843519799,0.0898937234637039
18427,FALSE,156.668899536133,81.4558334350586,22.7930603027344,7.39720869064331,-0.163039892911911,0.262883245944977,0.922075479359087,0,0.0774158390484102,0,0.000508681592502484,0,0,0,0.337578922510147,0.254019111394882,0.194976294710363,1.09223880232657
18442,FALSE,108.359107971191,51.3872528076172,30.1232757568359,10.2809133529663,0.108130238950253,-0.211701720952988,0.520441442772132,0.0234455046063652,0.32011189134288,0,0.00841135709524604,0.11077686161071,0,0.0168129425726671,0.348230928182602,0.206230998039246,0.218416493616533,1.17638822903458
18452,FALSE,10.8213768005371,3.3406069278717,3.84846067428589,3.21379065513611,-0.11099985986948,-0.723080992698669,0.424242607749293,0,0.44433248113365,0,0.0225024146308165,0.102912235917356,0,0.00601026056888552,0.738176286220551,0.140523090958595,0.139337915512874,0.684006452409456
18507,FALSE,150.74853515625,37.1440734863281,23.5445594787598,9.40409469604492,0.375001400709152,-0.44850105047226,0.91555459521019,0.00297094171697679,0.0741414589795722,0,0.00733300409326077,0,0,0,0.580676019191742,0.187073782086372,0.0789374056423399,0.661547523496371
18511,FALSE,570.616943359375,35.8048362731934,25.6945781707764,7.57323455810547,-0.617446839809418,-0.148293182253838,0.985768960476673,0,0.00548190687622186,0,0.00874913264710474,0,0,0,0.369024813175201,0.0704102218151093,0.000992434303318198,0.0592533047432697
18562,FALSE,44.3088111877441,8.43717575073242,5.84902715682983,5.33946418762207,-0.251043766736984,-0.0962977558374405,0.610696471082203,0,0.248634543800626,0.00199936681836319,0.0270262905227548,0,0,0.111643327776053,0.441734671592712,0.203125670552254,0.107776463430201,0.737569403325599
18591,FALSE,72.0264434814453,12.765793800354,10.4028034210205,10.4592628479004,0.0685721933841705,-0.193497657775879,0.515994419136621,0,0.397737617468845,0,0.0862679633945337,0,0,0,0.733570456504822,0.0710703805088997,0.00000639724915210067,0.00494574152303323
18604,TRUE,302.152404785156,82.671012878418,16.0056457519531,6.74069833755493,-0.000640569953247905,-0.0498216673731804,0.634199692008126,0.000988768681367672,0.36377006989188,0.0000545015783414146,0.000954266893279719,0.0000327009470048488,0,0,0.0715475752949715,0.0596323534846306,1.06246702227394,0.414423669404797
18609,TRUE,260.073791503906,123.883110046387,19.8561134338379,8.65203189849854,0.111636713147163,0.0240826830267906,0.976807931882529,0.0008699156237219,0.0222895534723474,0,0.0000325990214011586,0,0,0,0.0448784343898296,0.025917200371623,0.0639343859285071,0.303800620204115
18614,FALSE,13.2143230438232,14.1147422790527,4.11600399017334,6.85100221633911,-0.0439545027911663,0.210750132799149,0.394496150172289,0.000179187894942087,0.274520738944723,0,0.00571885869621703,0.00146240210423774,0.241980452851193,0.0816422093363984,0.227882668375969,0.184836387634277,0.264838945198715,1.05439176178121
18617,FALSE,10.9229745864868,7.31443643569946,8.96353721618652,9.14741992950439,0.0371082983911037,-0.342411041259766,0.0304996650559806,0,0.27906984455243,0,0.0478009512057461,0.502265372493615,0,0.140364166692228,0.775534987449646,0.13840639591217,0.000386922270651804,0.0367825998971607
18620,FALSE,41.187671661377,4.60636377334595,2.36144351959229,1.59998691082001,-0.503572583198547,-0.223655700683594,0.31907242061225,0,0.609379651523056,0.0226246881239376,0.048533348415947,0.000389891324809411,0,0,0.575577199459076,0.0964254960417747,0.821697799943087,1.19899411993239
18623,FALSE,-0.0623851679265499,1.65354251861572,0.686645805835724,1.66986358165741,0.0308505613356829,-0.169312387704849,0.106901689728637,0,0.322738936777945,0.00356098709049043,0.000117647671220439,0.0126453920577214,0.358971823047046,0.19506352362694,0.440095990896225,0.158035025000572,0.446037121002161,1.47070892799803
18643,TRUE,0.955612778663635,2.88708901405334,1.16216349601746,3.49990010261536,0.0113548589870334,0.733906924724579,0.135577466490853,0.0163294449325214,0.446457739831257,0.00201083844826075,0.00595589387776155,0.000902720685683837,0.105245953097984,0.287519942635678,0.255848973989487,0.149460598826408,0.0724222397063593,0.567421928338645
18676,FALSE,280.342437744141,54.7675666809082,21.2751235961914,8.90581226348877,0.330682873725891,0.49567312002182,0.963915603844024,0.00202707997202697,0.0286532394799837,0,0.0054040767039658,0,0,0,0.277892202138901,0.138822823762894,0.00297834414066906,0.0950944139669428
18677,FALSE,100.437438964844,48.4344635009766,13.3735160827637,8.22895908355713,-0.075701005756855,0.508544027805328,0.826308089283183,0,0.171939120748531,0.0000719867544163251,0.00162577609736111,0.0000550271165086896,0,0,0.340832769870758,0.152451083064079,0.0115515777124862,0.266422455692359
18690,FALSE,67.241096496582,20.6851577758789,10.310417175293,6.55764675140381,-0.341028153896332,-0.348395526409149,0.56017978706096,0,0.0900765752927487,0,0.349743637646291,0,0,0,0.975642800331116,0.00135746400337666,0.00337473234320753,0.15595138030366
18695,FALSE,12.4092035293579,6.11351585388184,3.95770525932312,4.10106992721558,-0.205910339951515,-0.583130776882172,0.0812644447512254,0,0.673356095572267,0.00993042835885061,0.0275572799073441,0.140355517364355,0.000951501382880387,0.0665847326630773,0.398242294788361,0.167540103197098,1.59726457320228,1.17002943065447
18716,FALSE,101.081588745117,48.4774589538574,19.0805854797363,7.56518125534058,0.663129568099976,0.221532836556435,0.948574958218701,0,0.0389730562684805,0,0.0116697869588552,0.000782198553963568,0,0,0.486558169126511,0.214492470026016,0.0232025527161545,0.325628961271815
18720,FALSE,1.83661329746246,1.00729274749756,1.12318181991577,1.139035820961,0.104452304542065,0.522967875003815,0.193648270066568,0.00283677105147355,0.423026785976134,0,0.108555007437977,0.000179337193066214,0.213873050069586,0.0578807782051951,0.797168254852295,0.143250852823257,0.0170371934057322,0.33279722663665
18757,FALSE,51.243724822998,8.06468296051025,7.10677862167358,7.08582973480225,0.188460379838943,-0.409567534923553,0.582781463915036,0,0.331385421233821,0.0401917970737218,0.04020999384854,0.0024440957679966,0,0.00298722816088473,0.563951969146729,0.089921809732914,0.0431911040551336,0.48433888856071
18760,FALSE,75.2780227661133,8.88229274749756,9.08921337127686,4.55508518218994,0.0781782045960426,0.129030048847198,0.16001881156898,0,0.687566938726959,0.000381889656057496,0.150886691079831,0.00114566896817249,0,0,0.703875303268433,0.18674348294735,0.646371788323953,1.07802762046011
18778,TRUE,359.684295654297,85.2261276245117,19.9004554748535,8.66076946258545,0.0141315115615726,0.10760810226202,0.614008898998466,0.000544018855213412,0.384378576724413,0.000523267339305574,0.000341673493137471,0,0,0.000203564589464751,0.136721596121788,0.0742129236459732,0.243116272084141,0.850434548441554
18807,FALSE,7.69005584716797,8.03260803222656,2.57335019111633,3.26182174682617,0.150795251131058,0.272141814231873,0.309279734385256,0.0193283205023263,0.444776161218698,0.000128497987207889,0.00893663903183306,0.0172850249533,0.0377442959353564,0.162521325986023,0.379313588142395,0.242858439683914,0.0728769355655229,0.470451407751334
18811,TRUE,106.245918273926,91.9202499389648,14.0117979049683,10.2058658599854,-0.0517227724194527,-0.079921543598175,0.526290823960691,0.00205776893079747,0.426341749140027,0.0119008210538581,0.00166781910896983,0.0161920880752635,0.00223712098866468,0.0133118087417286,0.112753614783287,0.143540352582932,0.341382058458997,0.36501677110924
18815,FALSE,8.44707202911377,11.896821975708,4.69232368469238,5.87641859054565,-0.0961827784776688,0.284418046474457,0.148449054257097,0.0641629130886448,0.609032546650143,0.00305885387980272,0.0172200962933298,0.000116064437974221,0.0531850921238122,0.104775379269196,0.455128937959671,0.226541712880135,0.194235075879074,0.644782414945078
18821,FALSE,63.1235313415527,32.097957611084,12.3352251052856,6.88165760040283,-0.386102646589279,-0.173403427004814,0.272257643050667,0.0000895227390512768,0.714094670680209,0,0.00400534225093648,0.00948860772994803,0,0.0000642135491886548,0.179094761610031,0.154330715537071,0.0116278399712336,0.165960665085068
18846,FALSE,187.864059448242,25.1082229614258,17.1947765350342,7.03147506713867,-0.00539901666343212,-0.0255276691168547,0.948696894760598,0.00518257706686327,0.0456493848028241,0,0,0.000471143369714842,0,0,0.31335923075676,0.133423060178757,0.402068002988903,1.32626973644257
18849,TRUE,289.272186279297,93.9807357788086,19.4662933349609,8.01608371734619,-0.0945503711700439,-0.162041366100311,0.999397920704118,0.0000184181133053158,0.000583661182576275,0,0,0,0,0,0.0464354045689106,0.0173261370509863,0.0347675691785075,0.355212950480046
18850,FALSE,200.563598632812,43.2739791870117,14.6507730484009,9.90521717071533,-0.355866402387619,0.0610038414597511,0.866077940611507,0.00743000342302926,0.121827979610264,0,0.00466407635519929,0,0,0,0.262930780649185,0.109068691730499,0.0984660914917842,0.653438717396136
18880,TRUE,53.0894622802734,29.5280132293701,7.43176221847534,5.56305360794067,0.202287375926971,0.0662100091576576,0.601737542333093,0.0000380993121800987,0.151899437444221,0.000990582116682566,0.229297744912177,0.0125534517237175,0,0.00348314215792905,0.793285608291626,0.182344734668732,3.31527589303871,2.47345587147811
18897,FALSE,8.45606899261475,2.62504458427429,3.79490828514099,2.87073469161987,-0.189159482717514,0.390014737844467,0.225032532452072,0,0.396685146495164,0,0.350177444010662,0.0281048770421011,0,0,0.972926199436188,0.00606447411701083,0.00986779841195801,0.253322498554679
18900,FALSE,30.9793567657471,0.720872044563293,1.10660839080811,0.93551778793335,0.0373736508190632,0.0565379187464714,0.331229325030863,0.00205865976819881,0.367974224111934,0.0621715249996042,0.203261414762837,0.0333048513265629,0,0,0.962979078292847,0.0135946404188871,0.0627125719686232,0.363473711983896
18908,FALSE,163.46467590332,36.1030044555664,18.6038436889648,7.39274883270264,-0.0815266072750092,0.389435589313507,0.831819570747196,0.0706885327018674,0.0965299427149457,0,0.000961953835990843,0,0,0,0.36746734380722,0.199082612991333,0.0297066834070535,0.321598964353893
18918,FALSE,483.289398193359,38.0383567810059,10.7915821075439,8.95741271972656,-0.405621647834778,-0.105062372982502,0.845650287125714,0.00410555255742204,0.145968904912012,0,0.00424453417226085,0.0000307212325907872,0,0,0.176243305206299,0.0858897045254707,0.0630388945289083,0.52050972854423
18950,FALSE,45.3667488098145,7.4614782333374,2.68165135383606,2.35713720321655,-0.070117861032486,-0.254291921854019,0.724509574760117,0,0.253851806077169,0,0.021423696756513,0.000214922406201275,0,0,0.358434945344925,0.110692709684372,0.0690368476634089,0.540510005587539
20680,TRUE,692.881774902344,54.034969329834,12.6198902130127,7.64964389801025,0.016799870878458,-0.17938956618309,0.297863687346119,0.00545758621123617,0.692237262409529,0.00362663767617767,0.000581504105428211,0.0000710111200247562,0,0.000162311131485157,0.0244816374033689,0.0345197021961212,0.0651567410408006,0.174105221995868
20707,FALSE,228.763671875,58.3548431396484,19.6424102783203,7.52907752990723,0.297927677631378,0.311284571886063,0.973683678342269,0,0.0248564900186794,0,0.00145983163905187,0,0,0,0.163594961166382,0.118656769394875,0.0391339737309971,0.320571265192603
21447,FALSE,664.287048339844,177.801391601562,18.1508884429932,8.52116107940674,0.272323250770569,0.0244306530803442,0.85221161639848,0.00108547076284538,0.132306526212452,0,0.00498067902360446,0.00941570760261807,0,0,0.0676621645689011,0.0970624759793282,0.0000500242808778042,0.0043686323346892
21460,FALSE,733.665649414062,68.9424743652344,21.3773460388184,10.1617631912231,-0.225952014327049,-0.0596096962690353,0.305224370369808,0.00134888550157444,0.692383890679809,0.000547941738339342,0,0.000494911710469204,0,0,0.00864504091441631,0.00295211118645966,0.0545190510236764,0.097328933340916
21477,TRUE,690.434631347656,222.935821533203,22.22043800354,8.1515417098999,-0.221167638897896,-0.06753309071064,0.757940598962755,0.0147768862323194,0.189120301152256,0,0.00330425467702854,0.0346154396363608,0,0.000242519339280572,0.0652477443218231,0.0995290577411652,0.0166371992480677,0.13298651879589
21480,FALSE,358.211334228516,72.2900619506836,24.289005279541,8.28005790710449,-0.315449237823486,0.149979069828987,0.899178164218965,0.0266284602575567,0.0520022692820717,0,0,0.0221911062414071,0,0,0.0413550399243832,0.0111688673496246,0.784872364940784,0.769936562291045
21506,TRUE,484.952972412109,117.349906921387,26.3070812225342,8.07103252410889,0.0211911760270596,0.141388565301895,0.443523862557434,0.0034919726715242,0.550857335244757,0.00212682952628437,0,0,0,0,0.0553026795387268,0.058072242885828,0.0505036241250718,0.226761850174633
21755,TRUE,93.9918975830078,42.8734169006348,8.720383644104,4.49757623672485,0.097048819065094,0.212937772274017,0.0445393996038937,0,0.955017470195545,0.000442882847974641,0.000000247352587105572,0,0,0,0.110751308500767,0.071276530623436,1.16651401775924,0.301953081813414
21914,FALSE,14.4701452255249,2.0525336265564,1.61880564689636,2.06310272216797,-0.311311364173889,-0.198006600141525,0.309424396418843,0.0013111136808625,0.480376631862063,0.113532648352507,0.0947609703947133,0.000172137753004536,0.000398827660928596,0.0000232738770786113,0.632704496383667,0.0931314453482628,0.236163732242848,0.395930662333337
21918,FALSE,301.45361328125,67.5326080322266,17.6330432891846,8.86280250549316,-0.127274960279465,-0.149866208434105,0.210723083637616,0.0239754719387467,0.76360536583303,0.00096665357451942,0.000512635952060481,0,0,0.000216789064027059,0.117302760481834,0.0732090547680855,0.296808835786731,0.637380582062224
21942,TRUE,203.749420166016,76.7580032348633,22.420093536377,7.82718992233276,-0.121680922806263,-0.00661309203132987,0.579865990328299,0.0609885679463578,0.355623690631774,0,0.00310875404718432,0.000412997046385009,0,0,0.369452625513077,0.218939170241356,0.414259098069065,1.33531124360027
21945,FALSE,136.516754150391,1.60051560401917,1.01227426528931,0.94150710105896,-0.171943351626396,0.368321925401688,0.322004649689445,0,0.433879766985773,0.00120714375332635,0.237275102055932,0.00563333751552297,0,0,0.933105051517487,0.0219824034720659,0,0
21946,TRUE,626.188110351562,164.371978759766,25.2956199645996,9.95853614807129,0.264598190784454,0.24503430724144,0.99020746785688,0.00120229632957702,0.00560680209740893,0,0.000269906765918399,0,0,0.00271352695021533,0.14470799267292,0.0873661264777184,0.0174018639798978,0.205914611864077
21948,FALSE,572.270446777344,132.066772460938,28.7274780273438,9.21084976196289,-0.161843359470367,0.106320634484291,0.983741674551626,0.00078670396514221,0.0154716214832316,0,0,0,0,0,0.0498184263706207,0.0284143313765526,0.533710921049204,0.627796480555008
21952,TRUE,248.454696655273,88.1673126220703,18.8490104675293,8.32185077667236,0.183106392621994,0.116126298904419,0.192667021321253,0.00745580352611975,0.795220768756681,0.00334220962332338,0.00128844612518837,0.0000257506474349326,0,0,0.160135298967361,0.0867465957999229,0.0447948263789437,0.121597800829152
21956,FALSE,162.677856445312,21.016185760498,16.4579048156738,8.24735832214355,0.0786467418074608,-0.196959257125854,0.742127776114557,0,0.250705173708315,0.00716705017712736,0,0,0,0,0.378741949796677,0.122379183769226,4.78227058289865,0.169009924903761
21965,FALSE,84.6828765869141,24.385461807251,17.6335525512695,7.29788732528687,0.244073703885078,0.0100449742749333,0.853264356707076,0,0.143515806958534,0,0.00321983633438981,0,0,0,0.391448646783829,0.153856232762337,0.00127784162038114,0.0755359657268671
21976,FALSE,318.754211425781,45.3756103515625,18.9872131347656,6.4241361618042,-0.00324554974213243,0.488719522953033,0.590502400469301,0,0.408842309364937,0,0.000436860110507931,0.000218430055253965,0,0,0.233322039246559,0.0691185295581818,3.19937515440799,0
21997,FALSE,4.36304092407227,2.72665047645569,2.9166567325592,2.065762758255,-0.0888210460543633,0.0850679203867912,0.450845824976514,0,0.218664459737424,0,0.124362590445464,0.00302599173356551,0.000944117748260876,0.202157015358772,0.971680283546448,0.0134214553982019,0.01181931164119,0.327288609831353
21998,FALSE,190.312484741211,76.6257019042969,26.3630676269531,8.54614067077637,0.419982492923737,0.125128850340843,0.353931371424239,0.00169952468251813,0.640298636559422,0.00113030459207657,0.00223131058252171,0.0000592879932834445,0,0.000649564165939599,0.109608612954617,0.135511308908463,0.0102628936896779,0.11269615229247
22001,FALSE,153.252243041992,19.0740337371826,14.4286861419678,9.60878372192383,-0.183473601937294,-0.122385993599892,0.487599524084383,0.0033836312000373,0.401461283892691,0.0466393595260091,0.0213203057571827,0.00242987952449867,0,0.0371660160151991,0.221592769026756,0.0651117339730263,0.00439192328544916,0.0637398258788755
22030,TRUE,263.743988037109,91.787971496582,13.9370050430298,8.44029521942139,-0.200614124536514,-0.1187913864851,0.25051912644286,0.00867731710920937,0.735409377209763,0.00408417299355702,0.00118927280918404,0.0000584194042388552,0,0.0000623140311881122,0.177909463644028,0.112561240792274,0.170063014235459,0.474951996460966
22039,FALSE,2.31055974960327,1.30024647712708,1.12358903884888,1.38626456260681,-0.237870201468468,0.561053693294525,0.235665273002046,0,0.204430319489191,0,0.115471904314806,0.269401159927955,0.0648803726272995,0.110150970638703,0.807379722595215,0.149108648300171,0.0000934190635701856,0.0201682259513712
22045,FALSE,39.0200996398926,13.8076553344727,19.9940605163574,6.2067084312439,-0.0162523295730352,0.112801745533943,0.571654572490533,0,0.426594441371165,0,0.00175098613830234,0,0,0,0.830985724925995,0.104039326310158,0.00105850357208259,0.0877866065696084
22049,FALSE,15.8710460662842,6.89405870437622,1.13027286529541,1.33903801441193,-0.151553317904472,0.0978004485368729,0.631738940707915,0.000503515670128236,0.161110413272502,0.0724999576290972,0.132743445125308,0.0014037275950489,0,0,0.970396101474762,0.034896694123745,0.663241827517262,1.84071410870524
22072,FALSE,69.1100006103516,7.89490175247192,2.77268052101135,3.88387155532837,-0.0405181348323822,-0.647641479969025,0.0692734827147563,0.00018053430554545,0.64929179494652,0.138317732902372,0.0274546776835673,0.0032496174998181,0,0.112232159947421,0.367107689380646,0.109390996396542,0.144423556283585,0.728942383352719
22080,FALSE,274.096771240234,36.7126197814941,17.9690189361572,7.35365629196167,0.196586161851883,0.388511538505554,0.267607310215398,0,0.731695893972875,0.000643515416212499,0.0000532803955145567,0,0,0,0.325305819511414,0.140610352158546,1.82356817600309,2.4871296282874
22084,FALSE,55.0542640686035,13.4426336288452,9.7163782119751,4.72387170791626,0.306956499814987,0.096437856554985,0.399479607255458,0,0.529099790455918,0.0179421706238886,0.0488212721975477,0,0,0.00465715946718768,0.745291173458099,0.122710265219212,0.000266313742909404,0.0426560556285687
22253,TRUE,446.425476074219,93.6627655029297,21.7067909240723,8.11865901947021,-0.0934749767184258,-0.272594332695007,0.768797754046873,0.00242226064614536,0.227501558540094,0.000926381814513271,0.000260925429635076,0,0,0.0000911195227390103,0.0682112649083138,0.063844621181488,0.375568074771678,0.714997306408166
22284,TRUE,157.888717651367,43.7085571289062,17.5812511444092,8.04489898681641,0.0188803263008595,-0.0586287155747414,0.252984280811695,0,0.739297641857159,0.00728787900007385,0.00043019833107188,0,0,0,0.274308860301971,0.13106469810009,0.0053837603655517,0.175951396049881
22288,FALSE,113.784759521484,32.9256134033203,15.4083595275879,8.04851341247559,-0.033694926649332,-0.118686147034168,0.0323768624585655,0,0.89795082566651,0.063518368757664,0.0061539431172603,0,0,0,0.438514918088913,0.204781264066696,0,0
22289,FALSE,316.912261962891,41.5015335083008,11.6387166976929,4.73846054077148,0.250117063522339,-0.191507712006569,0.00044383706788426,0,0.996668767417087,0.0000935866873876623,0.00249282581798878,0.0000452589691434692,0,0.000255724040509276,0.249369964003563,0.166175305843353,0.00181864203145345,0.0473453464762304
22292,FALSE,493.502899169922,113.371322631836,25.4834156036377,9.34875965118408,-0.327746540307999,-0.0852401480078697,0.930975229887783,0.00529343730271443,0.0593412500515475,0.00434313164819438,0.0000469511097608316,0,0,0,0.125379785895348,0.0733142644166946,0.455029405125376,0.889525310651439
23001,TRUE,837.956848144531,178.154235839844,31.685962677002,7.65516519546509,-0.195944130420685,-0.508654952049255,0.920327683111059,0.0397700101990134,0.0398427329537749,0,0.0000117343895649578,0.0000478393465877749,0,0,0.0142024420201778,0.0156524684280157,0.0186808974639831,0.104129088924455
23002,TRUE,272.753753662109,164.120910644531,15.9706192016602,10.4320001602173,0.108260683715343,-0.0616922378540039,0.276895093719985,0.00671744325156184,0.637028252843751,0.009699359954288,0.00584002098717329,0.0108141087492074,0.00000324609952761292,0.0530024743945052,0.182805642485619,0.213071331381798,0.0304713263668698,0.219417290908622
23004,TRUE,1.40837693214417,1.32809364795685,0.433670163154602,1.28570008277893,-0.00732042314484715,0.769132077693939,0.142611579152169,0.00368204079496199,0.0359537698348884,0.000168297291508324,0.00352135082819376,0.00761361264705412,0.0874262078162757,0.719023141634949,0.605233490467072,0.302308768033981,0.006750459603071,0.130555898540665
23005,TRUE,1.19210243225098,0.639057040214539,0.580281496047974,0.92573606967926,0.00832277815788984,0.641007363796234,0.249858239606263,0.000113149000660569,0.0540228791539866,0.0000102767309228145,0.000222793778836618,0.0419221193742301,0.370822086031368,0.283028456323732,0.398374974727631,0.249767154455185,0.00101911538606776,0.0806216865427597
23019,FALSE,516.820556640625,41.8022804260254,18.1250438690186,7.41405582427979,-0.17656584084034,-0.388717740774155,0.970358674828104,0.000345495148335818,0.0292958300235602,0,0,0,0,0,0.0378946177661419,0.006643230561167,0.00464152513800568,0.0912706153321298
23048,FALSE,355.329406738281,84.8920974731445,19.5056571960449,8.99187850952148,0.332583785057068,0.280727297067642,0.0909617569429573,0.0766346054271793,0.79955568654339,0.00128050179671641,0.0120816104000762,0.0194858388896803,0,0,0.129401445388794,0.150859013199806,0.000739535364294193,0.0567665105611634
23049,FALSE,554.8203125,101.102355957031,14.7569580078125,7.25855588912964,-0.151839256286621,-0.0654556378722191,0.994403716981008,0,0.00287339057542547,0,0.00257015043441616,0.000152742009150568,0,0,0.297443091869354,0.0764198452234268,0.186932694819674,0.359392074604147
23060,FALSE,101.708404541016,52.7410163879395,15.017671585083,10.9600439071655,0.211657851934433,0.18699024617672,0.742896538231694,0,0.224677512806381,0,0.0320040155247911,0.000402463192224228,0,0.0000194702449092391,0.509739637374878,0.191916704177856,0.39193493368708,0.948134738606633
23062,FALSE,390.162719726562,34.0194931030273,14.0883045196533,7.54687833786011,-0.151054590940475,-0.256620734930038,0.746309963178976,0,0.251358770740283,0.0023312660807408,0,0,0,0,0.0953381136059761,0.0470329746603966,1.31383514112067,0.555472276779375
23069,FALSE,394.453948974609,74.2100524902344,23.2747116088867,7.41123199462891,-0.337374418973923,-0.275373488664627,0.657878848288672,0.0142129724235745,0.327908179287753,0,0,0,0,0,0.0742332711815834,0.0168437138199806,0.00745292709509961,0.0943372617288527
23074,TRUE,1.05767774581909,0.670788824558258,0.677313625812531,1.02183151245117,-0.0000982781857601367,0.5926234126091,0.0748481589318406,0.178544763125585,0.033670986783081,0.000118173568018667,0.00615525356668678,0.00110508311797929,0.262347205206081,0.443210375700728,0.229820594191551,0.265125066041946,0.00671039818325769,0.204971098241019
23459,FALSE,0.925233662128448,0.479747891426086,0.724377572536469,1.00180554389954,-0.00685754837468266,0.560341060161591,0.108751630298266,0.0000281015202185346,0.0139055846884962,0,0,0,0.552927989025581,0.324386694467439,0.315695613622665,0.171904146671295,0,0
23559,FALSE,614.537475585938,33.7058868408203,20.5107097625732,5.53883075714111,-0.37270000576973,-0.185174286365509,0.971031059942935,0.000757815278435589,0.0282111247786296,0,0,0,0,0,0.060815192759037,0.0184094812721014,0.613804166869508,0.211345690467657
23590,TRUE,803.72607421875,132.37467956543,22.7159271240234,8.09880542755127,-0.297150939702988,-0.154469922184944,0.802014404438735,0.0125226057388442,0.180972088054485,0.000105928622695628,0.000153066779988491,0.00423190636525203,0,0,0.0236931685358286,0.0496030449867249,0.0342546335814638,0.215951736506289
23598,FALSE,5.43209362030029,1.07217228412628,1.51884829998016,1.90480875968933,0.0373244769871235,0.328722923994064,0.581603004854371,0,0.0817162282315744,0.0106408823576793,0,0,0.275083314445289,0.0509565701110862,0.0787036418914795,0.027435589581728,0,0
23599,FALSE,47.8705787658691,7.49716949462891,5.34024715423584,4.94462728500366,0.404554128646851,0.101424068212509,0,0,0.96810417494536,0.0120990035556465,0.0197968214989931,0,0,0,0.378720700740814,0.0798782110214233,0.0372739859620905,0.160261475289552
23602,FALSE,0.00320180901326239,0.0568619519472122,0.0691486969590187,0.405838191509247,-0.0232080034911633,0.977107882499695,0.561261350697197,0,0,0,0,0,0.129085427738994,0.309653221563809,0.31067568063736,0.0118559561669827,0.00521815980409394,0.0504726131822231
23685,FALSE,11.4488391876221,0.840254008769989,1.21390569210052,1.09251964092255,0.371873259544373,0.389610677957535,0.12122445398624,0.000285562302838258,0.642344481261956,0.0147110741441046,0.204670317529394,0.0167641107754672,0,0,0.969165027141571,0.0236918535083532,5.45304122576665,0.201208800593571
24228,FALSE,369.814453125,82.3844528198242,21.5595321655273,7.81769943237305,-0.194605574011803,0.268355369567871,0.725544036223938,0.014358763394028,0.259668678296519,0.00001431704924615,0.000414205036268078,0,0,0,0.0775590538978577,0.0373339280486107,0.10769551405866,0.622756954744728
24425,FALSE,1.87471735477448,0.408163756132126,0.399205654859543,0.8498375415802,-0.0423385351896286,0.792905449867249,0.0482371251101534,0.0503557513644553,0.0402408637185894,0.0564729730935416,0.00562354376293818,0,0.795081648901501,0.00398809404882084,0.34428146481514,0.12625840306282,0.0030141726899612,0.136518654775087
24429,FALSE,542.210876464844,149.006988525391,25.7251682281494,7.56482601165771,-0.223524153232574,-0.0859987288713455,0.704208873725671,0.0285160427615104,0.267275083512819,0,0,0,0,0,0.0373727940022945,0.01229253038764,1.1395999280249,0.336649191612743
24434,FALSE,257.875274658203,78.1388092041016,25.7305603027344,9.48940277099609,0.126931443810463,-0.268681049346924,0.892870658659862,0.0138772435889407,0.0932520864702774,0,0.0000000112809199428596,0,0,0,0.0672623440623283,0.047440379858017,0.810519509643579,0.305353822726105
24438,FALSE,197.595275878906,45.6735954284668,19.1289253234863,9.67832660675049,-0.14615935087204,-0.116126127541065,0.898403673264236,0.00714166450700104,0.0902129216040826,0,0.00348215044932439,0.000759590175355843,0,0,0.33133402466774,0.253598123788834,2.01565547261605,1.76148044407215
24771,FALSE,10.111141204834,7.6866888999939,4.46963548660278,3.52747297286987,-0.111940026283264,0.139339029788971,0.191159646117801,0,0.26378455947765,0.446468667704892,0.0050654428935091,0.000235739882547261,0.0283180133158759,0.0649679306077244,0.473747253417969,0.0735446959733963,1.34511111576953,0.346561007641321
24947,TRUE,292.283050537109,90.7911682128906,21.9316177368164,8.41252994537354,0.0379752591252327,0.0536511205136776,0.936862141449504,0.0101919118598093,0.052568155492467,0,0.000377791198219866,0,0,0,0.0470719784498215,0.0311375055462122,0.539913196973458,0.610374767817961
24949,FALSE,299.930603027344,30.9502563476562,18.6596832275391,6.66393709182739,-0.0952213779091835,-0.708172500133514,0.909775651675981,0.00267171545311737,0.0351788841259643,0,0,0.0523737487449375,0,0,0.0270759165287018,0.00313595775514841,0.417966163244321,0
24950,FALSE,403.060150146484,28.5723686218262,21.8958301544189,7.37932014465332,0.355338722467422,-0.338968187570572,0.793581261280628,0.0147863425846869,0.0921850363110821,0,0.0026733523754532,0.0967740074481494,0,0,0.0332252010703087,0.00353435962460935,0.414642347896707,0.0371240434181102
24951,FALSE,320.678344726562,36.972827911377,24.9124984741211,7.821373462677,0.189585849642754,-0.692496180534363,0.856283536654574,0.00185650463778557,0.0766412987273421,0,0,0.065218659980298,0,0,0.0964706987142563,0.0756755247712135,0.417560209018242,0.0130196133388599
24952,FALSE,609.051696777344,54.6099281311035,21.1577301025391,9.30974578857422,0.166604459285736,0.358347952365875,0.985237834610296,0,0.0147621653897039,0,0,0,0,0,0.0455984808504581,0.0170078575611115,0.587812527032647,0.342036719597611
24956,FALSE,823.568298339844,25.8449764251709,24.2623329162598,8.58361625671387,-0.339888334274292,0.0914512425661087,0.991154038724611,0,0.0088459612753892,0,0,0,0,0,0.143745347857475,0.0442141070961952,1.69251608711146,0.888117304472457
24961,FALSE,198.766098022461,15.0261163711548,13.1351804733276,8.74498653411865,0.194576993584633,-0.126409664750099,1,0,0,0,0,0,0,0,0.129577219486237,0.0585047118365765,2.82682372079913,0
25116,FALSE,337.818084716797,57.6033515930176,21.0673580169678,8.00507354736328,-0.0124600557610393,0.152581691741943,0.990048012283678,0.000172731154565411,0.00903853942375112,0,0.000740717138005651,0,0,0,0.242420509457588,0.100439593195915,0.082957216650727,0.303616923967434
25173,FALSE,22.9137020111084,17.2082252502441,19.2663078308105,14.7109289169312,-0.320953994989395,-0.536273419857025,0.288597009799261,0.00258232597577387,0.221063515173753,0,0.0131040704260791,0.248518336832163,0,0.226134741792969,0.809541046619415,0.119578823447227,0,0
25196,TRUE,508.710632324219,101.244110107422,20.9538955688477,9.38663482666016,-0.166939601302147,-0.0479374155402184,0.406111227973425,0.0323758730312716,0.559481862361997,0.000354589429994774,0.0016764472033112,0,0,0,0.190624341368675,0.0716927722096443,0.180878494722469,0.609728223092024
25203,TRUE,195.925567626953,95.0802917480469,17.0222568511963,7.05016946792603,-0.062939815223217,-0.200594142079353,0.55140069267229,0.00502121943938454,0.442139027396899,0.000890698211623217,0.000548362279802863,0,0,0,0.0984421595931053,0.071964219212532,0.920086534176394,0.66390505086996
25241,TRUE,1.67627716064453,0.514546692371368,0.724863052368164,0.927030265331268,-0.00444771395996213,0.513567805290222,0.56526634676261,0.102985429936182,0.19318206628763,0,0,0.000257156151088512,0.0831986695206647,0.0551103313418241,0.129866689443588,0.099817231297493,0.000000710205498099174,0.000903982263369589
25254,FALSE,503.272186279297,27.3251323699951,18.4006938934326,5.73232746124268,0.100544191896915,-0.244015872478485,0.4146644191693,0,0.5853355808307,0,0,0,0,0,0.066317655146122,0.00260357372462749,0,0
25279,FALSE,365.398742675781,53.0532493591309,23.938196182251,7.52916145324707,-0.343834102153778,-0.481439203023911,0.898882078640743,0,0.0974758886921608,0,0.00364203266709597,0,0,0,0.511214315891266,0.119872309267521,0.13154542158129,0.860065966814435
25289,FALSE,1.74004948139191,1.22710204124451,0.49248480796814,0.859872698783875,-0.0440644696354866,0.678766191005707,0.0208565305157745,0.00030242619080431,0.450213915288033,0.00409612829580436,0.00565564935340943,0.148306883316121,0.155621428457246,0.214947038582807,0.497011750936508,0.218322962522507,0.105299799707656,0.72867327783269
25311,FALSE,354.488922119141,55.0658340454102,22.7083835601807,7.89230346679688,-0.144572377204895,-0.06108633056283,0.999928519171446,0,0.0000714808285538404,0,0,0,0,0,0.0872388705611229,0.0266177523881197,2.40138651747131,1.21602635664811
25312,FALSE,347.209411621094,29.6479148864746,21.1804122924805,8.63650131225586,-0.245241522789001,0.108300432562828,1,0,0,0,0,0,0,0,0.109207481145859,0.0244063045829535,3.50642632997873,1.16169407537628
25329,FALSE,1.20715618133545,0.818871736526489,0.769892692565918,0.967755496501923,-0.0206996481865644,0.480755686759949,0.418329316724739,0.172700030371236,0.0975394662669136,0.0017132095817475,0.027221146731799,0.0024200375309627,0.153183766412074,0.126893026380528,0.307782113552094,0.22104586660862,0.0000070449678398703,0.00396731676085368
25330,FALSE,1.1727043390274,0.407582253217697,0.543454110622406,0.800000011920929,0.0117510296404362,0.613737046718597,0.0407978304664381,0.200035935788315,0.0320960980879831,0.00271051198438455,0,0.0033724831179078,0.677356713078301,0.0436304274766702,0.224895521998405,0.126053258776665,0,0
25346,FALSE,26.1413650512695,2.94641852378845,0.914452254772186,1.06888604164124,-0.0586606413125992,-0.155772656202316,0.0361943533207038,0,0.230134559525071,0.725587612419884,0.00393907201454899,0,0.000549767707727551,0.00359463501206476,0.532977700233459,0.0953029915690422,0.0048330084545564,0.105056133859785
25347,FALSE,135.202758789062,67.5078506469727,22.4521350860596,9.41094779968262,-0.167356386780739,0.0883858054876328,0.980056292724985,0.00060276538331923,0.0191046277078529,0,0.000214831076220865,0,0,0.0000214831076220865,0.0911619514226913,0.0442054085433483,0.015287159464839,0.157409376405528
25801,FALSE,412.964630126953,43.0942230224609,12.0487022399902,8.82848358154297,-0.354062169790268,-0.452285200357437,0.565724187094319,0.000986604222671754,0.433289208683009,0,0,0,0,0,0.0450653955340385,0.0158266555517912,0.0000174523284655981,0.00606936817666403
25815,FALSE,1.48954772949219,0.502993822097778,0.919586002826691,0.819854080677032,0.00847964454442263,0.343754649162292,0.759236322873037,0.0185062335416702,0.218465449712077,0,0,0,0.00270638679839029,0.00108560707482543,0.176791191101074,0.0626539066433907,0,0
25816,FALSE,524.181762695312,101.451698303223,31.5321350097656,6.81850862503052,-0.464407950639725,0.141668245196342,0.475419687656505,0.118383764901887,0.406196547441608,0,0,0,0,0,0.0174006465822458,0.00627807760611176,0.0453026217640084,0.23120344451005
25818,FALSE,354.337951660156,104.473617553711,20.8413524627686,8.40060424804688,-0.115773290395737,-0.414254397153854,0.342270263092151,0.00665854621623643,0.651071190691613,0,0,0,0,0,0.0622426383197308,0.03294413164258,0.000244323900339864,0.0217879769833093
25824,FALSE,20.6619453430176,9.69976425170898,5.34589862823486,3.46475863456726,-0.111244015395641,0.506635308265686,0.210315056856586,0,0.788251636839154,0.000837671738673751,0.000595634565586174,0,0,0,0.643994748592377,0.152274146676064,0.00589908545758534,0.0917978955403754
25864,FALSE,17.7629299163818,7.24388885498047,6.90174245834351,3.58009314537048,-0.480082392692566,-0.676084637641907,0.694892341082374,0.00461018281421799,0.184392176280483,0,0.00806429838040584,0.0887059046260477,0,0.0193350968164714,0.154102817177773,0.141657680273056,0.12799781652702,0.620335544403049
25900,FALSE,0.0361239202320576,0.235475346446037,0.0915566310286522,0.464242875576019,0.0133489016443491,0.920828521251678,0,0,0.00787175619970375,0,0.0120391756119022,0,0.0695414875724789,0.910547580615915,0.672956883907318,0.203558877110481,0,0
26044,FALSE,152.932510375977,43.9344787597656,18.4464473724365,7.51666784286499,0.282657831907272,-0.00484068552032113,0.449269981794401,0,0.55006087977583,0.000669138429769176,0,0,0,0,0.256538897752762,0.0984137281775475,0.000534959780190265,0.0422734451508666
26058,FALSE,409.712615966797,128.325439453125,21.9543781280518,8.34408950805664,-0.323764532804489,0.328596621751785,0.984321330271039,0.00103428318596801,0.00871867913986566,0,0.00592570740312768,0,0,0,0.272617876529694,0.0485821440815926,0.334055429484534,0.860374257600462
26059,TRUE,182.364334106445,110.644706726074,17.8358097076416,9.16978454589844,-0.0391208231449127,-0.308104544878006,0.629558361740749,0.00877551579413472,0.349988569609806,0.0108029042501188,0.000845273902893529,0.0000293747022978433,0,0,0.170356497168541,0.127367988228798,0.611324086290671,0.538297956215326
26061,FALSE,48.3885383605957,11.6051769256592,1.45328724384308,1.13591837882996,-0.195938855409622,-0.174846336245537,0.310367132282241,0,0.537286881279378,0.0437149916391455,0.0863357619828607,0.000225696997938702,0,0.0220695358184363,0.953834593296051,0.0317884646356106,0.618228864164355,1.84504804079738
26069,FALSE,172.547225952148,43.1269874572754,21.0801334381104,7.25174951553345,0.180174455046654,-0.00730173429474235,0.965158564367203,0,0.0348414356327966,0,0,0,0,0,0.0730829164385796,0.0423178039491177,2.22969626406698,0.0928600192669152
26070,FALSE,19.4280776977539,0.718818783760071,0.290788620710373,0.648357152938843,0.0118126142770052,0.52831768989563,0.125439343044634,0,0.84303490545373,0.0314687536928722,0.0000569978087636831,0,0,0,0.545764923095703,0.0684967562556267,0.00133541814537237,0.0401535745677548
26072,FALSE,225.842376708984,23.3672943115234,20.8354740142822,7.92220783233643,-0.0630636215209961,0.21332511305809,0.999828271544371,0,0.000171728455629137,0,0,0,0,0,0.0713054463267326,0.054010633379221,0.479170540858623,0.00141229674863483
27031,FALSE,106.322463989258,18.2125644683838,9.3264045715332,7.31082820892334,-0.0955255404114723,0.130811005830765,0.00171745467662163,0,0.927987139789279,0.0702449059412471,0.0000504995928524872,0,0,0,0.282632261514664,0.0877853855490685,0.11758048727468,0.381133550809598
28108,TRUE,328.878295898438,82.4618682861328,19.8191261291504,8.29376792907715,0.123927742242813,0.0215736143290997,0.576176368451903,0.00229708602408132,0.415537056990301,0.00429565763578006,0.001673182425445,0.0000206484724898926,0,0,0.19824992120266,0.112981781363487,0.508365889953963,1.41646213847611
28112,TRUE,386.806091308594,116.509880065918,24.6356372833252,9.07528305053711,-0.0904415845870972,-0.00342283630743623,0.634707987512165,0.00138656538740381,0.362127830151339,0.00159956827469535,0.000156137374241986,0.0000219113001545842,0,0,0.127374157309532,0.0992856472730637,0.632715658844695,0.91828573480043
28121,FALSE,287.116027832031,41.9580497741699,24.5119495391846,7.24857330322266,-0.413366287946701,0.114872388541698,0.9503072740549,0.0086694933621426,0.0410232325829572,0,0,0,0,0,0.187060564756393,0.042028222233057,0.0546146392024762,0.502162932281304
28123,FALSE,170.49641418457,47.3716506958008,17.6391506195068,7.28840684890747,-0.0375288352370262,-0.0706248506903648,0.225946994362787,0,0.772942179099965,0.000473210639161002,0.000637615898087395,0,0,0,0.379670351743698,0.175544381141663,0.00193865543288217,0.109065130523865
28142,FALSE,23.2361850738525,0.821183979511261,0.584860146045685,0.813525915145874,0.257642686367035,0.41534835100174,0.0393507657433122,0,0.74012181050081,0.156715250977721,0.0622193535683946,0.00159281920976228,0,0,0.296045511960983,0.0481738448143005,4.21106469585747,0
28207,FALSE,22.0748596191406,4.83457851409912,1.4567928314209,1.04864621162415,-0.457900583744049,-0.435673236846924,0.0172574254859228,0,0.575935256034661,0.396794800322897,0.0100125181565201,0,0,0,0.733457088470459,0.135910093784332,0.120128620287853,0.645375052122636
28256,TRUE,131.362655639648,87.4656600952148,17.5440521240234,11.4438238143921,-0.162710785865784,-0.140036419034004,0.543037270521933,0.0046657524329519,0.426360180823791,0.0152662515152695,0.00323454570174257,0.00275787682625991,0.002903150115347,0.00177497206270525,0.149450615048409,0.141142338514328,0.00599844830493099,0.0924828429786572
28258,TRUE,399.710784912109,158.381149291992,25.2077655792236,9.67466831207275,0.206128031015396,0.320055425167084,0.970478369628758,0.001870386996304,0.0251888919007195,0,0.00160474055203207,0.000857610922186685,0,0,0.151216134428978,0.109856821596622,0.0481129026278101,0.412746461592108
28268,FALSE,246.259994506836,51.119197845459,20.4838752746582,7.78237628936768,0.246561646461487,-0.0983137413859367,0.999943574824462,0,0,0,0.0000564251755383041,0,0,0,0.146523639559746,0.0690230205655098,0.0149946001611396,0.219206260503334
28279,FALSE,78.1012191772461,13.6634683609009,13.7171096801758,5.58928632736206,-0.137684553861618,0.136395007371902,0.815397526994414,0,0.168078627996546,0,0.0165238450090395,0,0,0,0.667036414146423,0.142460107803345,5.07452015720067,0.663659879349352
28288,FALSE,180.428466796875,34.1617164611816,28.9935493469238,8.39102458953857,-0.0112693104892969,-0.288180410861969,0.819634367375095,0.00402964412610129,0.171817346875144,0,0.00451864162366019,0,0,0,0.0395997352898121,0.00936070177704096,0.827780416137996,0.0558662950300906
28296,FALSE,204.654861450195,51.5750122070312,24.0994873046875,8.31597518920898,-0.0742228105664253,-0.484967559576035,1,0,0,0,0,0,0,0,0.164535850286484,0.0817336589097977,0.000867289775360646,0.0527074576692758
28305,FALSE,39.9863662719727,0.720935583114624,0.326206147670746,0.697173893451691,-0.0424347147345543,0.554764688014984,0.111498089294239,0,0.404246108410844,0.413370151258678,0.0670814210811834,0.00380422995505629,0,0,0.803270697593689,0.0795004665851593,0.00406139520324913,0.0952339960094752
28318,FALSE,14.0424547195435,14.6488618850708,14.5822429656982,10.6742563247681,-0.118257828056812,-0.0307434406131506,0.00390088460719258,0,0.740366575223245,0.00173974563167726,0.0531967173695525,0.0826680388095087,0,0.118128038358824,0.0882872864603996,0.0753559321165085,0,0
28340,FALSE,34.1679000854492,3.40394997596741,7.96260452270508,4.38721466064453,0.0460602641105652,-0.158779382705688,0.943913675236177,0,0.0167834371335137,0.00238146638701294,0.0369214212432969,0,0,0,0.953346371650696,0.018006332218647,0.133405772847696,0.829275803201373
29079,FALSE,720.235717773438,27.696117401123,30.5818328857422,5.68699359893799,-0.00396379362791777,0.210599690675735,0.973210489728977,0.0267895102710227,0,0,0,0,0,0,0.178425014019012,0.0615334361791611,0,0
29105,FALSE,1.62592756748199,0.886573731899261,0.880424618721008,1.0171731710434,-0.033696748316288,0.456969529390335,0.391327354729999,0.000958336142567384,0.229712503684459,0,0.000958336142567384,0.00444741670512196,0.272994667791847,0.099601384803438,0.419619798660278,0.261590212583542,0,0
29118,FALSE,454.6708984375,139.142059326172,18.9501628875732,8.79134082794189,0.0998308435082436,0.42038756608963,0.956832101032034,0,0.0412947216428045,0,0.00129642787719677,0,0,0.000576749447964979,0.275936990976334,0.149069979786873,0.00852966250897702,0.16433870555773
29127,FALSE,132.463272094727,45.5300559997559,10.1231336593628,9.70268058776855,-0.155529618263245,0.321634203195572,0.416504631728304,0.00937419352094051,0.234204653004069,0.002777312011928,0.00270490831111785,0.000986770710354078,0,0.333447530713286,0.150374472141266,0.107298098504543,0.0731231109880635,0.252477674516653
29128,FALSE,372.821807861328,63.210865020752,19.7796478271484,7.2856764793396,-0.0685346499085426,-0.0736932083964348,0.693776564311114,0.0000960245031077704,0.303649102799136,0,0.00161408785867208,0.000864220527969934,0,0,0.297482073307037,0.154629036784172,0.239697249635952,0.726516450089462
29145,FALSE,17.9884567260742,2.4779851436615,2.47615385055542,2.3302264213562,0.229658827185631,0.232358872890472,0.745337672553863,0,0.183473394735531,0.028404414964092,0.0377749263958419,0.0050095913506728,0,0,0.935287415981293,0.0528717637062073,0.0427085618080202,0.368419754413005
29159,FALSE,94.9657745361328,29.2958068847656,14.8422031402588,5.68794965744019,-0.253189384937286,0.186833545565605,0.0371861727294689,0,0.940427774005527,0.0146026124730251,0.00768737222147619,0.0000960685705032397,0,0,0.542039155960083,0.250503242015839,0.000512072811390551,0.0566458394073241
29160,FALSE,46.1185607910156,9.98736667633057,11.4780807495117,3.66960000991821,-0.0456539988517761,0.0425302274525166,0.0745556173071518,0,0.912576835344867,0.00375037531750825,0.00866112560178529,0.000456046428688032,0,0,0.915956139564514,0.0204193778336048,0.803713895705777,2.1416933794526
29162,FALSE,28.844669342041,3.58485722541809,2.41536641120911,1.70910573005676,0.610974729061127,0.222793594002724,0.136628665585028,0.00247457818764133,0.58639014039687,0.0244608652356348,0.186956273799203,0.0630894767956229,0,0,0.972354173660278,0.0313014835119247,4.08263423482836,3.30813290705095
29388,FALSE,355.239318847656,66.1853179931641,16.4971961975098,7.45987415313721,0.104628399014473,-0.198813408613205,0.797131739745887,0.00851198164133397,0.192687383635501,0.000369527054626726,0.000379497945848171,0.000919869976803858,0,0,0.118991583585739,0.0780328363180161,0.22083824033274,0.634766141293345
29389,FALSE,90.1143798828125,18.3693237304688,12.2437152862549,6.78243350982666,0.0461700633168221,-0.0949444100260735,0.800713820815636,0,0.196153194375136,0,0.00313298480922843,0,0,0,0.339724391698837,0.220949545502663,0.309775651436818,1.26030721612261
29405,FALSE,97.6385498046875,41.9276084899902,22.2072582244873,6.91841793060303,0.356005221605301,0.367067694664001,0.898875520948576,0,0.0999588603671628,0,0.00116561868426079,0,0,0,0.327215760946274,0.182123720645905,0.000810091080291093,0.0694095623307934
29412,TRUE,111.770751953125,66.4831466674805,10.5184116363525,6.37878179550171,0.223864614963531,0.135824516415596,0.000719897482780861,0,0.98994010811558,0.00460215706827527,0.00385015150421526,0.000887685829148607,0,0,0.180349335074425,0.117898710072041,0.157017352966126,0.250432876205796
29415,FALSE,115.086715698242,23.2781028747559,15.5887908935547,6.56893730163574,0.408249169588089,-0.298285901546478,0.524342054864117,0,0.474972573171097,0,0.00068537196478559,0,0,0,0.652228593826294,0.0946777239441872,0.0599749818151863,0.589393010245016
29420,FALSE,362.478698730469,153.340637207031,18.8738403320312,7.87284517288208,-0.146732196211815,-0.656536638736725,0.187620256845133,0.00516113608758069,0.80246904561956,0.00338208687071622,0.00102135598373986,0.000346118593269634,0,0,0.243140891194344,0.134405165910721,0.0147464356770821,0.264567156541094
29544,TRUE,866.17041015625,182.625839233398,19.8740062713623,7.84141397476196,0.0817537605762482,-0.108761139214039,0.417856755316081,0.00603423513806234,0.576067186149443,0,0.0000152863604610049,0.00000207885921535635,0,0.0000244581767376078,0.0442359037697315,0.0372830145061016,0,0
29545,TRUE,389.202331542969,175.724319458008,19.7584991455078,9.18188095092773,-0.0260397903621197,-0.003000115044415,0.394815718427118,0.00435510862234364,0.599728937871343,0.0000668920539296065,0.000995320552656864,0.00000401960098419942,0,0.0000340028716252584,0.129528626799583,0.0874097421765327,0.0650358791190871,0.171003234253212
29556,FALSE,136.70866394043,24.4442558288574,17.9374980926514,8.22473049163818,0.00467655900865793,0.270327180624008,0.206672990737025,0,0.792704068156915,0.000622941106059709,0,0,0,0,0.324313312768936,0.140472680330276,0.000515346439315005,0.0558957782455162
29557,FALSE,410.513519287109,34.3803558349609,26.7647094726562,6.66257905960083,-0.371402233839035,0.124296091496944,0.324242432270967,0.630430435400857,0.0446586266496135,0,0,0.000668505678562911,0,0,0.321534216403961,0.172537252306938,0.041913531995287,0.0998736070229946
29584,FALSE,516.729248046875,160.141174316406,25.3174991607666,8.92879581451416,0.350289940834045,0.349639803171158,0.990814934833032,0,0.00897629212948704,0,0.000208773037481019,0,0,0,0.147945746779442,0.0920983105897903,0.390826875303177,0.599815709150551
29585,FALSE,450.523498535156,112.808006286621,22.4086093902588,8.30274105072021,-0.409093677997589,0.189435988664627,0.745423252276382,0.000263783372140629,0.252750361646231,0,0.00156260270524568,0,0,0,0.108048066496849,0.0760433152318001,0.736878143340537,0.749831591900894
29586,FALSE,0.154134407639503,0.377299904823303,0.417076736688614,0.782653629779816,-0.0312110241502523,0.877644598484039,0,0,0.0379100581911077,0,0,0.000133075832938052,0.127725094947357,0.834231771028598,0.413835614919662,0.172692239284515,0,0
29590,TRUE,184.748336791992,76.7826995849609,17.2653312683105,7.38819694519043,0.0302643496543169,-0.191160976886749,0.885255079440172,0,0.114744920559828,0,0,0,0,0,0.0554458014667034,0.0225467011332512,0.00293231585408254,0.102437272726419
29615,FALSE,24.461877822876,19.929370880127,12.9955940246582,7.57477283477783,0.0363563597202301,0.0969989970326424,0.0500459351720001,0.0000748843455428022,0.904756318530183,0.000492037262935806,0.00777647192201274,0.00274331345284526,0.0239707843458834,0.0101402549685964,0.230511039495468,0.113086640834808,0,0
29617,TRUE,394.636169433594,89.3515930175781,21.0877323150635,8.93957710266113,-0.00478315586224198,-0.0909895971417427,0.551811576836478,0.00755570031691358,0.439982554633884,0.00065016821272466,0,0,0,0,0.131487593054771,0.0522186011075974,0.112638840836253,0.530401399242098
29629,TRUE,421.557647705078,143.899261474609,19.41455078125,8.23387908935547,-0.123214468359947,-0.0930944755673409,0.353525347843552,0.0215281546487547,0.618858455662179,0.0053145013050006,0.000773540540513192,0,0,0,0.135137692093849,0.0941896140575409,0.869679908430445,1.1378002197414
29664,FALSE,23.5722713470459,13.2676620483398,15.0515794754028,5.75276184082031,-0.145080745220184,0.00256149610504508,0.94877629350573,0,0.0512237064942704,0,0,0,0,0,0.444945484399796,0.166393950581551,0.00036952887405432,0.0435124625407679
29687,TRUE,290.485717773438,61.0896530151367,14.2395477294922,7.35165977478027,0.176863312721252,0.141814783215523,0.738177456120547,0.00233431180450589,0.245771240871588,0.0100963203301656,0.000160746455356808,0.00102440854871815,0,0.00243551586911888,0.0279721803963184,0.0131472907960415,0.00277271503430443,0.0575697443366894
29694,FALSE,8.32452011108398,4.44914197921753,6.41272163391113,4.64948558807373,-0.103841289877892,-0.111475072801113,0.19871428881189,0,0.644251697063644,0,0.00741209859919628,0.000828022494516109,0.0021112564019593,0.146682636628794,0.775524914264679,0.248637154698372,0,0
29753,FALSE,269.087738037109,56.5920944213867,17.3959312438965,7.25539493560791,0.0396178662776947,0.209428146481514,0.010054349765308,0,0.989910094599743,0,0.0000355556349491848,0,0,0,0.223645329475403,0.129925012588501,0.0000663018217958704,0.0114756205935951
29756,FALSE,338.839050292969,56.1398887634277,16.9095973968506,7.72722768783569,0.0176007971167564,-0.332823067903519,0.865954807706406,0.0102793114028062,0.123765880890788,0,0,0,0,0,0.0599648468196392,0.0201379638165236,1.85767996258251,1.11697974635338
29761,FALSE,6.14650964736938,7.94884252548218,3.61638212203979,4.19845628738403,-0.034394696354866,0.532707035541534,0.324552102772208,0,0.308148652478616,0,0.0879885974471761,0.0294596331020409,0.119889336944077,0.129961677255882,0.919803321361542,0.0798605158925056,4.0485883246804,2.98624304220291
29767,FALSE,214.125717163086,32.2098121643066,25.0352382659912,10.0922117233276,0.0769823491573334,-0.493872582912445,0.993838666173204,0,0.00129074458710927,0,0,0.00487058923968644,0,0,0.0265507288277149,0.00249954941682518,0.417966163244321,0
29768,FALSE,222.82405090332,45.5708236694336,25.1293601989746,7.48757791519165,-0.11616139113903,-0.105135329067707,0.939145070311903,0.00122180517447185,0.0456455519220972,0,0,0.0139875725915283,0,0,0.0400613248348236,0.0053740250878036,0.833592257867189,0.685436235841644
29771,FALSE,51.9718132019043,31.9525966644287,16.3160705566406,8.14052486419678,-0.497917324304581,0.144759505987167,0.0813475044378714,0,0.912457630825451,0,0,0,0,0.0061948647366781,0.136841505765915,0.0492756254971027,0.946020002926089,0.0282858767011779
29772,FALSE,41.2311248779297,3.60376238822937,3.42144465446472,2.01495051383972,-0.268617779016495,0.0682590529322624,0.551525366001729,0,0.448425344061895,0,0.0000492899363762103,0,0,0,0.476041287183762,0.132467836141586,4.04800707637287,0
29773,FALSE,120.617286682129,24.8887786865234,13.4668169021606,5.77377653121948,0.324392229318619,-0.346188932657242,0.0171701498258188,0.0020206894070794,0.977761981909569,0,0.00304717885753314,0,0,0,0.546694159507751,0.222663536667824,5.36476689136898,1.45850211854423
29774,FALSE,463.877288818359,79.5309677124023,25.4977531433105,8.91124534606934,0.377584129571915,0.296394199132919,0.999712777093914,0,0,0,0.000287222906085706,0,0,0,0.302428185939789,0.18485301733017,4.20288798673738,0.756925726070913
29779,TRUE,670.361938476562,93.9724578857422,20.7605800628662,9.71871089935303,-0.104766726493835,-0.0398718416690826,0.411172077375478,0.014834508333975,0.573466424631153,0,0.00024932844100378,0,0,0.000277661218390573,0.0580320954322815,0.0301487520337105,0.509476483107335,0.128847803970615
29780,FALSE,197.211486816406,36.0746574401855,13.5713491439819,8.3988151550293,-0.114778332412243,0.0627193376421928,0.754036540018458,0.00288508354842633,0.200632459641907,0.00165672798736867,0.000263878624051038,0.0114032563141637,0,0.0291220538656254,0.165803536772728,0.161924630403519,0.167227629559456,0.523432863929762
29781,FALSE,181.561065673828,52.3487510681152,15.0877370834351,9.91141605377197,0.362940937280655,0.487752974033356,0.748963298507897,0.00410495918420356,0.0926085262843653,0.00486629564123158,0.00186673567302355,0,0,0.147590184709279,0.123988561332226,0.101594917476177,0.800626826726774,1.41574784416531
29782,FALSE,5.96648931503296,2.26327586174011,3.41019773483276,3.38131284713745,-0.209900483489037,0.357789874076843,0.606698198196701,0,0.254924803105718,0.125087325747526,0,0,0.00460117538757882,0.00868849756247537,0.532533824443817,0.246478214859962,0.274354963356946,0.910626775067129
29784,FALSE,240.444412231445,43.2291870117188,18.1758670806885,7.86836862564087,-0.171792313456535,-0.161637142300606,0.486508456456515,0.00125263397353742,0.511631856418865,0.000525298117935048,0.000081755033147575,0,0,0,0.0515548139810562,0.0507024154067039,1.08364701250473,0.355834444333555
29785,FALSE,231.338500976562,42.4161911010742,17.4819793701172,7.19916343688965,-0.32693487405777,0.117660440504551,0.416090750235473,0.001101836026319,0.574533349719503,0.00669547141167602,0,0,0,0.0015785926070294,0.131754636764526,0.103558465838432,1.68053504176798,0.199337566546506
29800,FALSE,202.288467407227,27.4789848327637,17.3648643493652,7.8629355430603,0.0560239590704441,0.461073935031891,0.543086780548023,0.0110047895586638,0.411109762912217,0,0.00315825493580825,0.0316404120452877,0,0,0.358372718095779,0.101102955639362,4.65793300050922,0.103623364969492
31035,FALSE,94.6430740356445,18.0418224334717,14.6429691314697,4.79723978042603,-0.121176488697529,-0.0382086038589478,0.259019921713114,0,0.66783797621773,0.000854662069348734,0.0722874399998071,0,0,0,0.833766460418701,0.064574733376503,0.00223267369565806,0.120848803922748
31201,FALSE,177.266998291016,27.264497756958,14.8133296966553,6.63551044464111,-0.292669981718063,-0.00884275604039431,0.734805383955076,0.0962921320566294,0.14406544653232,0,0.0205057503696478,0.00433128708632696,0,0,0.538527309894562,0.0938430353999138,3.93286182410961,1.80720298590339
31204,FALSE,401.822509765625,73.4365844726562,23.4416332244873,6.76676559448242,-0.489026635885239,-0.45808544754982,0.563367104467173,0.000477278126933918,0.43608374788082,0.000071869525073029,0,0,0,0,0.0667615756392479,0.0177350081503391,0.444345162650748,0.58005201293826
31205,TRUE,13.855785369873,3.08973598480225,0.797837615013123,1.41211402416229,-0.0317882969975471,0.0979901403188705,0.0000534097446191549,0,0.975733318600387,0.0182653645981369,0.000175290318145325,0.00577261673871186,0,0,0.224690452218056,0.0725125819444656,0.0259787745201758,0.0364858075756423
31207,FALSE,127.871269226074,30.4666137695312,16.584285736084,7.55933237075806,-0.175556421279907,0.363508313894272,0.00749336570116822,0,0.988274059068404,0.00423257523042748,0,0,0,0,0.382504194974899,0.138019308447838,0.00222353183146532,0.0317616574821635
34900,FALSE,33.1068954467773,12.6128044128418,1.88958501815796,2.11682200431824,0.121832966804504,0.245284736156464,0.226092735630772,0.00281118534483391,0.505057162796248,0.0538929193604633,0.175398604051429,0.0367473928162544,0,0,0.958515405654907,0.100748769938946,5.46811502025376,2.13932310026609
34926,FALSE,470.147308349609,108.366340637207,21.1247711181641,8.96073150634766,0.311658889055252,0.27138939499855,0.994049163808388,0,0.00544411825352385,0,0.000506717938087653,0,0,0,0.199948832392693,0.0909757539629936,0.532980789138532,1.3100827413165
34960,FALSE,183.040252685547,34.8742065429688,20.9315013885498,7.19107866287231,0.437340348958969,0.166243463754654,0.958850435205071,0.000877731441457705,0.0363795406789588,0,0.00389229267451281,0,0,0,0.475119441747665,0.178244233131409,4.31928901507756,0.52817989635174
34961,FALSE,180.642929077148,29.0719394683838,21.8749561309814,6.56195735931396,0.441091984510422,0.321430712938309,0.955271867106215,0.00410424638113024,0.038294446886812,0,0.00232943962584257,0,0,0,0.664864063262939,0.150450199842453,4.48641663133479,0.449771370301305
34999,FALSE,175.226852416992,49.575080871582,14.9364376068115,5.65068531036377,0.0868692398071289,-0.247505187988281,0.0939661752926993,0,0.899194668035303,0.00683915667199763,0,0,0,0,0.202169612050056,0.0398077517747879,0.456995072198923,0.00475595495496091
35002,FALSE,262.165344238281,40.209171295166,16.4172477722168,7.91388320922852,-0.0170611031353474,-0.0294431950896978,0.000814420922786022,0,0.989761449376927,0.00637005123983921,0,0.00268080220417066,0,0.000373276256276927,0.169561430811882,0.0289076697081327,0.884447119264854,0.561299661471777
35003,FALSE,344.083679199219,19.0308647155762,12.9392280578613,5.26250648498535,-0.020526209846139,0.593688607215881,0.899803871717707,0,0.100196128282293,0,0,0,0,0,0.205304488539696,0.052070140838623,3.19937515440799,0.000000000000000444089209850063
35010,FALSE,271.892700195312,38.364917755127,13.5922021865845,7.00711488723755,-0.146607667207718,-0.120510242879391,0,0,0.970941503778902,0.0275349449870474,0.00152355123405022,0,0,0,0.13316585123539,0.0202869959175587,0.599789049639956,0.400982851960943
35027,FALSE,485.570068359375,90.569221496582,21.0300254821777,7.1357045173645,-0.300262629985809,0.641649603843689,0.829729969790444,0.0490483385869952,0.121221691622561,0,0,0,0,0,0.0900243148207664,0.0611431486904621,2.20402710069607,0.402611944439405
35030,FALSE,217.870529174805,31.491756439209,14.6433057785034,5.65646886825562,0.233040690422058,0.144808605313301,0.104584420896141,0.0200930641186445,0.875322514985214,0,0,0,0,0,0.2207011282444,0.0480966195464134,0.716724568127695,0.269567539678538
35041,FALSE,233.812652587891,46.9734725952148,20.0569591522217,6.45038509368896,-0.0219634771347046,0.519897520542145,0.333156425999676,0,0.663946368646776,0,0.00289720535354752,0,0,0,0.299308478832245,0.228242158889771,3.00527638892872,1.85976527106264
35054,TRUE,0.0311542507261038,0.20266555249691,0.117427080869675,0.544093370437622,0.00561749748885632,0.946614742279053,0.00111790952126695,0.0000729715392209472,0.978254006721457,0.0103466641467263,0.000178999488251969,0,0.0100166909093902,0.0000127576736864069,0.18247951567173,0.0957854986190796,0.000046236171352046,0.00297668274532951
35057,FALSE,192.489181518555,49.996768951416,14.7110433578491,6.05752086639404,-0.523289799690247,-0.534663140773773,0.00128174725215032,0,0.996655856003463,0.00206239674438674,0,0,0,0,0.249242380261421,0.129642173647881,0.00131459836348749,0.0123640279041992
35058,FALSE,442.936706542969,37.4254035949707,20.5804386138916,6.08315849304199,0.149679452180862,-0.390007257461548,1,0,0,0,0,0,0,0,0.117371082305908,0.0571189150214195,1.83450146366884,0.191782809915695
35074,FALSE,184.439376831055,41.051456451416,13.1362037658691,7.79182291030884,0.143540695309639,0.00767089333385229,0.673008060460924,0,0.209776290260942,0.0000360657502612422,0.0113446393862577,0.000450821878265527,0,0.10538412226335,0.367252171039581,0.20510345697403,0.0173235921652192,0.309110586473887
35076,FALSE,113.608062744141,28.9032707214355,17.7750091552734,5.16939258575439,0.0719824805855751,0.673685491085052,0.230727160275063,0,0.76719304480463,0,0.00207979492030711,0,0,0,0.350763767957687,0.175207257270813,3.76059678693072,0.486680724627436
35092,FALSE,19.6754302978516,8.7137393951416,5.70059204101562,6.1786994934082,-0.0868645682930946,-0.387092411518097,0.26495947215611,0,0.384153943936576,0.00227653674910004,0.336693239346385,0.00250839013804925,0,0.00940841767377913,0.923952400684357,0.0206774324178696,1.02015986645032,2.35046340307259
35095,FALSE,8.19223117828369,5.85290575027466,9.30640125274658,8.20027351379395,0.282225400209427,-0.765723049640656,0.204699026345931,0,0.155506187181138,0,0.134735926606265,0.399898239644337,0,0.105160620222329,0.76200395822525,0.176325097680092,1.42620787891794,0.130244884351477
35097,FALSE,2.89201855659485,1.66522622108459,1.73883962631226,3.01606702804565,0.056693822145462,0.439038872718811,0.0466749325672256,0.000195404522437811,0.646804132906178,0,0.0815476596350138,0.0747717017286482,0.00781618089751246,0.142189987742984,0.981383740901947,0.011975921690464,0.000928730537987706,0.0649866579759849
35102,FALSE,0.932985246181488,0.880355298519135,0.578315377235413,1.15711450576782,0.0222633313387632,0.735248327255249,0.0304897733265325,0.000130712595768713,0.166118864652499,0.00180904556495928,0.000925855370090443,0.0317141698783033,0.147243667562225,0.621567911049622,0.650422155857086,0.238183096051216,4.47018045417325,0.531169021463045
35104,FALSE,0.223391607403755,0.507385849952698,0.305908262729645,0.787976443767548,-0.0245359800755978,0.8192138671875,0.00251720482688717,0.00057895711018405,0.200977797055289,0.0753816468684777,0.000102340084287084,0.0000503440965377435,0.627082479481444,0.0933092304768925,0.120124459266663,0.0442649014294147,0.154552108668803,0.252369489617632
35110,FALSE,-0.228332281112671,1.97232472896576,1.55586898326874,1.66735303401947,0.0399067364633083,0.342747688293457,0.0370461614626787,0.000583778573305346,0.391974755939246,0.0532415470598483,0.00303901024623576,0.00627870042707847,0.395484021690076,0.112352024601531,0.505094587802887,0.0808239132165909,0.556787457038217,0.16802518541281
35111,FALSE,333.461120605469,101.764488220215,28.3194847106934,7.70730304718018,0.246275544166565,0.0975309461355209,0.418301945615558,0.00270089366242697,0.578960296238798,0.0000368644832168425,0,0,0,0,0.044312484562397,0.041318703442812,0,0
35113,FALSE,88.1544189453125,8.60659790039062,4.22769641876221,2.1946120262146,-0.0387709811329842,-0.600833892822266,0.0557922717818264,0,0.940556302095412,0.0015266742856051,0.00212475183715657,0,0,0,0.477780997753143,0.119624599814415,5.16215785201508,0.0477218383067914
35115,FALSE,226.881607055664,17.5580406188965,20.449239730835,7.20031929016113,0.171549946069717,-0.147695913910866,1,0,0,0,0,0,0,0,0.225960239768028,0.0422530882060528,4.96046024281544,1.12562440694718
35116,TRUE,143.886596679688,43.3668098449707,14.0807886123657,6.8243522644043,-0.195176810026169,0.0590576604008675,0.203404720967791,0,0.795494219889554,0.00102242713599465,0.0000786320066604832,0,0,0,0.210038110613823,0.104870989918709,1.73297116975611,1.22059498007769
35121,FALSE,17.3999309539795,3.08720922470093,3.30895829200745,2.84450483322144,-0.006233224645257,-0.226228728890419,0.575950496280358,0,0.139282083022276,0,0.0695801226205101,0,0.000106499333222701,0.215080798743633,0.79367858171463,0.27879336476326,0.00071701458575158,0.0709159012672099
35125,FALSE,483.465698242188,94.5312118530273,23.8693180084229,7.30711555480957,0.167166143655777,-0.309017091989517,0.996752826959429,0,0.00324717304057114,0,0,0,0,0,0.0454997308552265,0.0121644223108888,0.310791580547585,0.333811697810596
35146,FALSE,185.60498046875,57.9277687072754,20.3990287780762,8.05493354797363,-0.222541585564613,-0.0324391461908817,0.943983864461947,0.00476271335331899,0.0490258410172712,0,0.00219677957562184,0.0000308015918412104,0,0,0.109899051487446,0.115031726658344,0.859486777035152,0.842107509776346
35157,FALSE,2.88385391235352,1.80697727203369,0.936834990978241,1.03577136993408,-0.102711744606495,0.320268660783768,0.253880656618408,0.227288078339119,0.0608753778815365,0.136969507578222,0.150145930518139,0,0.125733091577917,0.0451073574866584,0.436398178339005,0.29345116019249,0,0
35364,FALSE,216.25439453125,27.0672187805176,19.9676532745361,7.76240301132202,0.116848722100258,-0.328669399023056,0.995859898280303,0,0.00203075778718665,0,0.00210934393250989,0,0,0,0.400107771158218,0.116870976984501,0.19950514806217,0.981017641101268
35477,FALSE,626.3525390625,77.1306686401367,21.1428623199463,7.47031688690186,0.270939022302628,-0.198571890592575,0.960394027103526,0.00260629963517212,0.0368480380191495,0,0.000151635242152732,0,0,0,0.0200804490596056,0.0212942119687796,0.00225432879575562,0.0336786175313102
35702,FALSE,670.869567871094,54.8637008666992,19.6313762664795,7.1146035194397,-0.0288951396942139,0.356883674860001,0.932251117770957,0.000128377787460491,0.0674807438834297,0,0,0.000139760558153198,0,0,0.0504534728825092,0.0666421502828598,0,0
35709,FALSE,576.204711914062,210.235198974609,22.5599308013916,8.71020603179932,0.205433502793312,-0.735894203186035,0.849814509560653,0,0.0978237181449058,0.00293331957211619,0.0465654172390498,0.00286303548327545,0,0,0.138764292001724,0.204509660601616,0.281477774400486,0.823517838830867
35922,FALSE,89.4872360229492,15.1860160827637,7.10518789291382,6.44596767425537,-0.34101328253746,-0.214229673147202,0.327177412242935,0.000207836123452943,0.291312534071926,0.0200857072667165,0.253430118057524,0.0425005354901014,0,0.0652858567473439,0.57468044757843,0.111772112548351,0.640731843142149,1.64206363727832
35999,FALSE,709.46435546875,107.06884765625,26.1066837310791,8.26370525360107,-0.413361608982086,-0.225608378648758,0.991316809180694,0.0066218211273345,0.00206136969197165,0,0,0,0,0,0.0822348296642303,0.0603855885565281,0.00750566640556807,0.154294387877179
36254,FALSE,0.910655677318573,0.73757940530777,0.998632490634918,0.988476991653442,0.00304360408335924,0.379675358533859,0.254851314224399,0.130904093690828,0.0576932600399132,0,0.00314401181254386,0.00677667056609732,0.261455832855456,0.285174816810763,0.196055948734283,0.123554699122906,0.000333517103594639,0.0163311981970263
36351,FALSE,12.1236248016357,1.48592090606689,1.13438129425049,1.12128531932831,0.542752385139465,-0.0370451584458351,0.51820513623552,0,0.262445453743862,0.00370643475578,0.211318801383094,0.00247095650385333,0.00185321737789,0,0.97065132856369,0.00756661081686616,0,0
36504,FALSE,506.945526123047,39.183162689209,20.9452476501465,9.45949077606201,-0.101270817220211,-0.12041337788105,0.955092487338503,0.000691298910834295,0.0428046721939891,0,0.00123871682896494,0.000172824727708574,0,0,0.215454921126366,0.117804288864136,0.0891440445710742,0.616729971038441
36505,FALSE,318.080841064453,110.554107666016,20.130578994751,10.6722087860107,0.0544139854609966,-0.17059089243412,0.957692947688899,0,0.0314989653145698,0,0.00139996588212561,0,0.00174052588727036,0.00766759522713481,0.279051601886749,0.195135146379471,2.1065414068789,0.871640930263157
36536,FALSE,253.482940673828,61.8024444580078,18.2754993438721,7.11016941070557,-0.0656663104891777,-0.225072950124741,0.485634313006073,0.0247807854711827,0.476639888488289,0.00236592140478789,0.0104837614663913,0.0000953301632760914,0,0,0.647368311882019,0.258605301380157,0.282534739665679,1.26430911345898
36628,FALSE,524.804992675781,31.2610111236572,21.5211791992188,9.90743255615234,-0.36122339963913,-0.46949428319931,0.999275140467169,0,0.000724859532830605,0,0,0,0,0,0.163630753755569,0.0609045438468456,0.0212827573850844,0.302829078861236
36638,FALSE,100.811279296875,1.02163028717041,1.4467533826828,1.33204615116119,-0.058167789131403,0.432486534118652,0.128726779433516,0,0.386069838412949,0.00111510430143456,0.455880818209608,0.0282074596424923,0,0,0.961129724979401,0.0194657556712627,0.012771224681077,0.179451257664113
36695,FALSE,166.154586791992,13.7570133209229,8.23415756225586,9.20171070098877,0.0351659096777439,0.151877954602242,0.335935529759525,0.0118639935381922,0.287756509786569,0.0346192363863395,0.0265596371775175,0.0266352023282475,0,0.27662989102361,0.512400805950165,0.161269038915634,0.0464492624428781,0.372948522312845
36697,FALSE,93.0077743530273,3.92391347885132,2.96710395812988,3.84998893737793,0.141217410564423,0.322198688983917,0.431007044739516,0,0.18083640863489,0,0.0768581213905532,0.000112040369398444,0,0.311186384865643,0.939821302890778,0.0333424955606461,0.000750502170427686,0.0696205382632731
36698,FALSE,71.7330932617188,3.15013957023621,2.91131138801575,2.84642553329468,0.0347865708172321,0.333548277616501,0.452029116467818,0,0.0979853497519587,0.000167925294784666,0.0389170058974269,0.00322348094971328,0.000335850589569332,0.407341271048729,0.952608168125153,0.0249698907136917,0.540770528763641,1.9193738733407
36699,FALSE,52.1187629699707,7.70370292663574,7.07571887969971,3.61561942100525,-0.087527833878994,0.101662673056126,0.896513268413347,0,0.00732119749462433,0,0.0892969898565572,0,0,0.00686854423547098,0.975247740745544,0.00955265481024981,1.38261077428699,2.95170101268407
37025,FALSE,290.649536132812,58.3551139831543,31.732608795166,6.48350524902344,0.467588752508163,-0.570759415626526,0.35444702434819,0.00598083325377901,0.639572142398031,0,0,0,0,0,0.17720527946949,0.0841215774416924,0,0
37026,TRUE,313.010070800781,103.661483764648,22.0399723052979,8.61347103118896,0.216255232691765,0.191397622227669,0.960831648239275,0.000181392303716484,0.038024347843554,0,0.000658131675073259,0,0,0.000304479938381242,0.114999853074551,0.0798692852258682,0.125011169895407,0.383409366490304
38000,FALSE,0.49027806520462,0.930683732032776,0.872809767723083,1.74402332305908,-0.0105064241215587,0.674922108650208,0.0391165409427081,0.000370645081387828,0.110569356817977,0.000354189616090908,0.00645485603773526,0.0018567424111126,0.0952961781383229,0.745981490954666,0.772844612598419,0.262136846780777,0,0
38013,FALSE,2.83185958862305,1.39240860939026,2.02562165260315,2.02393889427185,-0.0405308790504932,0.0339816361665726,0.368006328104653,0,0.541630175967145,0,0.0284540560149678,0,0.0619094399132348,0,0.92916077375412,0.0426652282476425,6.27786668601418,0
38031,FALSE,423.74072265625,36.3920097351074,21.07444190979,7.45076656341553,-0.308597892522812,-0.261548191308975,0.151053356304948,0,0.848750105342155,0,0.000196538352896673,0,0,0,0.243020445108414,0.0708850473165512,2.29485945303593,0
38032,FALSE,265.42138671875,57.1245384216309,28.2171440124512,6.94361639022827,-0.254586935043335,0.0138574596494436,0.870400955180499,0.0921143731535831,0.0365696799338749,0,0.000914991732043288,0,0,0,0.125853836536407,0.0364856123924255,2.62007434115565,0.522824594706
38037,FALSE,280.334869384766,32.6847877502441,24.5029983520508,9.34183979034424,-0.143606692552567,-0.131230160593987,0.938470788574161,0.00329090430651821,0.0317750252050284,0,0,0.026463281914292,0,0,0.0253959633409977,0.00203034561127424,1.68309965711628,0.492592634425719
42002,TRUE,487.357727050781,165.468521118164,19.0518894195557,10.4313840866089,-0.205131053924561,-0.154560118913651,0.950379649736871,0.00210302203499947,0.046434245656794,0.0000142265534737766,0.000374561305671508,0.000694294712190666,0,0,0.0994438081979752,0.093193493783474,0.289571322136853,0.324276839183573
43096,FALSE,336.182647705078,44.628963470459,28.9925632476807,7.83145427703857,-0.454604953527451,0.409538477659225,0.933166123528371,0.0138891280607042,0.0529447484109247,0,0,0,0,0,0.0560401864349842,0.00575846573337913,0.0000593715516742544,0.0085792655853396
43105,FALSE,137.539413452148,61.5412063598633,10.4721403121948,5.34044122695923,-0.774394094944,0.101650841534138,0.177363512339645,0,0.79994557252975,0.0226909151306059,0,0,0,0,0.170530155301094,0.0934577286243439,0.641178145209623,1.35584748535386
43107,FALSE,105.254791259766,22.6524772644043,13.3764266967773,8.27482318878174,-0.203034549951553,0.273099392652512,0.765299007844178,0,0.176680451459674,0.0281095458359226,0.0230383134158363,0.000937183833325787,0,0.00593549761106332,0.830448865890503,0.131541877985001,0.147808049388819,0.936106050401288
44005,FALSE,55.5381736755371,15.0655221939087,5.86106872558594,4.62841844558716,0.179103493690491,0.478547394275665,0.113952590756616,0,0.845646013248407,0.0287292101246345,0.0114766403506401,0.000195545519701572,0,0,0.371347218751907,0.174556776881218,0.00839433107218883,0.142390923013572
44307,FALSE,182.503860473633,30.301549911499,20.9589767456055,7.88932991027832,-0.1375552713871,0.0989320576190948,0.661643570382245,0.00875130439518126,0.32918815421621,0,0,0.000416971006363651,0,0,0.0415445640683174,0.0343039557337761,0.0000167475182434756,0.00283625711689001
44308,FALSE,229.677505493164,49.3366012573242,19.8192386627197,7.05424499511719,0.312465250492096,0.341007500886917,0.701456986893285,0.00266491533719002,0.261705102753427,0.000420776105872108,0,0.000350646754893423,0,0.0334015721553321,0.0207398254424334,0.00616998178884387,0.000014863043961596,0.00267193015869174
44309,FALSE,221.177474975586,43.4711990356445,16.2901401519775,7.26328086853027,0.421507507562637,0.13231435418129,0.814975703962298,0.00394731467102758,0.176915230920229,0,0.00408718600314833,0.0000745644432971765,0,0,0.243093997240067,0.135242477059364,0.000039772688533165,0.00705572565074468
44410,FALSE,303.840881347656,49.0846710205078,17.0278129577637,6.72920846939087,-0.237798303365707,0.132096886634827,0.897839052883637,0,0.102160947116363,0,0,0,0,0,0.0994827374815941,0.0592733472585678,2.16098338425745,0.438148158745115
44413,FALSE,360.049591064453,43.469409942627,22.5397243499756,8.20609474182129,-0.13131445646286,-0.194545418024063,0.708288248622754,0,0.121285890414628,0,0.000104066163818858,0.170321794798799,0,0,0.0326386652886868,0.00574596133083105,0.480858853174956,0.715544342904223
44457,FALSE,19.7217311859131,11.7783041000366,15.6451845169067,8.91895580291748,-0.197405502200127,-0.676667332649231,0.225094575419498,0,0.319105545236044,0.104220076691074,0,0.262128414121732,0,0.0894513885316528,0.59350174665451,0.112803570926189,1.97898533476602,0.515834810316612
44493,TRUE,0.462829411029816,0.793610811233521,0.203935101628304,0.635211706161499,-0.0115836439654231,0.873645961284637,0.0490767443283201,0.0643884277605225,0.690053981663216,0.02446322788099,0.00261916319407122,0.00205517432487632,0.119882410711675,0.0474608701363285,0.325796991586685,0.152497783303261,0.10484223839855,0.101208496693651
44529,FALSE,31.7735996246338,6.37909460067749,7.07513761520386,4.92902994155884,0.0223250314593315,-0.132303774356842,0.366774423410556,0,0.578080575812896,0.0496561253475451,0.00504600507718,0.00044287035182314,0,0,0.974521100521088,0.00738607114180923,1.44025205852796,1.54741035702876
44702,FALSE,247.697738647461,94.2652969360352,27.1581439971924,7.98717212677002,-0.41420790553093,0.189690694212914,0.998147236889624,0,0.0018527631103761,0,0,0,0,0,0.0540588162839413,0.041997030377388,0.221886762438603,0.0654826843413253
44706,FALSE,442.741485595703,105.733459472656,19.7065200805664,7.81721067428589,0.182542413473129,-0.100018963217735,0.608219160146498,0.000325291016897294,0.391191582859159,0.0000162645508448647,0.000215172324911425,0.0000325291016897294,0,0,0.109681226313114,0.0520303994417191,1.12847277707551,0.873343016245178
44708,FALSE,497.753631591797,51.88427734375,22.827615737915,7.5956449508667,-0.130104690790176,-0.529553413391113,0.273301718871344,0.0262346584690139,0.700463622659643,0,0,0,0,0,0.0910469070076942,0.0275228638201952,1.47171503185732,0
44709,FALSE,434.038177490234,96.8122940063477,19.6543426513672,7.80720281600952,-0.398245632648468,-0.00582960760220885,0.168226825036253,0.0171052072711453,0.806306244418093,0.00835447738875399,0.0000072458857548039,0,0,0,0.153784364461899,0.0847178399562836,1.57724660749966,0.366886851171667
44716,FALSE,234.827331542969,39.3628578186035,16.6340427398682,6.01409292221069,-0.202040791511536,-0.319807559251785,0.0784758713225205,0,0.913001577284897,0.000230029975775199,0.0082925214168072,0,0,0,0.496988117694855,0.191316068172455,4.18972878123336,1.02912736243159
44755,FALSE,719.947998046875,165.304916381836,22.0348930358887,7.29869556427002,0.0797480493783951,-0.0498979426920414,0.717237603891966,0.00516598732615924,0.277477758865104,0,0.000118649916770702,0,0,0,0.040704108774662,0.0319374911487103,0.00000162173890508497,0.000294258061015669
44758,FALSE,600.098083496094,25.7963218688965,17.5809268951416,9.485276222229,-0.040196780115366,0.0679639652371407,0.887017290915139,0,0.101726802327114,0,0.00233513366209478,0.00892077309565181,0,0,0.0564737543463707,0.0162467733025551,0.0456503527451191,0.170584614099483
44803,FALSE,44.1640625,0.605570197105408,0.439714193344116,0.743997514247894,-0.0722390562295914,0.677084922790527,0,0,0.743263435937973,0.254871638468097,0.00186492559392929,0,0,0,0.510798752307892,0.0618307963013649,0.87462602006323,0.000000102420279665239
44916,FALSE,46.4279670715332,24.8173923492432,11.5629463195801,4.67507171630859,0.365781486034393,0.302852809429169,0.18896912361062,0,0.796123197606568,0,0.0149076787828123,0,0,0,0.406202882528305,0.228490218520164,0.421545876389305,0.0433512761315797
44917,FALSE,1.85567188262939,2.6221923828125,1.01650667190552,1.36590731143951,-0.235736072063446,0.332339286804199,0,0,0.993274360880175,0.00658982941626629,0.000135809703558565,0,0,0,0.342909663915634,0.116026647388935,0,0
44925,FALSE,257.376892089844,69.2318572998047,22.2620983123779,9.98862457275391,0.458606064319611,0.236526072025299,0.942291577935587,0.0000636979541445021,0.0575178716265788,0,0.000126852483690152,0,0,0,0.116906769573689,0.0826612934470177,1.29706984817989,0.0319345025892992
44926,FALSE,257.074676513672,47.6465034484863,16.1925468444824,7.86059045791626,-0.139329865574837,-0.0366492308676243,0.720752422827272,0.00265977284532965,0.2649941711626,0.00901689090612469,0,0.00250571414966588,0,0.0000710281090079931,0.0201049204915762,0.0102509390562773,0.000103947639005132,0.00539462312023059
44934,FALSE,411.06787109375,82.6021347045898,21.1588516235352,7.82815313339233,-0.338798820972443,-0.37820029258728,0.936555338819956,0.00583302038475057,0.0571478036700543,0,0.000463837125238672,0,0,0,0.0826358199119568,0.0375300943851471,0.992849153689713,0.302224155129732
44956,FALSE,262.56689453125,36.8532562255859,18.4596710205078,5.5153431892395,-0.37719851732254,0.0199833512306213,0.198261024658912,0,0.800976898235887,0.000501945310232387,0.000260131794968255,0,0,0,0.417604178190231,0.17656809091568,5.33916896910358,0.00198515559712443
44957,FALSE,277.861328125,32.6749267578125,20.3756980895996,5.40217542648315,-0.476309269666672,-0.359208464622498,0.300716756019978,0,0.695620420195063,0,0.00366282378495915,0,0,0,0.403799146413803,0.114521011710167,4.74587153837347,1.34525551321016
44959,TRUE,321.340515136719,133.27294921875,23.9562129974365,8.73555183410645,-0.0342452004551888,-0.00138285011053085,0.975556980620861,0.0000317964700342425,0.0243934055746912,0,0.0000161204454217248,0,0,0.00000169688899176051,0.0561230108141899,0.0596357136964798,0.0781503639657788,0.213868417388944
45113,TRUE,-0.413521081209183,1.23602032661438,1.35757923126221,1.32818913459778,-0.0157127901911736,0.115523941814899,0.211100362648326,0.00167893993823539,0.0677598826421793,0.090190732935993,0.00322603953616429,0.00152729375026575,0.529774707764166,0.0947420407846705,0.372524231672287,0.120794951915741,0.0933386665760151,0.193242107092844
45281,FALSE,182.259048461914,104.911354064941,23.7754173278809,9.72169780731201,-0.297848999500275,-0.342728823423386,0.991966399504859,0.000477391659958002,0.00710803891784126,0,0.000445162246723588,0,0,0.00000300767061781968,0.132172852754593,0.10380257666111,0.554290548364307,0.146476953168049
45286,FALSE,255.789184570312,88.985954284668,27.2966213226318,9.02807807922363,0.319506376981735,0.367000788450241,0.930747289232217,0.00644138967030031,0.062811321097483,0,0,0,0,0,0.0798282697796822,0.0411545969545841,0.241640561660254,0.0000000000000000277555756156289
45300,FALSE,40.3238983154297,25.6565170288086,15.9258041381836,8.86721992492676,0.359353125095367,-0.0207114052027464,0.286033255422086,0.00120359348028784,0.643130545556965,0,0.00770303427223815,0.024176590380794,0,0.0377529808876288,0.466126620769501,0.250847190618515,0.0277584186464079,0.263648497988589
45337,FALSE,419.688415527344,55.6429252624512,19.3689155578613,7.4571681022644,-0.506906926631927,-0.0450927168130875,0.0542627985719217,0,0.938573533370879,0,0.0071636680571992,0,0,0,0.114622429013252,0.0855207890272141,0.0629536961983494,0.56591956828274
45369,FALSE,64.2448272705078,2.12073087692261,2.57207179069519,2.47227311134338,0.101114451885223,0.245864734053612,0.333284624106988,0,0.617137027751509,0.00375176435638121,0.0457217330936049,0.000104850691516252,0,0,0.779086649417877,0.106179676949978,5.40525684600854,0.401634960458482
45370,FALSE,74.800048828125,12.2214450836182,7.81984806060791,6.51000547409058,0.170894399285316,0.162943229079247,0.598484022506206,0,0.348508212837553,0,0.0522822785905067,0.000260046395904329,0,0.000465439669830315,0.765235602855682,0.137705892324448,1.84840023317608,2.07093464974329
45375,FALSE,233.728057861328,30.1965770721436,17.8640251159668,7.29416179656982,0.0708443224430084,-0.0360504873096943,0.179730904146402,0.0162285163686453,0.804036769526765,0,0.00000380995818761679,0,0,0,0.203386083245277,0.0312602929770947,0.178988835154288,0.196697423488468
45382,TRUE,623.307800292969,89.4635238647461,18.2343349456787,7.50376081466675,-0.0143001759424806,-0.14070700109005,0.519229163255511,0.00154314053661516,0.478451168058044,0.000532311620743891,0.000134319090997579,0.000109897438088928,0,0,0.0205985847860575,0.0193292368203402,0.896329968462342,0.00229028827873184
45390,FALSE,49.0422134399414,3.42550277709961,3.50848388671875,3.45534586906433,0.0649331361055374,0.0593545734882355,0.580859461999374,0.000187508172243084,0.214423157914938,0.00237532351144128,0.134271191363713,0.00741197148989628,0,0.0604713855483945,0.928670585155487,0.0607185028493404,0.000000342127900895017,0.00149395342674749
45401,FALSE,287.015014648438,95.4003219604492,25.5931148529053,8.58689308166504,0.283103823661804,0.3219293653965,0.96851698940061,0.00186146052933123,0.0296215500700586,0,0,0,0,0,0.054658081382513,0.0071593732573092,0.129323028409117,0.115120733144645
45422,FALSE,612.329406738281,54.1120185852051,31.2140789031982,9.08481407165527,-0.47288966178894,0.16878168284893,0.410281244054381,0.0657796431165893,0.52393911282903,0,0,0,0,0,0.0244283340871334,0.00619636662304401,0.505168186831848,0.0107540182735302
45467,FALSE,211.457229614258,62.8793678283691,20.5972633361816,9.00874328613281,-0.331273972988129,0.263981878757477,0.898247664581362,0.00134914712344078,0.100002702566602,0,0.00040048572859551,0,0,0,0.0851041600108147,0.0486315079033375,1.75531689314614,0.347830225991327
45518,FALSE,604.351989746094,52.1734313964844,21.3593807220459,6.09451723098755,-0.0408346951007843,-0.198273405432701,0.794872076783913,0.000229598600927475,0.204898324615159,0,0,0,0,0,0.0383014529943466,0.0170990247279406,0.642798028114604,0.165168368073469
45655,FALSE,108.320915222168,1.32381463050842,3.13700079917908,1.76369214057922,-0.0957072973251343,-0.0265305358916521,0.023216303723779,0,0.895686420853797,0.00826220245436446,0.0265276778702722,0,0,0.0463073950977868,0.778707981109619,0.099509984254837,4.02324725352572,0
45720,FALSE,184.419036865234,34.3436164855957,12.1679334640503,5.66076993942261,0.519514977931976,0.0559684075415134,0.132248079294588,0,0.86405612698666,0.000478239833940233,0.00318367570700768,0.0000338781778033715,0,0,0.409750789403915,0.184587016701698,0.000100500548185813,0.0238456438484419
45940,FALSE,394.61669921875,144.013824462891,21.2939357757568,7.16623306274414,-0.0282481983304024,-0.532345592975616,0.149809339038484,0.00164586854102341,0.848222073098724,0.000322719321769296,0,0,0,0,0.212901309132576,0.113962486386299,0.00038475150803107,0.0257285647948396
46017,FALSE,2.19927787780762,1.09567868709564,2.22229433059692,1.48464167118073,-0.688280761241913,-0.224904954433441,0.000647300119687822,0.000531259324216001,0.446876918906924,0,0.0706136583804387,0.366737282436881,0,0.114593580831852,0.961726069450378,0.0313787423074245,0.00146428704503035,0.112574114906792
46803,TRUE,396.688415527344,133.936828613281,21.5281162261963,10.0194616317749,0.0385533571243286,-0.153618961572647,0.679770513287075,0.0452037694084036,0.274460769130408,0.00000720625976091261,0.000247872744632705,0,0,0.000309869169719242,0.0913616716861725,0.10113388299942,1.17753696726295,0.666350686691855
46805,FALSE,280.234497070312,71.5476608276367,16.9222049713135,7.60337495803833,-0.358315348625183,-0.46540778875351,0.196937243824009,0.0126722622742304,0.790223620646828,0,0.000166873254931707,0,0,0,0.241019994020462,0.101760342717171,2.0713577474863,0.123672425563042
46842,TRUE,175.50373840332,67.2387466430664,14.6782808303833,9.56930446624756,0.148032113909721,0.253524869680405,0.164157760038069,0.000337734864449175,0.822082674916985,0.0119045756032883,0.00148348109076378,0.0000337734864449175,0,0,0.158899784088135,0.0964662805199623,0.844435084695058,0.632061220639706
46880,FALSE,166.007781982422,53.7797355651855,18.6881923675537,5.63483619689941,0.478342056274414,0.339469522237778,0.914545605571559,0,0.0854539275857723,0,0.000000466842668972266,0,0,0,0.295795530080795,0.174322724342346,2.93769074041788,2.05334841510458
46886,FALSE,562.109619140625,47.4394264221191,19.4447002410889,7.66211986541748,0.107259854674339,-0.255560338497162,0.521231128328663,0.0000699529730249606,0.478698918698312,0,0,0,0,0,0.155603960156441,0.0442467369139194,0.855431263178851,0
46888,FALSE,139.26513671875,9.77851676940918,10.5244245529175,4.28192806243896,0.00997751578688622,-0.100758299231529,0.0608899998738559,0,0.903624359009464,0.000946878626295819,0.0345387624903839,0,0,0,0.938657820224762,0.0270126964896917,6.62518037513322,0
46890,FALSE,87.9987030029297,51.5321235656738,35.456657409668,11.0967464447021,-0.0137568768113852,-0.703531324863434,0.123810522577857,0.0116309403562886,0.449590117124501,0,0.0193998714167331,0.336374628288445,0,0.0591939202361759,0.43879646062851,0.282691270112991,0,0
46894,FALSE,156.152389526367,59.0799026489258,22.3039569854736,7.83343887329102,-0.310316860675812,-0.000562186411116272,0.972903934772938,0.00022549192622357,0.0259204112059933,0,0.000950162094845292,0,0,0,0.248545229434967,0.117194406688213,3.96669333951305,0.526013779691924
46918,FALSE,316.020843505859,34.7892570495605,17.8464508056641,5.64615345001221,-0.103223919868469,-0.640295803546906,0.983075055682852,0,0.00902529765597392,0,0,0.00789964666117357,0,0,0.0303364880383015,0.00396909890696406,1.32880330375419,0.536765751238343
46919,FALSE,1.1835058927536,0.899933457374573,1.63326573371887,1.32746064662933,0.0533951781690121,0.0848770439624786,0.40797965566484,0,0.00114898111025627,0,0,0,0.40282490146096,0.188046461763944,0.164030700922012,0.0514267310500145,0,0
46924,FALSE,25.2094173431396,3.47093892097473,3.3530113697052,2.34783101081848,-0.154547065496445,-0.762249946594238,0.160019274060708,0,0.306430570235201,0.532763833647728,0.00078632205636303,0,0,0,0.537487387657166,0.123821049928665,3.24925967963504,0
46925,FALSE,1.42609226703644,0.861354410648346,1.02040147781372,1.02034938335419,0.0653745085000992,0.407038539648056,0.379561784660522,0,0.0209053948526872,0,0.000319166333628812,0,0.482856577389189,0.116357076763974,0.197541505098343,0.0388576611876488,0,0
46936,FALSE,2.4138605594635,5.65400457382202,2.07538366317749,3.52951717376709,0.00208888296037912,0.528739929199219,0.00295991974440076,0.00304046177826201,0.27440640533224,0.00659814488407587,0.000201355084653113,0,0.661193350391106,0.0516003627852614,0.217519730329514,0.069758914411068,0.295303987409683,0.236917002317001
46942,FALSE,39.9003639221191,11.5365829467773,6.73278951644897,6.82139492034912,0.0239770729094744,0.418131411075592,0.0326566742854802,0.000143862001257622,0.662903191943041,0.00100703400880335,0.220418910215396,0.0763117032055455,0,0.00655862434047602,0.680001139640808,0.094558484852314,0.841640654014109,0.227328130316345
46947,FALSE,172.468475341797,5.05303716659546,1.95807540416718,3.04497766494751,-0.376262456178665,-0.121460363268852,0.000198605027203214,0,0.936767606328735,0.00513029604158538,0.00715916247636936,0.0507443301261067,0,0,0.346731692552567,0.171286702156067,0.508951112103053,0.511046702402013
46954,FALSE,46.6168479919434,31.440221786499,15.184871673584,8.48360538482666,0.26053261756897,0.385993778705597,0.276045922458347,0.000302300281649671,0.641268610416203,0.000302300281649671,0.0546678167634701,0.000302505603312081,0,0.0271105441953689,0.576627254486084,0.25292581319809,0.652772947998779,0.812539827401192
46955,FALSE,232.380447387695,46.4183082580566,22.0766067504883,8.99531078338623,-0.0420163609087467,0.124401152133942,0.577002946585157,0.000128234725339174,0.421726492620032,0.000512938901356696,0.000629387168115192,0,0,0,0.176122725009918,0.0719758123159409,0.36482665880039,0.450114055051859
46956,FALSE,417.306365966797,82.8010406494141,26.374626159668,6.33339405059814,-0.0425527021288872,-0.697297751903534,0.488722266785874,0.0349792247709353,0.47629850844319,0,0,0,0,0,0.0604639202356339,0.0480969622731209,0.027707470523616,0.0856031197410228
46957,FALSE,354.285919189453,82.8799667358398,21.1520824432373,7.5884313583374,0.156108632683754,0.328652620315552,0.545656420812559,0.00233254886351013,0.451153406203497,0.000157881955247087,0.000663162412210293,0.000036579752976755,0,0,0.234232619404793,0.151297241449356,2.07545729288554,1.60277425436155
46962,FALSE,307.985931396484,78.6717758178711,25.1510677337646,8.72062873840332,0.161915138363838,0.236090198159218,0.675409166712867,0.00771408020330997,0.316743407570137,0.000116292666381557,0.0000170528473046704,0,0,0,0.154692620038986,0.0952107608318329,0.0490073936481239,0.292166057359709
46968,FALSE,11.5221347808838,3.11658596992493,1.93050944805145,2.59082007408142,0.0115088727325201,0.192711383104324,0.0989247440426159,0,0.084113263663859,0,0.00740822374005793,0.00140254647888737,0.000958465033354502,0.807192757041225,0.855937659740448,0.153068393468857,0.0111985761795964,0.28474027521749
46973,TRUE,796.632629394531,167.037185668945,21.7678298950195,8.25102043151855,0.0373993329703808,-0.148795962333679,0.369716287932352,0.0033983171162961,0.626631634032982,0,0.0000184553395178163,0,0,0.000235305578852158,0.0495205745100975,0.0342776402831078,0.00257486977412069,0.0370655432571824
46977,FALSE,48.7620048522949,0.58965528011322,0.441580444574356,0.95574676990509,0.0310971420258284,0.740761756896973,0.0196330508094228,0.000607010982884818,0.22919646275337,0.679365528570052,0.0357056278113503,0.0333070795345355,0,0.00218523953838534,0.674859941005707,0.219978719949722,0.0356778571922918,0.496237419643939
46978,FALSE,49.5274963378906,0.693040013313293,0.230986744165421,0.577969193458557,0.0295448210090399,0.779472172260284,0.017793602239754,0.000663558825718083,0.394455330215112,0.508651305823216,0.0733222784468423,0.00511392444935781,0,0,0.707308173179626,0.164568588137627,0.00000221465668892722,0.00370907277729447
46980,FALSE,6.53688335418701,6.22665882110596,4.75419044494629,4.64926338195801,0.483248323202133,-0.116478033363819,0.25078012385044,0,0.355077483065944,0.0256194566965151,0.00703237904494956,0.000341453502610735,0.0028078938367051,0.358341210002835,0.793292045593262,0.184758380055428,0.83354719430035,2.15114054932381
46989,TRUE,110.527275085449,60.8361854553223,12.0340261459351,6.31161403656006,0.0596847422420979,0.198080226778984,0.00000475502077573699,0,0.989512051173407,0.0082266286662918,0.00194273376832682,0.000313831371198641,0,0,0.126928061246872,0.0862022861838341,0.038008994473594,0.204675854322838
46990,FALSE,2.38836312294006,0.527838528156281,0.281350076198578,0.625217080116272,0.0171724483370781,0.737265408039093,0.0489479224823413,0,0.752047089207548,0.186166357693739,0.0116767247326608,0.0000822334549534427,0.00107967242875682,0,0.424480766057968,0.186626568436623,0,0
46991,FALSE,68.943717956543,29.4057922363281,18.3122615814209,10.1182832717896,0.198340028524399,-0.0517248958349228,0.1543162739873,0,0.841371555156453,0.00401425202383851,0,0.00029791883240851,0,0,0.515512049198151,0.182250842452049,0,0
46992,FALSE,277.488037109375,62.5557899475098,17.3858833312988,9.56372737884521,-0.02446692250669,-0.0146069414913654,0.271038618758252,0,0.724099038124043,0.00412108677478029,0.000741256342925406,0,0,0,0.229362860321999,0.0729674473404884,0.0140060331024161,0.237111051503477
46993,FALSE,107.442085266113,16.786527633667,13.272253036499,6.02914190292358,0.35275411605835,-0.0850233882665634,0.0149362601210015,0,0.985046092611899,0,0.0000176472670997772,0,0,0,0.37778651714325,0.110351920127869,0.0025688445367326,0.115131730305606
46995,FALSE,1.52011370658875,1.11166787147522,0.324401348829269,0.794807910919189,0.0253443587571383,0.844189167022705,0.000818673775581444,0.000373852381432671,0.571572559998892,0.414823670113797,0.00280853564087903,0.00295381403839513,0.0000277035903286302,0.00662119046069362,0.516435027122498,0.0884452164173126,1.29669256763196,0.940690377911368
47046,FALSE,106.436752319336,0.771476566791534,0.452682256698608,0.74698543548584,-0.211848214268684,0.653710722923279,0.00423213050705385,0,0.589550546294098,0.00141071016901795,0.40480661302983,0,0,0,0.946682095527649,0.0313834883272648,2.76344724648642,0
47060,FALSE,654.569152832031,76.1750183105469,24.5780334472656,8.36429691314697,0.152342513203621,0.351616412401199,0.821813762097208,0.0104394943197941,0.167746743582998,0,0,0,0,0,0.0474480427801609,0.0204837843775749,1.54567447841242,0.514583084308158
47062,TRUE,759.686767578125,112.160469055176,22.8746681213379,9.32318019866943,-0.0799208730459213,0.0771068185567856,0.493038426170497,0.00549079571275231,0.500847555965305,0.0000106832375512035,0,0,0,0.00061253891389497,0.0272222217172384,0.0167541988193989,0.621364558283937,0.0426914772284584
47068,FALSE,73.5554428100586,12.8940477371216,6.83623647689819,5.67025661468506,0.210162669420242,0.314999610185623,0.00916070395551345,0.000142071661244078,0.696038836552247,0.00914742353558236,0.0189589454578506,0.0176480314616787,0.000105929224496452,0.248798058151387,0.345050722360611,0.147903516888618,0.0167393378959504,0.103026161798528
47072,FALSE,222.354736328125,52.113452911377,3.76006770133972,7.02018213272095,0.00744619127362967,0.610769808292389,0.321963523433999,0.00145872475122163,0.20281969098116,0.0753302337836489,0.00927921658137942,0.0050776916893077,0,0.384070918779283,0.300289034843445,0.258183628320694,0.00352966438063834,0.0713216552213251
47073,FALSE,59.7934532165527,1.17027747631073,1.39582943916321,2.16017031669617,-0.0558915846049786,0.285606652498245,0.150093365572859,0.00285673010159837,0.0379972187976446,0.797540809184432,0.00724519478667396,0.00426668155679214,0,0,0.453163981437683,0.13504447042942,2.77887170084216,0.0841078209601186
47085,FALSE,43.967700958252,0.572936177253723,0.391924679279327,0.839132368564606,-0.0465781763195992,0.602035224437714,0.0373206985884207,0.00841550597107079,0.0577106019786532,0.881399778904103,0.009739242884056,0.00541417167369589,0,0,0.559988141059875,0.07950509339571,0.900027319589069,1.21770365847303
47114,TRUE,147.711013793945,61.2404975891113,14.6850481033325,7.45747232437134,0.0385300628840923,-0.190145567059517,0.419168379055649,0.0062698586397663,0.573919638230606,0.00006317669764476,0.000578947376334219,0,0,0,0.0994994267821312,0.0916051417589188,0.586694123042084,0.285292706218946
47140,FALSE,3.83011507987976,0.375531584024429,0.308792173862457,0.677215099334717,-0.0265779308974743,0.729361355304718,0,0,0.144089469400696,0.849166082713186,0.00472335087664261,0.00202109700947529,0,0,0.614135980606079,0.108598813414574,0,0
47141,FALSE,13.4966888427734,2.64368271827698,3.49326014518738,4.0339617729187,0.167568102478981,-0.365546226501465,0.288012432795503,0,0.22315463937959,0.488474482880264,0.00035844494464267,0,0,0,0.884280860424042,0.080629013478756,6.12014400490655,0.000872919036513234
47147,FALSE,65.6936340332031,13.4888153076172,14.256875038147,7.36197662353516,-0.0359384194016457,-0.127513661980629,0.439806505424963,0,0.551478451125166,0.00159788845908795,0.00689971412616477,0.000217440864617763,0,0,0.880368828773499,0.0697957053780556,5.95390981984437,0.243197511726191
47200,FALSE,23.6122303009033,10.5905408859253,14.0654783248901,4.93372678756714,-0.0634767860174179,0.15253920853138,0.0686507287825322,0,0.901504960556164,0,0.0298443106613042,0,0,0,0.934870481491089,0.027020838111639,0.00678734854143937,0.217166886793356
47229,FALSE,94.9610748291016,17.507604598999,17.7561721801758,6.33863830566406,0.304933130741119,0.0287691857665777,0.9560151997101,0,0.0334716317188349,0,0.00671171206909063,0.00380145650197422,0,0,0.75158417224884,0.166851982474327,5.29766752407798,0.227407100504277
47230,FALSE,1.35502278804779,0.677694022655487,1.08391010761261,0.881916582584381,0.19210147857666,0.216806545853615,0.473353998712947,0,0.110961501524533,0,0,0.0119850461032227,0.108769764253401,0.294929689405896,0.688480377197266,0.264581233263016,0,0
47292,FALSE,26.6718502044678,11.1361103057861,6.19748497009277,5.03448057174683,0.293973684310913,0.690502166748047,0.0552471798097253,0,0.768662618167103,0.00661882549064975,0.165270289601788,0.0042010869307333,0,0,0.706809520721436,0.209924533963203,0.0152562571969602,0.33044263949867
47344,FALSE,421.865386962891,100.428329467773,16.8737888336182,8.24073123931885,0.654581546783447,-0.133810728788376,0.667676226256036,0,0.329288341778587,0.0000309512977255498,0.00300448066765084,0,0,0,0.115033403038979,0.0451577231287956,0.0509707653317257,0.420567489361243
47346,FALSE,712.536743164062,24.3306903839111,9.67050647735596,6.12537717819214,0.138826802372932,-0.0129533158615232,0.194389575609854,0,0.803641270919959,0,0.00196915347018746,0,0,0,0.131986528635025,0.0688222348690033,0.00116843949665802,0.0582220260229019
47347,FALSE,316.024749755859,42.3899612426758,17.7274417877197,5.88535261154175,-0.610627233982086,-0.183758497238159,0.743191862247249,0.0219985913231942,0.234809546429557,0,0,0,0,0,0.233259007334709,0.0173666644841433,2.27183354488555,0.145643155358574
47457,FALSE,30.0546817779541,11.83766746521,4.07029247283936,1.20218527317047,-0.254430443048477,-0.826417088508606,0.144301136049965,0,0.68980840467752,0.165890459272515,0,0,0,0,0.462348401546478,0.141648158431053,2.39198222877368,0
47512,FALSE,14.2836656570435,6.36694145202637,2.62041544914246,2.44140291213989,-0.296725690364838,-0.442973166704178,0.206905552648766,0.00123515466114191,0.712153661343767,0.00178971389675664,0.00211606145545697,0.0724223786759264,0.0000504144759649759,0.00332706284222042,0.262684553861618,0.201320424675941,0.0471305091321366,0.123337002599629
47513,FALSE,30.8350677490234,11.0716819763184,2.07861161231995,1.76587700843811,-0.210794121026993,-0.574046909809113,0.103129303221613,0,0.534311438005086,0.352522396230934,0.00641009885267737,0.000154330369774024,0,0.00347243331991554,0.374026596546173,0.134858086705208,0.757565698533936,0.768352641610326
47514,FALSE,4.37371301651001,1.89674305915833,2.46451830863953,2.44924187660217,-0.181021526455879,0.234771132469177,0.0292446964522141,0,0.733037242410178,0.00221661361820879,0.114009627818722,0.0376065461012266,0.00436702143507037,0.0795182521643803,0.936612367630005,0.0659574493765831,0.116857839078269,0.571932099337056
47518,FALSE,0.11832720041275,0.322995156049728,0.329981476068497,0.654560446739197,0.0195088163018227,0.748367846012115,0.00313455961886368,0.00277844035794889,0.042785653255515,0.000313455961886368,0.0023234740057316,0.000835882565030313,0.840315025865221,0.107513508369803,0.104377537965775,0.0944954380393028,0,0
47526,TRUE,509.975830078125,115.457550048828,16.8330097198486,7.4187445640564,0.0633342638611794,-0.0254525430500507,0.959862087396008,0.000826157124770541,0.037873525213329,0.0000387401539595465,0.0000304386923967866,0.00129710541932606,0,0.0000719460002105864,0.0129269706085324,0.00512125948444009,0.0071785415089798,0.0781652636391324
47527,TRUE,264.573120117188,53.1387710571289,14.8327026367188,10.2806415557861,0.0559701807796955,0.0999507531523705,0.273032654598081,0.0144573096017097,0.520357210842662,0.000042968715135993,0.0114973788280525,0.00388644893153372,0,0.176726028482825,0.171545997262001,0.12818531692028,0.0178014932381158,0.127687735529537
47537,FALSE,110.863456726074,36.3950424194336,21.4917640686035,8.25949287414551,-0.395299851894379,-0.52967095375061,0.774395266897919,0.00719819098376399,0.182512682153011,0,0.035893859965305,0,0,0,0.829875349998474,0.11135346442461,1.68006826868159,2.82207179522232
47544,FALSE,50.5801467895508,5.14056062698364,1.98882639408112,0.765244901180267,-0.634733498096466,-0.585887432098389,0.0170411711691505,0,0.729108459297813,0.241324390788929,0.0125259787441068,0,0,0,0.45116052031517,0.135669887065887,0.0492515357667275,0.563172340544957
47546,FALSE,50.7744369506836,2.4703061580658,0.970497369766235,0.831566393375397,-0.428301066160202,-0.398302108049393,0,0,0.526964331399573,0.462664213110575,0.010371455489852,0,0,0,0.463161706924438,0.0462568812072277,0.0492181729541434,0.264673680563005
47547,FALSE,32.5841407775879,1.19807994365692,0.405709862709045,0.728038311004639,-0.132882654666901,0.339908808469772,0.00104403548243963,0,0.912765221920216,0.0854127416759126,0.000778000921431933,0,0,0,0.730047821998596,0.0877174064517021,0.0063301237455116,0.152784987756462
47551,FALSE,190.977157592773,76.4989318847656,14.3036518096924,6.15979385375977,0.117917060852051,-0.4726642370224,0.500039790759212,0,0.496952477939723,0.000840172027060387,0.00213818002461922,0.0000293792493846207,0,0,0.263399571180344,0.123531021177769,0.327910513275153,1.33319802306049
47552,TRUE,265.883483886719,49.1256904602051,15.0664796829224,6.81865072250366,-0.0443281605839729,0.0473487935960293,0.434563322359695,0.000870919939596605,0.564451531158802,0,0.000114226541906957,0,0,0,0.0364665538072586,0.0173833817243576,0.000321053717625162,0.0135915663712409
47580,TRUE,235.004104614258,104.863594055176,20.2055416107178,8.44015598297119,-0.170913457870483,-0.0703261643648148,0.767191610527151,0.000381858674071177,0.231636577831579,0.00000593844297820318,0.000784014524219952,0,0,0,0.0709165781736374,0.0770595744252205,0.807429997138744,0.897448200113408
47610,FALSE,195.984710693359,47.0534629821777,19.7569522857666,6.21441078186035,0.348365485668182,-0.112579151988029,0.982468510698985,0,0.0171566664233027,0,0.000289773753440868,0.0000850491242717603,0,0,0.308109670877457,0.149879515171051,1.00163767514598,0.0754643294990022
47646,FALSE,96.6591567993164,5.71162700653076,2.2597177028656,1.28942942619324,0.200117856264114,-0.130704402923584,0.932780689581719,0.00838052845919696,0.0153617512814452,0,0.0434770306776383,0,0,0,0.926952660083771,0.110711552202702,1.04398250645979,1.9810194744321
47650,FALSE,74.5940856933594,13.4740676879883,3.2084333896637,3.43458342552185,0.0448935143649578,0.193407461047173,0.512778310650273,0,0.259929367218239,0.00600634876168842,0.0357088322582894,0.00929401479846095,0,0.17628312631305,0.954704284667969,0.0703518316149712,1.9749154741179,2.9732949246295
47666,FALSE,469.361785888672,67.5951690673828,21.4204902648926,9.04289245605469,-0.25632643699646,0.122259825468063,0.840104772257782,0.00227110226106971,0.157262407351445,0,0.000361718129703712,0,0,0,0.0586042329668999,0.0483122356235981,1.6342666621573,0.0220689339552703
47675,FALSE,287.321380615234,83.5714416503906,17.9456214904785,7.11204528808594,-0.357424050569534,-0.228435397148132,0.227462232937032,0,0.760759950915975,0.0117778161469929,0,0,0,0,0.0741965174674988,0.0319536402821541,1.27869872777536,0.0100434500458955
47680,FALSE,374.141876220703,90.0099411010742,19.7584171295166,6.53593587875366,0.561714887619019,0.386919647455215,0.914545082104511,0.0124602123013573,0.0700455943595601,0.00160860612794824,0,0.00134050510662354,0,0,0.023787148296833,0.0187039393931627,1.02363567317062,0.0140212304056361
47684,FALSE,357.740844726562,37.1001968383789,15.0470762252808,4.80332517623901,0.453752487897873,0.495045363903046,0.994394301835196,0.00108399591971128,0.00425070326516543,0,0.00027099897992782,0,0,0,0.0826115235686302,0.012852193787694,1.30089313517823,0.0149244170664666
47687,FALSE,227.216827392578,54.0137023925781,26.1325263977051,8.86105823516846,0.167622223496437,0.324728846549988,0.956527609536973,0.0030855257593628,0.0403376050492308,0,0.0000492596544335887,0,0,0,0.139858424663544,0.0874937251210213,1.5906572502335,0.54607443869565
47697,FALSE,409.588287353516,97.7303924560547,24.7131977081299,8.06364727020264,0.163929417729378,0.177772864699364,0.901803471945596,0.0479846523295643,0.0466121675794916,0,0.00359970814534832,0,0,0,0.225769817829132,0.105156876146793,0.00547198249921782,0.137237818612565
47698,FALSE,451.223419189453,51.7651214599609,17.2682723999023,6.17636251449585,0.508940577507019,0.443936049938202,0.9870483941615,0.00234902101696169,0.0100493355936891,0,0.000553249227848916,0,0,0,0.295272469520569,0.0243069007992744,0.0000412931362930393,0.00972811617296287
47702,FALSE,109.134971618652,46.3963203430176,18.5590038299561,7.64232397079468,-0.166875600814819,0.0567847117781639,0.427839616208067,0,0.572081793916805,0,0.000078589875127787,0,0,0,0.464499682188034,0.212129026651382,2.02756505139777,2.14024134783592
47718,FALSE,187.299682617188,20.8285102844238,11.6559839248657,6.37612056732178,0.311251074075699,0.0882489681243896,0.579321482127412,0,0.414858873484958,0,0.0058196443876299,0,0,0,0.533374726772308,0.19500732421875,4.23549044983436,1.34789378365091
47722,FALSE,62.0168533325195,20.7008457183838,15.2783622741699,4.97240734100342,-0.567369759082794,-0.215125635266304,0.0658936300572002,0,0.92840126514486,0,0.00350048329162884,0.00220462150631117,0,0,0.593394994735718,0.12264721095562,0.0718022259237508,0.644530130028659
47750,FALSE,4.82862091064453,1.80509984493256,4.41454362869263,2.55652070045471,-0.0702805072069168,-0.0186780579388142,0.343664238799005,0,0.460344655690688,0.000352294449155029,0.150147442765894,0.00559269110030054,0.000343143163769432,0.0395555340311879,0.945248246192932,0.0538618452847004,3.63297765549382,3.22640943337906
47761,TRUE,302.526916503906,81.1816635131836,13.534065246582,6.93728923797607,-0.379198461771011,-0.36953267455101,0.0598747917905539,0.00899205412624325,0.930260363613843,0.000400701160032367,0.000426647260836064,0.0000454420484917441,0,0,0.155248761177063,0.0870663523674011,0.105524941966895,0.0356968758279836
47762,FALSE,156.352752685547,54.7543296813965,16.5412940979004,8.60632133483887,0.333009392023087,0.291556417942047,0.251861174531456,0.0161962212901823,0.729615906078582,0.000957338282242266,0.00136935981753728,0,0,0,0.180110439658165,0.0834373533725739,1.39868386736723,0.243792182324996
47764,FALSE,252.285461425781,62.8206024169922,17.5792922973633,7.00002765655518,0.146086096763611,0.408460855484009,0.878202935032025,0.000421990072750586,0.116371478318325,0,0,0,0,0.00500359657689981,0.0862199068069458,0.0652686581015587,1.41176739281136,0
47765,FALSE,787.500915527344,171.842620849609,29.2788047790527,7.20566368103027,0.124662801623344,0.332769930362701,0.846039267133424,0.00573246621393972,0.148077676682291,0,0,0.000150589970345336,0,0,0.0482838079333305,0.0273320097476244,0.407146120318632,0.450477566205928
47775,TRUE,401.17626953125,120.955718994141,23.670238494873,8.47661018371582,0.151665925979614,-0.0212662424892187,0.799123425242963,0.00799620441904801,0.192496964381306,0.0000190250438809998,0.000151300421334229,0,0,0.000213080491467198,0.0588926710188389,0.0338436625897884,0.306653873646416,0.446710183477397
47776,FALSE,126.57479095459,26.1563625335693,21.9782543182373,7.53091335296631,-0.493239909410477,-0.227380946278572,0.347384483220352,0.281258527633167,0.36743952535522,0,0.00391746379126159,0,0,0,0.694613099098206,0.165189251303673,4.98516283998449,0.97381778386667
47777,FALSE,249.047500610352,77.8298034667969,12.581563949585,6.4627890586853,-0.226492807269096,-0.102985329926014,0.0329513030720994,0.000451316727523958,0.962735364718797,0.000584777083455358,0.0029763605797752,0.000300877818349305,0,0,0.178129479289055,0.142811238765717,0.000000139282517247787,0.000127983072538439
47778,FALSE,284.834045410156,58.6884231567383,13.6924600601196,6.29363107681274,0.179247170686722,0.288429021835327,0.14967703647749,0.0055693699719196,0.844753593550591,0,0,0,0,0,0.109185911715031,0.0628965646028519,0,0
47797,FALSE,242.594207763672,25.9974327087402,12.0981550216675,4.92256689071655,0.239882588386536,-0.271958976984024,0.351995946334449,0,0.648003306196023,0,0.000000747469528508537,0,0,0,0.430057376623154,0.146478697657585,2.20084446995973,0.181992063407209
47799,FALSE,102.810394287109,8.71273040771484,5.4625244140625,5.35484409332275,-0.393174022436142,-0.209655538201332,0.196609226704765,0,0.78473511769243,0.000413274232688992,0.0141096390432262,0,0,0.00413274232688992,0.459042578935623,0.130423128604889,2.68121850399267,1.39156931387589
47809,FALSE,34.8924407958984,25.8348121643066,17.8765144348145,9.09419918060303,0.256875246763229,-0.773836016654968,0.577242148923186,0,0.288164939301842,0,0.0115356919332766,0.123057219841695,0,0,0.490763336420059,0.0377629101276398,1.1381614190729,0.612500646978623
47844,FALSE,30.987190246582,1.43959677219391,0.951919972896576,0.90017306804657,-0.518501400947571,0.0692580044269562,0,0,0.513096987766456,0.391512487392969,0.0867011530467493,0.00868937179382574,0,0,0.517522096633911,0.0745915025472641,2.392389128896,0.182818586148503
47847,FALSE,275.683868408203,37.1104316711426,26.4961776733398,9.45981216430664,0.443542718887329,-0.202074825763702,0.841794878177672,0.0494633305502747,0.108741791272054,0,0,0,0,0,0.0410414785146713,0.0196169260889292,2.44239181874033,0
47848,FALSE,371.55517578125,52.874927520752,20.986457824707,6.85177278518677,0.0666386485099792,0.0339790657162666,1,0,0,0,0,0,0,0,0.0940825641155243,0.0506788790225983,1.12589838330695,0.233351762649604
47868,FALSE,215.883712768555,35.7616500854492,21.9842376708984,7.45293569564819,0.314508825540543,-0.0628876313567162,0.981971536933744,0,0,0,0.0178864809873527,0,0,0.000141982078903174,0.735315918922424,0.0938054099678993,5.82788781014847,2.41525484905407
47876,FALSE,230.436935424805,11.6057186126709,12.4712600708008,4.19496011734009,-0.469802707433701,-0.302668362855911,0.834602106144151,0,0.00880481867152779,0,0.156593075184321,0,0,0,0.731756091117859,0.0967578589916229,0,0
47944,TRUE,284.647552490234,142.675445556641,16.4749336242676,7.50706958770752,-0.141053542494774,-0.0927654802799225,0.567986786863248,0.00281254525708523,0.427415327051508,0.00105041892826192,0.000261543657092212,0,0,0.000473378242805521,0.0909435972571373,0.0623989105224609,0.288772365156481,0.878780828271418
47978,FALSE,0.994087636470795,1.43829262256622,0.593010365962982,0.940782904624939,-0.0193855445832014,0.611535489559174,0.0310012117863307,0.00261152492565096,0.851527632380301,0.031234001077104,0.0100803945323518,0,0.0643443464346633,0.00920088886359842,0.414184600114822,0.064862035214901,0.00839672321181724,0.130713463288839
48020,FALSE,20.4068050384521,1.3221937417984,1.73087167739868,3.99983048439026,0.24891671538353,-0.143237754702568,0.126648800530077,0,0.820099722858488,0.0472756226872862,0,0.00597585392414812,0,0,0.259670823812485,0.105746515095234,4.21106469585747,0
48234,FALSE,267.810150146484,68.1464004516602,21.0875301361084,11.0998620986938,-0.323120355606079,0.00256844982504845,0.896231495600554,0.00152340218435813,0.0997263384816332,0,0,0.0025187637334543,0,0,0.0197155456990004,0.00469731725752354,0,0
48347,FALSE,134.866302490234,5.92464113235474,2.91469550132751,2.98819851875305,-0.49313297867775,0.122464597225189,0.151767814075636,0,0.420719169674006,0.108565835839476,0.315632719901218,0.00331446050966451,0,0,0.930009484291077,0.0214544013142586,0,0
48478,FALSE,263.088134765625,56.6106224060059,24.354513168335,7.33154058456421,0.108286388218403,-0.0970129892230034,0.778875486710146,0.00682896781756686,0.213830608353629,0.000254965516683273,0.00020997160197446,0,0,0,0.0394808575510979,0.0437289141118526,0.516058458307885,0.344872961835379
48480,FALSE,282.826751708984,47.952880859375,24.126823425293,6.45205926895142,-0.0314417071640491,-0.0470430627465248,0.704499817644214,0.00907853468759896,0.286312154067121,0,0,0.000109493601066755,0,0,0.0224302802234888,0.02896823361516,0.0000886013477221567,0.0081323927601031
48483,FALSE,300.936462402344,61.6844329833984,24.6212139129639,7.31606674194336,0.0261080805212259,-0.116598196327686,0.755046042948091,0.00408065719421843,0.240796735167776,0.0000765646899146908,0,0,0,0,0.0178008396178484,0.0231928527355194,0.000902749101160055,0.025944466268565
48561,FALSE,146.610122680664,18.2838516235352,11.1188735961914,5.08250904083252,0.0402704179286957,-0.0946076139807701,0.20242960863463,0,0.777581946802672,0,0.0199884445626978,0,0,0,0.724096059799194,0.213024288415909,4.35014067473564,1.52463978144593
48612,FALSE,635.357360839844,53.9994468688965,30.6198348999023,6.53838968276978,0.593925416469574,-0.646733403205872,0.659182791034119,0,0.340817208965881,0,0,0,0,0,0.0139919091016054,0.00321504892781377,0,0
48613,FALSE,654.203369140625,41.5776023864746,23.408145904541,6.77497577667236,0.0514727383852005,0.0816309899091721,0.60726706126731,0,0.38879496338428,0.00393797534841029,0,0,0,0,0.0311515685170889,0.0181379672139883,0,0
48622,FALSE,589.8427734375,41.6270637512207,25.1862869262695,6.57555389404297,0.309885889291763,0.300888419151306,0.76218666909611,0,0.23781333090389,0,0,0,0,0,0.0384442694485188,0.032779224216938,0,0
48630,FALSE,418.693389892578,29.0181331634521,24.5909748077393,5.70259714126587,0.799908697605133,0.107375025749207,0.957379030602847,0.0372106824211993,0.00541028697595404,0,0,0,0,0,0.0538344271481037,0.00836373027414083,2.71827536960643,0.266037813971573
48636,FALSE,13.519739151001,3.97725009918213,4.07174015045166,5.89221906661987,0.0923669934272766,-0.672793388366699,0.00325326576714788,0,0.787792066372339,0.0307041906476915,0.035234514548052,0.142176759596903,0,0.000839203067867349,0.566115140914917,0.174513921141624,3.73444932236973,2.298215144205
48637,FALSE,15.5656604766846,4.73158264160156,3.83861136436462,5.56200456619263,0.07436303794384,-0.151292517781258,0.0296235936783567,0,0.675355622783808,0.147487497304535,0.0018367088497326,0.145586084516376,0,0.000110492867192609,0.39665025472641,0.0692951828241348,4.15701714161595,0.474000642873433
48638,FALSE,679.915710449219,26.8872966766357,12.2241144180298,5.0020227432251,-0.479113101959229,-0.39859527349472,0.476660738397881,0.0107691397197798,0.511179539508282,0,0.000201664659171226,0.00118891771488635,0,0,0.103032767772675,0.0797028839588165,0.0170268642801367,0.117595956150367
48920,FALSE,177.216262817383,12.4170598983765,10.4035406112671,3.83906817436218,-0.199055999517441,-0.115411788225174,0.00182484347052915,0,0.993835648783394,0.000185755567484428,0.00415375217859239,0,0,0,0.612816870212555,0.171820431947708,4.59629919594787,2.12276540214612
48974,TRUE,234.75569152832,113.726593017578,15.6702489852905,9.88730430603027,0.0915530771017075,0.0467249490320683,0.787838644868681,0.00333711232605459,0.128647983182582,0.00000684147171985709,0.00432286517005935,0.0000777253850319728,0.00000456098114657139,0.0757642666147238,0.183787688612938,0.214767336845398,0.0450000014660559,0.202943426103272
48977,FALSE,316.110870361328,20.089807510376,14.354474067688,4.69336795806885,-0.478809744119644,-0.395541071891785,0.924723434349725,0,0.071980824473959,0,0,0.00329574117631589,0,0,0.025799747556448,0.000194505802937783,0.0152089800813011,0.0000872936198860006
49041,TRUE,133.060180664062,60.6027030944824,10.1169366836548,7.39289093017578,-0.289077192544937,-0.546850383281708,0.00730972905749463,0.000446698430837831,0.971989065197618,0.00744575722553376,0.0121828428986779,0.000625907189838127,0,0,0.243716165423393,0.126632064580917,0.00549486557847457,0.161813812990078
49043,FALSE,76.5379104614258,1.01998496055603,0.403138101100922,0.783541023731232,-0.0059498492628336,0.463116943836212,0.016165820375354,0,0.0479449603176903,0.923324903281715,0.0118282037127484,0.000343660718333549,0,0.000392451594158489,0.641432821750641,0.132408753037453,0.455917457746376,0
49046,FALSE,76.4100189208984,8.87887001037598,11.2681941986084,8.44057655334473,-0.0485032349824905,0.0223647393286228,0.789300838499699,0,0.0928823491975219,0,0.0458852016372525,0.00721074825742445,0,0.0647208624081024,0.855742871761322,0.0848682671785355,0.13085077284286,0.747722161111731
49048,FALSE,23.099853515625,2.67839527130127,3.29063272476196,2.27933216094971,-0.413100749254227,-0.153925344347954,0.403534011368639,0,0.58272256120426,0.00342075650948661,0.0103226709176141,0,0,0,0.374395877122879,0.0807548835873604,2.5857772653302,0.367575918525297
49049,FALSE,206.070816040039,28.6181297302246,16.1374092102051,7.06995439529419,-0.407693088054657,-0.126191586256027,0.0824316148125557,0.0488852515352334,0.855134869771895,0,0.0133038376226398,0.000244426257676167,0,0,0.279117465019226,0.124170146882534,2.13525838274605,0.745943246367837
49050,FALSE,477.752502441406,35.825065612793,16.7386531829834,9.19830513000488,-0.0766941383481026,-0.351743370294571,0.857528250478353,0.0000929325549206112,0.13753519864248,0.0000464662774603056,0,0.0041930904398026,0,0.000604061606983973,0.062568686902523,0.0352105088531971,0.423887976037276,0.0321255147741396
49051,FALSE,98.1208801269531,4.05186319351196,2.512371301651,3.6056125164032,-0.0616495087742805,-0.060564212501049,0.321301690358743,0.0160904666818482,0.400782417177059,0.185865709091876,0.0213547268617408,0.00112717633342462,0,0.0534778134953084,0.454662919044495,0.235814169049263,0.204362286311252,0.0827748324410764
49052,FALSE,202.149826049805,48.1765556335449,15.4044742584229,7.20314359664917,0.236378416419029,0.0982284843921661,0.311323082855504,0.00232826963226892,0.685082237446511,0.000458017465684775,0.000808392600031314,0,0,0,0.297769248485565,0.159239754080772,1.88299661639352,0.234945685256275
49053,FALSE,168.369110107422,24.843578338623,13.5354232788086,6.35226583480835,-0.55212128162384,0.239148929715157,0.210855999904115,0.0130402081513154,0.77468598595687,0.00138933366746364,0.0000284723202354164,0,0,0,0.444000393152237,0.176726967096329,5.23016291739398,0.0422974893236024
49054,FALSE,117.642456054688,30.653076171875,14.5130939483643,5.59584140777588,0.442660719156265,0.404015123844147,0.00021805810999635,0,0.996834691223413,0.00294725066659073,0,0,0,0,0.528911173343658,0.247170448303223,0,0
49055,FALSE,303.002960205078,66.4806671142578,23.2969913482666,8.18404197692871,0.237421363592148,0.0990777835249901,0.996519820110929,0.000047405055725973,0.00343277483334481,0,0,0,0,0,0.0935295075178146,0.102094858884811,0.740420494849823,0.585231807949804
49068,FALSE,280.925140380859,24.0637741088867,18.551477432251,4.90432167053223,0.15323343873024,0.485226035118103,0.673476330427319,0,0.326523669572681,0,0,0,0,0,0.252702385187149,0.0975939780473709,1.73314921454764,0
49079,FALSE,175.219757080078,59.2637939453125,29.6110515594482,8.2354154586792,0.202324777841568,0.146164789795876,0.99618573654556,0.00264917275786627,0.00116509069657387,0,0,0,0,0,0.334772557020187,0.0791371390223503,4.42453092952414,0.0715787683230788
49177,FALSE,-3.08098602294922,2.38505697250366,2.56714653968811,2.34279227256775,0.0122716026380658,-0.0534585379064083,0.222779199641535,0.000407168486236423,0.159048858284255,0.213882435592658,0.000168234947056113,0,0.360598605576605,0.0431154974716559,0.334559828042984,0.0582187697291374,0,0
49178,FALSE,0.689484834671021,0.679691076278687,0.795664012432098,1.09587979316711,-0.01639349386096,0.5381960272789,0.00480098443444889,0.00354123663757706,0.214667439658018,0.0142661718448001,0.00422974588894613,0.000337466079662574,0.643268276936777,0.11488867851977,0.17534713447094,0.120824009180069,0.0192930598169705,0.109702320480638
49186,FALSE,0.0781035199761391,0.317528396844864,0.221778482198715,0.671238601207733,0.00113342481199652,0.880318462848663,0.00180011932003145,0.00624696428862115,0.454318965706513,0.0160827337261175,0.00377620367066106,0.00306863146978378,0.405692355013861,0.109014026804411,0.142689108848572,0.0863984078168869,0.0696211235850681,0.2813680896983
49211,FALSE,493.692749023438,65.3127822875977,27.5119457244873,8.99899768829346,0.343370705842972,0.274288445711136,0.89166107098256,0.0224471690060561,0.0858917600113844,0,0,0,0,0,0.101223133504391,0.0603581257164478,3.03362397416991,0.7219378265448
49219,TRUE,194.833480834961,55.7967529296875,15.2891778945923,7.86839723587036,0.154428109526634,0.178345814347267,0.274242515232513,0.0108176611569426,0.702672285419926,0.010901216089976,0.00132322384902069,0.0000430982516212855,0,0,0.181183218955994,0.108030751347542,1.50889493951807,0.162754897172984
49221,TRUE,330.150604248047,46.5690383911133,17.4491443634033,6.57150840759277,0.205376952886581,0.26742497086525,0.193566404047977,0.000273427439590279,0.805328831101178,0.0000218741951672224,0.000639820922595974,0.000169642293492285,0,0,0.132898509502411,0.0866280943155289,0.0000596089894997698,0.00934965086164906
49331,TRUE,339.088226318359,67.37255859375,22.9729766845703,6.99771547317505,0.0510630384087563,0.243294134736061,0.791824943122953,0.0135865271871009,0.194067492691291,0.000239164523972909,0.00000854159014188959,0,0,0.000273330884540467,0.0397813878953457,0.051768496632576,2.63231440175315,0.0449217436862231
49423,FALSE,1.73058927059174,1.15253055095673,1.03393006324768,1.41494619846344,0.0407925918698311,0.420795738697052,0.0592195024104323,0,0.492791568457248,0.012656919115507,0.0435217050827978,0.00985988245677402,0.189888366440476,0.192062056036765,0.843382358551025,0.138863429427147,0,0
49426,FALSE,0.534495115280151,0.856696724891663,0.764565110206604,1.30453038215637,-0.0865839868783951,0.58309006690979,0.0182189733635372,0,0.146378996515885,0.00100165875682338,0.00249579414325127,0,0.145734937052842,0.686169640167661,0.789165854454041,0.0759065896272659,0,0
49465,FALSE,30.8085193634033,16.9253406524658,12.3604679107666,11.8684759140015,0.00608024327084422,0.100417256355286,0.774238815000502,0,0.147291847201032,0,0.0784693377984667,0,0,0,0.930422902107239,0.0277947355061769,0.147783504171733,0.924222368174133
49493,FALSE,156.30500793457,32.5199813842773,23.122106552124,6.61264371871948,0.251563727855682,0.118992544710636,0.764385457483225,0.169544078275099,0.0494207239748277,0,0.0166497402668479,0,0,0,0.664413750171661,0.169554308056831,0.0251366046282654,0.420048963785265
49528,FALSE,269.704132080078,47.6344337463379,17.2660007476807,7.060218334198,0.221290990710258,0.379095703363419,0.783659965507816,0.00147545397346702,0.213812250467731,0.000433350472882463,0.000597976189609913,0.0000210033884935027,0,0,0.0469626598060131,0.0667333677411079,0.858374829103365,0.0381692548228144
49529,TRUE,504.819122314453,75.2648086547852,18.3203868865967,6.95165920257568,-0.101498946547508,-0.0794610679149628,0.947916057833757,0.00112764551711948,0.0478703803304302,0.00135090681006353,0.000717019768418334,0.0010179897402111,0,0,0.0161500684916973,0.00681189214810729,0.310723969003137,0.0824082243014176
49530,FALSE,1.76702475547791,0.605804800987244,0.67422217130661,1.01482462882996,-0.0943663790822029,0.676394045352936,0.0146024850462491,0.206753305927133,0.453849697250482,0.00143144891551954,0.006143866371548,0.00119287409626628,0.269206010588693,0.0468203118041088,0.409278124570847,0.185299143195152,0.0128836441446369,0.289642434543267
49531,FALSE,4.30291700363159,0.956104636192322,0.736225008964539,0.947606086730957,-0.127720862627029,0.678459405899048,0.00232372982349973,0,0.775366909735331,0.216365636020879,0.00538435455812548,0,0.000559369862165343,0,0.600818812847137,0.180385902523994,0.0413441828814389,0.440595312546398
49533,FALSE,448.910552978516,73.0016555786133,26.0545787811279,6.91684818267822,-0.387913465499878,0.181496322154999,0.960579681727371,0.000523418357204349,0.0388968999154252,0,0,0,0,0,0.0693576410412788,0.0162348914891481,1.73251833203155,0.0251645322610562
49534,FALSE,277.037231445312,42.0850677490234,20.291353225708,6.88518667221069,-0.601633846759796,-0.240172892808914,0.602105768600115,0.00040843021089323,0.378807142885741,0,0.000827775936701395,0.0178508823665487,0,0,0.159356325864792,0.107981607317924,0.480347881729312,0
49546,FALSE,52.673526763916,19.3597583770752,6.76664876937866,5.05198431015015,0.112258106470108,0.0965208560228348,0.343311217258029,0.000286100879539098,0.455474821217163,0.0318140822043074,0.163653620777169,0.00546015766379274,0,0,0.949845492839813,0.0872023701667786,5.89571495457083,1.82834368708888
49547,FALSE,390.451873779297,56.5776557922363,16.4141139984131,9.80079650878906,-0.343425512313843,-0.065791629254818,0.991696927837583,0.000588017787808406,0.00771505437460882,0,0,0,0,0,0.169149085879326,0.0574321486055851,3.14609153642596,0.139198209595794
49549,TRUE,487.909332275391,85.8461380004883,12.130256652832,8.16216087341309,0.0483689494431019,0.211006194353104,0.882011743393887,0,0.0763300855645615,0.0393652193602125,0.00171750720594957,0.000540917806865919,0,0.0000345266685233566,0.163996666669846,0.100600562989712,1.69032658403912,0.979713809117113
49550,FALSE,132.989532470703,33.7995071411133,22.9904479980469,7.72493314743042,0.00791572127491236,0.315248101949692,0.929113097851557,0.0133619739699049,0.0572791729505061,0,0.000245755228032047,0,0,0,0.358739048242569,0.154205679893494,0.00453610318538602,0.17236873949267
49629,FALSE,199.990951538086,41.6878395080566,18.5955276489258,7.37076282501221,-0.104073494672775,0.174554198980331,0.374592902725141,0.00045342333897623,0.624525711263972,0.000427962671911027,0,0,0,0,0.207074597477913,0.0621023364365101,1.14311809113056,0.0474554802274231
49630,FALSE,232.453536987305,23.5546264648438,16.5236034393311,4.83448791503906,-0.0323840975761414,-0.441992044448853,0.02885444436914,0,0.967554920321508,0,0.00321720220876975,0,0,0.00037343310058236,0.631894409656525,0.11975584179163,3.50750281836505,0.123296523731594
49760,TRUE,141.553619384766,68.3935623168945,20.2587909698486,11.8035688400269,-0.19892193377018,-0.201739206910133,0.707356684062904,0.0298738397028234,0.260413419122706,0.000604916472200154,0.00125883330328504,0.000483670365273429,0,0.00000863697080845409,0.14568766951561,0.140902325510979,0.534129205105598,0.817174844520607
49792,FALSE,132.679229736328,22.0849628448486,7.88391399383545,4.44415664672852,0.123905137181282,0.331693023443222,0.000237278529932477,0.000055113492881749,0.968223329614104,0.0230789955371777,0.00774735329419832,0.000530084286744006,0,0.00012784524496197,0.405218482017517,0.158700093626976,0.742080779503087,0.46394452238765
49809,FALSE,213.764053344727,37.0496025085449,21.7791976928711,8.09070301055908,-0.0376839675009251,-0.103231646120548,0.586596346644819,0.0885345403892822,0.324869112965899,0,0,0,0,0,0.0903041735291481,0.016627823933959,0.184846379323861,0.159083938291759
49822,FALSE,90.7412872314453,33.9970588684082,9.50878143310547,4.62772464752197,-0.378976434469223,-0.31293198466301,0.0104071870396981,0,0.986263782547355,0.00330428090771907,0.0000247495052279068,0,0,0,0.276586353778839,0.11864548176527,0.45245582305775,0.0455653831573492
49886,TRUE,-5.20148658752441,2.41979694366455,1.93478083610535,1.93539762496948,0.0133978240191936,-0.0332737937569618,0.0493934326867839,0.000057513700784722,0.120147336328452,0.672532667484889,0.00010115176326813,0.00367032346376757,0.132641818709501,0.0214557558625528,0.400515645742416,0.0591687187552452,0,0
49887,TRUE,-1.43828737735748,3.91327452659607,1.41448223590851,1.78476798534393,-0.00216613942757249,0.421543389558792,0.048502193273547,0.000188562704277302,0.235567834965196,0.563452188486268,0.0000351355391338909,0.00194770443860227,0.120675953922061,0.0296304266709143,0.417979210615158,0.0639795586466789,0.296918885767181,0.0835935662844644
49907,FALSE,0.282472610473633,0.698952674865723,0.964483559131622,1.63740968704224,-0.0756408646702766,0.638153254985809,0.0512721656891465,0,0.606326076681165,0.0826287983449512,0.00826187051010456,0.00875901256246407,0.113537801720332,0.129214274491836,0.922500669956207,0.0172038860619068,0.0439284857458373,0.412710554066803
49911,FALSE,15.9350566864014,0.246425867080688,0.111549869179726,0.418818980455399,-0.0191606506705284,0.881608366966248,0.00227970717839025,0.000845982788379725,0.963160035278037,0.0302841215518524,0.000845982788379725,0.00258417041496091,0,0,0.65216451883316,0.137488305568695,5.95745515943346,0.300148791771422
49918,FALSE,43.5808525085449,4.51800060272217,4.44551801681519,3.75232195854187,0.545184135437012,0.242755606770515,0.256674259506646,0,0.668798376878579,0.0100286994115796,0.0576202384776653,0.00687842572553021,0,0,0.531230688095093,0.128698945045471,0,0
49968,FALSE,1.34105372428894,0.61322695016861,1.08102059364319,1.08671593666077,-0.0151728875935078,0.328119069337845,0.00354332106631788,0,0.0102205868449386,0.041615017860467,0,0,0.898846413461712,0.0457746607665641,0.25045058131218,0.108865484595299,0,0
49969,FALSE,0.940310597419739,0.609538197517395,0.55938583612442,1.27191376686096,0.00750676076859236,0.72056519985199,0.0292093834108815,0,0.00823777859178178,0.0584743864911415,0,0,0.690377438656053,0.213701012850143,0.251272976398468,0.0648418366909027,0,0
49970,FALSE,0.800455749034882,1.03781116008759,0.883591175079346,1.21456801891327,-0.143596261739731,0.707507193088531,0.0963000277678087,0,0.152204174870322,0.0416610669593657,0,0,0.709231421762619,0.000603308639884303,0.318172037601471,0.0508322492241859,0,0
49972,FALSE,4.03913402557373,4.10591125488281,0.831703841686249,1.07886385917664,0.0136490380391479,0.271727353334427,0.0118276316464795,0,0.600077057802226,0.0232322843727575,0.00182601826905195,0,0.253135417423099,0.109901590486386,0.1869275867939,0.0863793566823006,0.629524932473382,0.0530228135898726
49973,FALSE,0.634917616844177,0.600203692913055,0.940648198127747,0.988417744636536,-0.00825173128396273,0.41308256983757,0.0380879449629883,0.000358217408554471,0.00292544216986151,0.000179108704277235,0.00167168123992086,0,0.277117649160604,0.679659956353793,0.389296591281891,0.0699557662010193,0,0
49974,TRUE,0.51154887676239,1.0379593372345,0.671236753463745,1.17023229598999,-0.0143496757373214,0.656303346157074,0.00437094380938691,0.000927379734832926,0.704348268488014,0.215999943009212,0.0033898551477787,0.000364385823571388,0.0668097364894637,0.00378948749774004,0.42767146229744,0.104329451918602,0.170661983374703,0.108368760371181
50038,FALSE,210.571762084961,19.9323253631592,13.2229776382446,7.31521940231323,-0.488808035850525,-0.275245785713196,0.88481984798412,0.0218929849856753,0.0930409119820544,0,0.000246255048150262,0,0,0,0.252249449491501,0.0838652923703194,0.00920492395147542,0.137206084357689
50084,FALSE,229.922836303711,58.3368339538574,19.5595226287842,8.27688884735107,0.26253554224968,0.240481048822403,0.980054288315031,0,0.0199457116849686,0,0,0,0,0,0.0155006879940629,0.013399651274085,0.154580967104597,0.156079494767738
50089,TRUE,373.470825195312,73.5145645141602,17.6574878692627,6.89187288284302,0.259437143802643,-0.0562827959656715,0.771867454873634,0.00314213237094454,0.223706189249995,0,0.000842897994886488,0.000441325510539987,0,0,0.0448783449828625,0.0597883500158787,1.21562604089253,0.129491022838209
50091,FALSE,285.135955810547,58.1731376647949,24.6344337463379,7.31419563293457,0.294868499040604,-0.343461543321609,0.840578968702112,0.000384642670677538,0.158418642043844,0.0000349675155161398,0,0.000582779067850384,0,0,0.0335385240614414,0.0466452203691006,0.679371222414551,0.0779818891980123
50302,FALSE,308.607452392578,68.1084823608398,20.7675514221191,7.04174900054932,-0.254411965608597,0.117032840847969,0.606182973664615,0.00115601928309287,0.392661007052292,0,0,0,0,0,0.0393206998705864,0.0216101799160242,1.72615456200934,0.101453158205389
50316,FALSE,186.793167114258,25.0830574035645,8.18365955352783,5.7438497543335,0.146214753389359,0.518564820289612,0.50141059169699,0,0.49662106443693,0,0.00196834386607946,0,0,0,0.27222952246666,0.073197528719902,2.07027815203397,0.55024067400465
50329,TRUE,447.101135253906,113.223136901855,20.643102645874,8.86523723602295,0.160239666700363,0.0571469627320766,0.104537527581212,0.00515844684204306,0.885642924670093,0.000120801517676137,0.00240593274564363,0.00213436664333223,0,0,0.108047939836979,0.142150029540062,0.002745998485915,0.0445372994634725
50331,FALSE,0.827677726745605,0.998408436775208,0.678831696510315,1.00361573696136,-0.0763372108340263,0.526840150356293,0.162230284581662,0.195404054226202,0.0322414270752236,0.000841476061210847,0.00233299688064729,0.000227466990488684,0.108380179849696,0.49834211433487,0.402033150196075,0.245379269123077,1.08453436486295,2.25686051617557
50407,FALSE,67.4025573730469,16.0423717498779,10.159556388855,6.92809534072876,0.0562832690775394,-0.228602111339569,0.985227957847866,0,0.0128267270001862,0,0.00194531515194809,0,0,0,0.317080825567245,0.139006197452545,0.00000388776274055974,0.00389859613078209
50408,FALSE,184.981979370117,10.1340303421021,6.79066467285156,8.39710521697998,0.0447264350950718,-0.275158584117889,0.299530369611318,0.000164587604873752,0.35954070671751,0,0.0173496924893743,0.0136607712045215,0,0.309753872372402,0.397123634815216,0.1225311383605,0.0632841267773564,0.433128109114972
50423,FALSE,91.4586410522461,17.1665916442871,15.8901453018188,6.53671598434448,-0.596248209476471,-0.0510329231619835,0,0,0.997925488297165,0,0.00207451170283497,0,0,0,0.570121467113495,0.0984904319047928,0,0
50432,FALSE,2.34237742424011,0.963362216949463,0.998390018939972,1.07840633392334,-0.0317460782825947,0.392124652862549,0.0073910568813647,0.0226005895177238,0.649220553961539,0.240193983443697,0.0141675827074732,0.0621178704624945,0.00361640352546267,0.000691959500245946,0.511607825756073,0.163493186235428,0,0
50433,FALSE,248.453399658203,31.8163623809814,18.2131023406982,6.55776691436768,0.116555668413639,0.0242583900690079,0.449825299932229,0,0.549052971202662,0,0.00112172886510835,0,0,0,0.29057303071022,0.0677531436085701,4.04300210410943,1.26859345558123
50471,TRUE,235.400680541992,45.3666191101074,17.3042335510254,8.06230068206787,-0.084582231938839,-0.000348028348525986,0.465419893458121,0.0117719651944747,0.51738646532258,0.000268627545106443,0.00472324440754762,0,0,0.000429804072170309,0.144643560051918,0.107445910573006,1.39942476412863,0.4517457285525
50479,FALSE,194.480545043945,42.8077011108398,17.0207347869873,6.73841285705566,-0.127283707261086,-0.41699430346489,0.507720764383717,0,0.491411969492917,0,0.000866315917676144,0.000000950205689849427,0,0,0.537580370903015,0.231239035725594,0.100837403694808,0.754406973768492
50483,FALSE,230.673522949219,52.6005668640137,16.6039562225342,6.55613851547241,-0.0785614401102066,-0.196658283472061,0.917317292730281,0.00208673243480904,0.0788079413596383,0,0.00178803347527187,0,0,0,0.238039493560791,0.153867408633232,0.0226519948818668,0.387492943876689
50486,FALSE,146.041793823242,32.2527847290039,15.7415523529053,7.72131681442261,-0.0802042037248611,0.0679807588458061,0.418703623266133,0,0.563143516008988,0.0000473516053764655,0.0177343736254325,0.00037113549406983,0,0,0.498765051364899,0.205891355872154,0.243990923586436,0.402373906894368
50492,FALSE,408.069793701172,30.3214931488037,16.3085155487061,8.94198226928711,-0.335536688566208,0.334065079689026,0.964974212024836,0,0.00965567161840234,0,0.0253698038601159,0.000000312496645560199,0,0,0.34484526515007,0.0723915174603462,1.241464492277,0.442033381644283
50493,FALSE,458.869018554688,8.55502510070801,11.7268352508545,5.99937629699707,0.236381471157074,0.0674130022525787,0.942510186880387,0,0.0426451876318943,0,0.0148446254877186,0,0,0,0.400377124547958,0.146210744976997,0.0620618278088696,0.369332155123124
50500,FALSE,2.38577938079834,1.08380305767059,2.70512509346008,1.77673053741455,0.114789955317974,0.0742625966668129,0.0109463362005524,0,0.620816226662676,0.00275532063672948,0.111686320476497,0.00850240211726727,0.0538972355005039,0.191396158405774,0.783273041248322,0.13720166683197,0,0
50501,FALSE,-0.536473333835602,1.83765983581543,1.37377274036407,2.10160112380981,0.00567293073982,0.499423205852509,0.0204402750519025,0.000837477041908786,0.0189259320407611,0.000153074379283162,0.00638445189903974,0.000110387598360574,0.0710105236859064,0.882137878302838,0.753236711025238,0.252253293991089,0.0000124417863853177,0.00619807384424649
50505,FALSE,-3.67622017860413,2.93103623390198,6.38627767562866,4.10411167144775,-0.450613558292389,-0.560023605823517,0.0100126625113188,0,0.0068740918908355,0.00185255963128373,0.0578442054696978,0.00878416071968672,0,0.914632319777178,0.976869285106659,0.0307884886860847,0.138460931888651,0.789877055051851
50523,FALSE,77.7516937255859,1.89746022224426,0.810507416725159,2.63236522674561,-0.0114437742158771,0.37577748298645,0.0523456659253886,0,0.308345463729718,0.626053253161173,0.0132556171837199,0,0,0,0.482568323612213,0.0650899857282639,0.9646927899117,0.377158252692721
50529,FALSE,193.630981445312,35.2884712219238,16.6677474975586,7.06518125534058,-0.199890539050102,-0.472994238138199,0.318063197863716,0,0.681936802136284,0,0,0,0,0,0.436755150556564,0.231988713145256,5.0612479333886,0.198775969137629
50535,FALSE,237.289031982422,15.3223314285278,12.6720333099365,6.14229106903076,0.378319501876831,0.154493808746338,0.025860382914332,0,0.974139617085668,0,0,0,0,0,0.426916658878326,0.186075568199158,0.0274849845689687,0.217112168624136
50543,FALSE,1.66708672046661,0.693061769008636,0.816453218460083,1.44800066947937,0.0174605660140514,0.580300092697144,0.0574924710046804,0.0000661802977460525,0.375467074749258,0.00155523699703223,0.00595710029720642,0,0.529807169562948,0.0296547670911288,0.234522223472595,0.0951081812381744,0,0
50547,FALSE,0.788959145545959,1.64821147918701,1.22952556610107,1.51240968704224,-0.153203576803207,0.255309104919434,0.0609420100917929,0,0.20295836086703,0,0.106469719285527,0.0267978408830977,0.00296620676694483,0.599865862105608,0.959152400493622,0.0254523046314716,0.68513468725094,2.26212285334971
50549,FALSE,5.99323272705078,3.09831976890564,4.38646268844604,4.18722629547119,0.0638408064842224,0.251205295324326,0.0086992008359754,0,0.614807413144452,0.00223975127671129,0.268224778213539,0.0504830248668823,0.0183659604690326,0.0371798711934075,0.849668383598328,0.143894448876381,0,0
50562,FALSE,701.96142578125,12.7017517089844,11.4159498214722,8.66670417785645,-0.0437920279800892,-0.259023278951645,0.0364601419030571,0,0.963539858096943,0,0,0,0,0,0.173593267798424,0.0154368123039603,1.15138789318179,0.0968856285557505
50564,FALSE,174.265670776367,68.3965682983398,25.8581638336182,8.52907276153564,0.0413917191326618,-0.474498212337494,0.373001202555417,0,0.626759304449296,0,0.000239492995286265,0,0,0,0.31940233707428,0.168907135725021,1.95170847054517,2.10968698367502
50571,FALSE,212.606353759766,48.8849754333496,16.1762104034424,6.81047105789185,0.0573531426489353,0.306979149580002,0.0151284598214921,0.00000109725292523163,0.982404796365869,0.00209837573173822,0.000335317056775085,0.0000319537712003417,0,0,0.127581909298897,0.108010850846767,0,0
50573,TRUE,289.855895996094,73.2959823608398,13.843150138855,6.20795154571533,-0.196359813213348,-0.179153800010681,0.0208145954679809,0,0.977030258490335,0.000301155778750637,0.00111051193414297,0.000235277952148935,0,0.0005082003766417,0.122147269546986,0.0854906067252159,0.0132444688990355,0.115593177288643
50574,FALSE,253.254302978516,63.0254821777344,21.8733921051025,8.14883422851562,-0.0228185635060072,-0.486183524131775,0.225100584414471,0,0.769678363575914,0.000133197227200203,0.00508785478241495,0,0,0,0.345638960599899,0.114622697234154,0.0446203534230615,0.445548369039786
50576,FALSE,10.9703550338745,11.9061918258667,5.86537790298462,5.37347841262817,-0.0599778741598129,0.0639659836888313,0.00650656485720118,0,0.712846887341318,0.00905439820999988,0.0096107198695072,0.000312922313171688,0.0138832925372034,0.247785214871599,0.574755728244781,0.224062025547028,0.0241231679442009,0.400270482487897
50577,FALSE,64.1874923706055,21.6905117034912,17.2636775970459,6.37573671340942,0.41186785697937,-0.160886406898499,0.141204281960987,0,0.853322060253177,0.000435387762101897,0.00503827002373416,0,0,0,0.423103302717209,0.117579080164433,4.20700298802472,1.41875932235935
50582,FALSE,184.84797668457,47.5784721374512,17.3342685699463,6.79792165756226,0.310731500387192,0.153146103024483,0.472310635772277,0,0.527631409448642,0.0000579547790815929,0,0,0,0,0.183350309729576,0.068121425807476,0.893574886030204,0.012130384118898
50583,FALSE,248.496917724609,53.9735984802246,17.1191291809082,7.01446437835693,-0.0581520274281502,-0.0766828879714012,0.858943771877474,0.00828046994656057,0.125257852524127,0.00530833826393885,0.000158782623090918,0.00165487977242075,0,0.000395904992388186,0.0591513030230999,0.0692961364984512,0.826949960554569,0.429069108156769
50584,TRUE,418.877716064453,96.1784515380859,15.9763174057007,6.99111080169678,0.0498912110924721,0.184359610080719,0.783421792478711,0.000123867466452019,0.215249248702683,0.00115848928729448,0.0000394064792234449,0.00000719558563536944,0,0,0.0713590383529663,0.074484683573246,1.40652323511809,0.599695118554336
50598,FALSE,105.617240905762,19.41748046875,27.5769691467285,6.4739990234375,0.20642763376236,0.391872316598892,0.999075205317196,0,0,0,0.000924794682803599,0,0,0,0.526412010192871,0.126519426703453,0.626022055629223,1.96981050705892
50606,FALSE,144.967056274414,76.3705291748047,22.5818538665771,7.09178161621094,0.189137056469917,0.0262089669704437,0.999559558167541,0,0.000440441832459317,0,0,0,0,0,0.180569440126419,0.119085736572742,0.729853989504766,1.12018748489064
50776,FALSE,77.1350250244141,54.017505645752,15.2195281982422,10.4435319900513,-0.0834822058677673,-0.4552281498909,0.29034755842835,0.000169536283309568,0.686046173054168,0.00741721239479359,0.00137841842621965,0,0.00428075176369211,0.0103603496494668,0.165277644991875,0.168454557657242,1.28657605975192,0.801408446391087
50779,FALSE,6.0768723487854,5.74259090423584,3.70901846885681,3.126140832901,0.00878698285669088,0.0997372195124626,0.228032098620557,0.017296369689642,0.519979973592099,0.009627749623984,0.0750449511700606,0.0172274910111198,0.0367605336771462,0.096030832615391,0.724240303039551,0.314695119857788,0.0187546079618207,0.347983382454962
50783,FALSE,317.850921630859,58.0309066772461,21.269193649292,8.1378173828125,-0.0682831555604935,-0.0932638868689537,0.916911119430769,0.000936024424289655,0.082129854932017,0,0.0000230012129239439,0,0,0,0.0813462138175964,0.0373721495270729,1.06100771546436,0.190456007673274
50784,FALSE,147.254211425781,64.0180053710938,13.5888681411743,9.2402811050415,0.179101377725601,-0.362892955541611,0.164930096010763,0.0275534064787375,0.739195243627407,0.0499214937328659,0.00231545527879988,0.0133623274689756,0,0.00272197740245192,0.236339941620827,0.23480486869812,0.6899518817401,0.84471828428735
50785,FALSE,130.200469970703,17.173885345459,14.5625114440918,5.8772759437561,-0.501424968242645,-0.441039234399796,0.0261615195090791,0.0295572819715163,0.942609171653382,0.00167202686602254,0,0,0,0,0.49248406291008,0.163584843277931,0.0526599733260062,0.0584787448522416
50822,FALSE,203.100830078125,30.2046680450439,16.0799922943115,5.866286277771,-0.258107721805573,-0.0469194948673248,0.544005066472671,0.000997826836691197,0.413246452363335,0.000268757752216196,0.0398325443658078,0.00164935220927908,0,0,0.762697756290436,0.178256168961525,4.46426618073608,0.497382309246917
50828,FALSE,60.7579650878906,11.3441314697266,6.62176990509033,4.28222179412842,0.467662125825882,0.791799068450928,0.206642816368071,0.000453376930614899,0.493146593727026,0.0694575009895738,0.197055081872726,0.03316771064719,0,0.0000769194647986373,0.566250145435333,0.194607362151146,1.24777183858903,0
50854,FALSE,90.3305053710938,60.4849662780762,22.3885707855225,9.69175243377686,-0.0756310969591141,-0.0899820178747177,0.987506360819292,0,0,0,0,0,0,0.0124936391807082,0.217911183834076,0.0876631513237953,2.97632080792791,0.661886237261212
50870,FALSE,439.185150146484,47.0238342285156,20.3516578674316,6.24454116821289,0.00303951092064381,-0.0633235797286034,0.941889067996125,0,0.0581109320038745,0,0,0,0,0,0.0338004231452942,0.00983374658972025,1.09620590300651,0
50871,TRUE,472.35205078125,33.3311157226562,10.1594114303589,6.98114156723022,-0.103094831109047,0.202454417943954,0.615462249266053,0.0000125223102063745,0.369228859641888,0.01457596908022,0.000707877391426911,0,0,0.0000125223102063745,0.0976171642541885,0.0586136169731617,1.92899894520455,0
50872,FALSE,315.928009033203,42.2367515563965,25.2725067138672,6.56887531280518,-0.240913674235344,0.338737964630127,0.539568259549711,0.0131377470810073,0.443355450639704,0,0,0.00393854272957727,0,0,0.0456820204854012,0.062789261341095,0.746519227560971,0.00297796674717885
50873,FALSE,568.934692382812,80.3917846679688,23.4569530487061,8.63686370849609,0.451909571886063,0.314592272043228,0.493459825961768,0.0144861298398306,0.491528425482594,0.000511171738074019,0,0,0,0.0000144469777329402,0.0347063019871712,0.0214140545576811,1.72104583023451,0.0586540205278239
50874,FALSE,511.437286376953,57.9580497741699,25.7051448822021,6.69773769378662,0.486104786396027,0.53284764289856,0.909107288224355,0.0477180624407682,0.043174649334877,0,0,0,0,0,0.131556928157806,0.0874617695808411,1.63313832345672,0
50931,FALSE,269.263824462891,39.8931045532227,18.8073654174805,6.87638664245605,0.16123366355896,0.201178282499313,0.845800213623888,0.00101865315962209,0.147722985556104,0.00162984505539535,0.00000125035652028125,0.00382705224846999,0,0,0.0283763017505407,0.0441612042486668,0.480213829616605,0.00802332090915607
50932,FALSE,269.358215332031,69.0014572143555,22.7475509643555,9.41475677490234,-0.273305028676987,-0.113540135324001,0.83616337797737,0.00103258573762038,0.071339634177229,0,0.000121480675014162,0.0913429214327667,0,0,0.0373680517077446,0.0172216426581144,1.76846118166213,0.146362672370833
50940,FALSE,243.926193237305,41.6345062255859,17.743896484375,6.83245658874512,-0.227629989385605,-0.25899863243103,1,0,0,0,0,0,0,0,0.0503144077956676,0.0332404412329197,2.02537683580375,0.623029571523652
50999,FALSE,87.2698822021484,18.1478881835938,7.48739910125732,2.9612238407135,-0.05330740660429,-0.852419972419739,0.299393935196324,0,0.690609670047082,0,0.00133852368518908,0,0,0.0086578710714051,0.0740419402718544,0.0663948357105255,0.859248915066946,0.176004115033129
51002,TRUE,80.3769836425781,37.8419380187988,13.0812997817993,7.8280816078186,0.102179683744907,0.0974272936582565,0.608258383427041,0.000139535706849427,0.379052896761105,0.00364928502086833,0.000245156553903319,0,0,0.0086547425302336,0.104979179799557,0.0815345346927643,1.01246273770713,0.551804605537654
51003,TRUE,93.3731002807617,40.6992530822754,11.8497457504272,8.28362941741943,-0.293995648622513,-0.207131907343864,0.480147002486561,0.0000640651574832451,0.518487723811631,0.00000218867767183347,0.00129901986665337,0,0,0,0.102506063878536,0.10129401832819,0.848640939112598,0.0727506981208032
51015,FALSE,484.515197753906,89.8631744384766,17.6928577423096,7.84238910675049,-0.329473882913589,-0.329636245965958,0.504025010524496,0.000758279033051716,0.494017246479192,0,0.00118413830759499,0.0000153256556650128,0,0,0.15267314016819,0.0850727111101151,1.31988778000992,0.408829211653616
51016,FALSE,281.527221679688,43.0584945678711,17.2769908905029,8.26563835144043,0.357262790203094,0.0987708121538162,0.919563991874064,0.000255144874903553,0.0757865914877962,0,0.00439427176323627,0,0,0,0.281290531158447,0.0942239686846733,1.87559845641439,2.26837177191768
51141,FALSE,3.6813747882843,2.56852984428406,1.25157499313354,1.36506903171539,0.136204108595848,0.347602069377899,0.103983695639847,0.0000794935453046025,0.382333327483096,0.0924490807006516,0.0116972763363619,0.0031514416783881,0.352927015720368,0.0533786688959824,0.540365397930145,0.205627456307411,0.318176501229103,0.317194386796153
51147,FALSE,8.44474506378174,4.71555233001709,5.75670337677002,3.89555025100708,-0.0213447213172913,0.0843795090913773,0.0109479678554199,0,0.864260875927486,0.0109686548553005,0.0203079677320503,0,0.00144308980824229,0.0920714438215014,0.935530006885529,0.030825037509203,0.308520430214551,1.46826529085742
51204,FALSE,165.63703918457,30.9299602508545,14.6520586013794,9.81984615325928,0.258210718631744,0.250385642051697,0.653749695622333,0,0.287160758311032,0.0552104593498937,0.00321650247449418,0.000662584242247119,0,0,0.326500594615936,0.0975440815091133,1.20055679999786,0.570229004342509
51222,FALSE,270.567687988281,43.4359550476074,29.8724498748779,6.25345659255981,-0.568196654319763,-0.0793303027749062,0.99871986440575,0,0.0012801355942504,0,0,0,0,0,0.0869623050093651,0.0396171845495701,1.07886113421518,0
51229,FALSE,55.9336433410645,3.5006103515625,2.77150821685791,4.3624439239502,0.12539666891098,0.0370023511350155,0.126366410169504,0.0020594978816199,0.663480624163581,0.197787426298892,0.00286016452977768,0.00728745404265502,0,0.000158422913970761,0.373997569084167,0.0949019640684128,0.129616926325259,0.353973336660818
51253,FALSE,24.1614170074463,24.5004844665527,14.8188018798828,10.8377361297607,0.165921241044998,0.657829701900482,0.796614312988974,0.00975654792113528,0.106380132159235,0,0.0838342151582581,0.00341479177239735,0,0,0.50549703836441,0.209082067012787,3.49646666066275,1.86436111818526
51267,FALSE,362.085693359375,45.7711372375488,22.3476104736328,8.56478023529053,-0.124541819095612,-0.090387225151062,0.976506961631204,0,0.0234930383687956,0,0,0,0,0,0.0547275952994823,0.0112210400402546,1.07886113421518,0
51268,TRUE,466.635009765625,125.813507080078,22.2087173461914,7.84541893005371,-0.142575591802597,-0.37823885679245,0.432932963681684,0.041856715363664,0.525075338755495,0.000106723854957061,0.0000282583442000883,0,0,0,0.161104708909988,0.0750209018588066,0.0062971109852378,0.178301389736309
51269,FALSE,187.593414306641,15.568790435791,11.729416847229,11.2123556137085,-0.0633742436766624,0.167446658015251,0.523871616950137,0,0.223224324885892,0,0.0194526399964105,0.00132133699288837,0,0.232130081174673,0.276946544647217,0.0961630195379257,0.327662078255277,0.761451550958558
51270,FALSE,197.846771240234,34.8527565002441,5.53186368942261,9.72240734100342,-0.0485606007277966,0.483044892549515,0.15419603375215,0.0112651893607436,0.42925846804326,0.131111177049906,0.0127737771253419,0.0428503742811295,0,0.218544980387469,0.357717871665955,0.240970641374588,0.0842606053190331,0.342680098181062
51291,FALSE,153.556747436523,14.4498157501221,7.89495229721069,7.66433572769165,0.0633646622300148,0.172260254621506,0.143251781849659,0.000423730622708388,0.61773232205017,0.0000184230705525386,0.0156894724600734,0.00174528467494063,0,0.221138985271896,0.275841444730759,0.15946289896965,0.16346032294009,0.690792744703479
51304,FALSE,45.8334426879883,3.78288555145264,2.85190629959106,4.267258644104,0.433389782905579,-0.121135801076889,0.659825414825059,0,0.0831012284217348,0.0616650060010413,0.0291594156925399,0.00142114012654067,0,0.164827794933084,0.447724670171738,0.145299196243286,1.00050778411014,0.83442289485908
51311,FALSE,697.87939453125,27.4488124847412,17.4965190887451,7.50971555709839,0.513886094093323,0.383278876543045,0.882905896932666,0,0.0898135534971868,0,0.0272805495701476,0,0,0,0.25105544924736,0.0840646401047707,1.40532373088826,0.718091897818068
51316,FALSE,503.784820556641,35.7082748413086,14.9305028915405,7.08149290084839,-0.424036264419556,-0.339577168226242,0.927787869633155,0,0.0721851284771333,0,0.0000270018897119307,0,0,0,0.140812784433365,0.0831759497523308,0.0965537454851344,0.380164209864273
51361,FALSE,217.065185546875,35.3872032165527,16.0035991668701,6.23122930526733,0.2843057513237,-0.0774040073156357,0.15731206508252,0,0.833915583873488,0.0085403893109405,0.000231961733052019,0,0,0,0.374184668064117,0.188556596636772,4.82877727232398,0.284129752688475
51363,FALSE,202.894470214844,43.4477844238281,19.3078556060791,7.36945533752441,0.352039217948914,0.221583232283592,0.611655759670748,0,0.388344240329252,0,0,0,0,0,0.190473109483719,0.0665150806307793,1.37916092033373,0.600657584978474
51365,FALSE,215.50325012207,38.6792030334473,20.0259628295898,6.39138698577881,0.514182806015015,0.0205287784337997,0.665879786588458,0,0.333853166564382,0,0.000267046847160774,0,0,0,0.199016571044922,0.124817930161953,1.2617174388845,0.16284739189468
51415,FALSE,212.813674926758,18.032299041748,12.6446809768677,8.19650363922119,0.110655084252357,-0.525117814540863,0.0505060917480892,0,0.933633341591657,0.00343190699525317,0.0121097636884174,0.00031889597658322,0,0,0.400330066680908,0.132420659065247,4.61360282941408,0.133588920744515
51466,FALSE,452.600311279297,34.0660591125488,15.2040100097656,6.99313497543335,-0.196985498070717,0.311542481184006,0.984934714275535,0.000263940377479365,0.0148013453469857,0,0,0,0,0,0.250230669975281,0.0876846164464951,3.00652131171588,0.586410912036771
51536,FALSE,2.01880359649658,0.581684231758118,0.444753140211105,0.791159212589264,-0.0226078480482101,0.670695245265961,0.0121711360241348,0,0.151286837795559,0.733222211896261,0.000534745028759034,0.000995599507835955,0.0584766743931315,0.0433127953543182,0.513528525829315,0.0947676673531532,0.931179462496053,0.98921979784029
51736,FALSE,210.458389282227,58.2915344238281,28.0132751464844,7.84721755981445,0.0148023338988423,-0.16037529706955,0.996263657217583,0,0.00373634278241683,0,0,0,0,0,0.0588942877948284,0.0207129865884781,1.25369167455246,0.625287075426324
51737,FALSE,156.972640991211,38.0465354919434,28.744197845459,7.63638973236084,-0.0650635212659836,0.338621586561203,0.995335045794231,0,0,0,0.00466495420576902,0,0,0,0.128549724817276,0.035551980137825,2.30606045734354,0.780729946705005
51739,TRUE,296.952545166016,122.937103271484,21.4472579956055,9.14847373962402,-0.309660166501999,-0.291881650686264,0.386029241059235,0.0298827948242454,0.580258692810561,0.002952607130335,0.000384562987234644,0.000492101188389166,0,0,0.0921445116400719,0.118071146309376,0.491417112857092,0.254637500862783
51741,FALSE,55.7747955322266,13.2939987182617,13.8598670959473,6.62338590621948,-0.172779753804207,-0.122610814869404,0.679485074163918,0,0.3098365393304,0,0.00614085171057573,0,0,0.00453753479510587,0.449029266834259,0.202685371041298,4.16882343202393,0.034478736807148
51744,FALSE,28.8516292572021,4.21574640274048,3.25289559364319,1.0782732963562,-0.251410633325577,-0.755357325077057,0.732094655286764,0,0.247495701566132,0,0.0204096431471038,0,0,0,0.522879242897034,0.0856494084000587,4.79366457435356,0
51745,FALSE,378.282287597656,61.9020805358887,18.6959266662598,8.83856678009033,0.146826341748238,-0.0410563312470913,0.741827635956481,0.010633432624214,0.247538931419305,0,0,0,0,0,0.0925947427749634,0.0589996092021465,0.957986391946645,0.667717279826605
51769,FALSE,523.767395019531,91.4896850585938,20.5008201599121,7.59551000595093,-0.11457221955061,0.0809157565236092,0.67264421696048,0.0134469428401155,0.311860610804745,0.00166212949413791,0.000386099900521543,0,0,0,0.0682285875082016,0.0521823689341545,1.13386098707666,0.932281317860573
51781,FALSE,95.6600952148438,5.87041234970093,4.7324914932251,7.11090707778931,0.103254429996014,0.099813736975193,0.542817186267626,0.00124612244451936,0.229535856605854,0.112397011944269,0.0471239340784625,0.00832359002943312,0,0.0585562986298368,0.552902817726135,0.121023200452328,2.62517813103697,1.96910680922111
51782,FALSE,191.751998901367,6.90756845474243,3.89064455032349,6.13594532012939,-0.0082333292812109,0.369581878185272,0.0441352226948047,0,0.861739355820822,0.0926475711228009,0,0,0,0.00147785036157236,0.114456243813038,0.0914946794509888,0.0322540559702372,0.039533395186588
51822,FALSE,1.41987919807434,1.09258890151978,0.488456577062607,0.966633796691895,0.0176458600908518,0.661160290241241,0.00247692052495305,0.000915660840555436,0.917235499389466,0.00269569508250075,0.0261786324074863,0.0420575874855708,0.00051754743161829,0.00792245683784921,0.600068867206573,0.163043037056923,0,0
51823,FALSE,408.833618164062,16.7287178039551,17.0276374816895,7.45412969589233,-0.121010057628155,0.0256684329360723,0.20440661532416,0,0.79559338467584,0,0,0,0,0,0.117585070431232,0.0422727577388287,0.0258828142873219,0.162282644540131
51837,FALSE,21.9695148468018,2.37949347496033,1.87853920459747,3.23583602905273,-0.108654767274857,0.358533650636673,0.121729095181212,0,0.877293490602863,0.000977414215924436,0,0,0,0,0.253822445869446,0.15862749516964,4.21106469585747,0
51839,FALSE,23.3101425170898,2.57788276672363,1.93041753768921,3.75002241134644,-0.00511960545554757,0.183212503790855,0.135337421307128,0,0.832468146994393,0.0163966854983178,0.00616483676901442,0.00963290943114699,0,0,0.444582641124725,0.253066718578339,4.21106469585747,0
51844,FALSE,20.1006965637207,1.02982950210571,0.886307060718536,1.17901039123535,0.144835934042931,0.226122066378593,0.116801919059218,0,0.512207676520038,0.231297162369691,0.134746170240453,0.00494707181059938,0,0,0.926156401634216,0.0425553768873215,0.26168999051604,0.877564872963058
51863,FALSE,678.543334960938,81.6870498657227,24.2795658111572,10.3754358291626,0.298792511224747,0.462853848934174,0.581432196290421,0.0282978131134657,0.390269990596114,0,0,0,0,0,0.0201486237347126,0.00824048556387424,1.63313832345672,0
51891,FALSE,113.803535461426,40.3304977416992,10.7562847137451,8.62333202362061,0.167355760931969,0.196402907371521,0.0318317288551851,0,0.921538915141793,0.0460238419237418,0.000605514079280409,0,0,0,0.235963389277458,0.101855397224426,1.02202195399447,0.431124004167018
51937,FALSE,44.0399589538574,0.195856854319572,0.125408306717873,0.438180655241013,0.00639397418126464,0.898042976856232,0.0242489274194883,0.0350606760203885,0.27819797335597,0.610800886192798,0.0109651158431117,0.0399211062354928,0,0.000805314932750534,0.511152148246765,0.067452073097229,0.874626020063242,0.000000000000000111022302462516
51940,FALSE,166.859680175781,37.6272087097168,19.2813968658447,6.9899377822876,0.3848856985569,0.438030600547791,0.510679330999682,0,0.485346790972805,0,0.00397387802751328,0,0,0,0.227439746260643,0.0624250844120979,0.115094288371975,0.0380093196818171
51941,FALSE,113.168411254883,40.9806823730469,18.9814701080322,9.07557773590088,-0.249393910169601,-0.171409651637077,0.530640313060158,0.012526271269456,0.456058078435704,0.000164231012256597,0.000611106222425784,0,0,0,0.122555658221245,0.104509517550468,0.23995780742185,0.0200945270528414
52064,FALSE,112.510757446289,6.40125322341919,4.43931531906128,5.85452747344971,0.578705787658691,0.153139650821686,0.15686432701525,0,0.2130075996218,0.568554516059746,0.0596065385548712,0.001967018748333,0,0,0.412668257951736,0.0906181707978249,1.86582657898093,0.00052969165365864
52069,TRUE,342.444244384766,52.0743217468262,16.8759918212891,7.73677587509155,0.17761555314064,-0.0360731706023216,0.27916667435242,0.0000170605552565784,0.716503841967825,0.00331346255154481,0.000998960572953573,0,0,0,0.193180605769157,0.124826475977898,0.442005466429524,0.896613530953148
52112,FALSE,242.390716552734,10.8560180664062,5.68435382843018,4.25771808624268,0.520153999328613,-0.357011526823044,0.103985683818962,0,0.437618485462473,0,0.450787167177586,0.00760866354097931,0,0,0.75337427854538,0.0881015211343765,1.31570804335068,1.64501608571532
52177,FALSE,24.5892276763916,3.73032569885254,3.59593653678894,3.45214486122131,-0.198846995830536,-0.295027166604996,0.284764914673644,0,0.71393934488432,0,0.00129574044203579,0,0,0,0.553636968135834,0.111099369823933,3.41906180197702,0.023143243292429
52189,FALSE,93.4707183837891,43.5789184570312,15.0614213943481,8.47890472412109,-0.240832075476646,-0.0961510390043259,0.155031957769864,0.000928195812969298,0.833436666348718,0.00189410986139444,0.00170865209425718,0.0027876247999459,0,0.0042127933128505,0.207022860646248,0.135842025279999,1.94992311141962,2.39261772858311
52204,FALSE,73.6789855957031,27.6550331115723,12.9670095443726,8.15523910522461,-0.250020563602448,-0.17110675573349,0.891117613231316,0.000338837597577156,0.0459745882240811,0,0.00778736989839236,0.000338837597577156,0,0.0544427534510562,0.443775773048401,0.172816291451454,0.1440291622131,0.908309555509086
52206,FALSE,94.5935363769531,29.0501766204834,13.7498826980591,11.7218055725098,-0.0122933052480221,0.230461642146111,0.62493481630304,0.00201826874620068,0.0754102627702097,0,0.00473707703858452,0,0.00154643790250138,0.291353137239464,0.354360491037369,0.150086417794228,0.139780159093182,0.800404673490809
52207,FALSE,84.1010589599609,17.4748764038086,14.602560043335,11.9546337127686,-0.333474159240723,0.602115988731384,0.645327647238004,0,0.0361378864522682,0,0,0,0,0.318534466309728,0.26455745100975,0.039768397808075,0.00418317500768589,0.0205462304968216
52210,TRUE,298.246337890625,112.327392578125,18.6776866912842,7.53992223739624,-0.108429849147797,-0.159512490034103,0.49572576250593,0.00101628064811741,0.498329782251562,0.00422583185112461,0.000692098322920737,0,0,0.0000102444203455044,0.16103783249855,0.113195143640041,0.247857039088618,0.564039977584352
52211,TRUE,261.274169921875,57.2615432739258,21.3834362030029,8.35394477844238,0.06816216558218,0.184699267148972,0.865077751671244,0,0.132883540982469,0.0000266003690503745,0.00192238512639354,0.0000822317390903217,0,0.00000749011175353133,0.253022223711014,0.118072055280209,0.858768956526416,1.36121765801733
52212,FALSE,333.963714599609,61.9376640319824,22.4903030395508,8.1534423828125,0.594636499881744,0.220149308443069,0.807681242747301,0,0.192318757252699,0,0,0,0,0,0.344247490167618,0.16009858250618,0.000672419979543169,0.0476155277499866
52214,FALSE,105.715515136719,3.92351722717285,3.2320294380188,2.03224563598633,-0.347101449966431,-0.577386558055878,0.306840477956595,0,0.692839456873214,0,0.000320065170190957,0,0,0,0.576126158237457,0.140830874443054,0,0
52215,FALSE,343.827575683594,84.250862121582,20.1025829315186,7.94994449615479,-0.0701419115066528,0.334703177213669,0.596125363738851,0.0105056155615163,0.389577015249428,0.0012734031160211,0.00251860233418311,0,0,0,0.312832772731781,0.155483543872833,0.383462611671688,0.0875590674317206
52216,TRUE,240.912155151367,76.9441070556641,16.9596824645996,6.79901456832886,0.471882611513138,0.443330734968185,0.722066597534651,0,0.276711460376861,0.000480237123790385,0.000693006369594724,0,0,0.0000486985951025321,0.260272175073624,0.13516204059124,0.000862640940080684,0.0600206555226194
52219,TRUE,215.558807373047,52.2591514587402,18.0642929077148,7.86722755432129,-0.0513809733092785,-0.0636583343148232,0.59930063722643,0.000404157900335529,0.358347958726316,0.00210787285092559,0.00163532324463267,0.00145496709636092,0.0000161663160134212,0.0367329166389863,0.194466948509216,0.135645866394043,0.0289243254925788,0.26295932723316
52220,TRUE,178.329376220703,54.2630424499512,16.4193363189697,7.46245336532593,-0.0923838838934898,-0.18033342063427,0.536143924040216,0.00163372835913133,0.460786749763759,0.0000752307411118578,0.000529752794029109,0.0000320838946042165,0,0.000798530407148089,0.156977534294128,0.109819784760475,0.00929780936195673,0.192221135000381
52221,FALSE,132.96989440918,44.3821411132812,11.5969362258911,8.51483535766602,0.381170243024826,0.0195907969027758,0.349436451478563,0,0.551534038674377,0.0978610768722783,0.00116843297478206,0,0,0,0.247676685452461,0.134186148643494,0.000976546520362764,0.0238759607705163
52222,TRUE,136.181701660156,51.0930976867676,13.9332685470581,7.83658790588379,-0.17910224199295,-0.102268181741238,0.132755706687119,0,0.864642509495253,0.00144529165575068,0.00111420533974821,0,0.00000704780368820285,0.0000352390184410143,0.253828555345535,0.113304384052753,0.0244061783458867,0.244687366242406
52225,FALSE,405.477600097656,56.0935363769531,21.9715461730957,12.9716596603394,-0.190128415822983,-0.1328234821558,0.982118096083698,0.00491812390136811,0.012741185928431,0,0,0.000222594086502456,0,0,0.0976276844739914,0.0379062257707119,3.06850281243591,0.3289138419074
52231,FALSE,189.888473510742,30.657958984375,21.7761898040771,8.45130920410156,-0.0581666603684425,0.0321826748549938,0.983789557018082,0,0.00758701031619599,0,0.00474794286787746,0,0,0.00387548979784407,0.283579558134079,0.0834657549858093,0.00833209402927555,0.0954180805784172
52232,TRUE,207.737030029297,59.1079864501953,21.1784038543701,8.06452655792236,-0.0487046018242836,-0.0925183072686195,0.752545415704494,0.000489206877328637,0.240270003485685,0.000880297430782912,0.00153288746062428,0.00029958815743417,0,0.00398260088365145,0.151530146598816,0.0859749019145966,0.093723463058362,0.169139296119502
52238,FALSE,171.409805297852,2.74262404441833,3.58630609512329,3.41429924964905,-0.145050913095474,0.113474987447262,0.580082656148652,0,0.320651986193707,0.0118922227077257,0.0873731349499155,0,0,0,0.338811725378036,0.0917244404554367,2.14255895857659,0.708567848179395
52256,FALSE,0.397499740123749,1.50182664394379,1.31742453575134,1.88161838054657,-0.0230554267764091,0.474466741085052,0.0880601989743913,0.00162193484922367,0.563730978185732,0.304575442603319,0.00318596283267875,0.00738204119347881,0.0238544797191282,0.00758896164204778,0.470590263605118,0.0658812299370766,0.566727098529928,0.125598896687658
52258,FALSE,1.30045533180237,0.764730632305145,1.78115928173065,1.53439521789551,-0.018274737522006,0.0580746680498123,0.00184712323043071,0.0421144096538202,0.233781548802222,0.00147769858434457,0,0.000738849292172284,0.571080308388862,0.148960062048149,0.0368689075112343,0.0126452464610338,0,0
52293,FALSE,575.405456542969,86.7319259643555,18.1867446899414,9.0071496963501,0.135160714387894,0.621525347232819,0.951101996478161,0.000210401363569181,0.0474046450326925,0.0000731492850545595,0,0,0,0.00120980784052279,0.107580773532391,0.067155584692955,0.320217276817677,0.243511364355128
52317,FALSE,1.94221210479736,1.26620149612427,0.695785760879517,0.891384243965149,-0.17228427529335,0.345218062400818,0.0582917576236274,0.0458577079493907,0.359519212078443,0.037130780335654,0.0176283345094323,0.000251870626274096,0.154139363622497,0.327180973254681,0.475030034780502,0.256031692028046,0.00363322626938927,0.053568383274333
53022,FALSE,1.99446952342987,0.730529963970184,0.336063981056213,0.672744989395142,0.154200986027718,0.699659705162048,0.128464484564001,0,0.210844370427374,0.352023724178012,0.000827460064256491,0,0.303937273939956,0.00390268682640123,0.42282834649086,0.0804033726453781,0.482763394732938,0.677802109042549
53034,TRUE,147.992980957031,68.5192794799805,16.3185195922852,9.11711311340332,-0.143293514847755,0.135343551635742,0.339238570152069,0.00623217443598191,0.641960249762739,0.0115510322006124,0.000965019662090864,0.0000529537865070887,0,0,0.129773497581482,0.139199629426003,0.0487200957458873,0.0848326189639875
53035,TRUE,246.815307617188,64.6959381103516,15.4064092636108,8.23757171630859,-0.210681527853012,-0.176881223917007,0.412676467657814,0.00329149472286848,0.575335971683514,0.000678461956714318,0.0038033940367038,0.0000174290892873308,0,0.00419678085309885,0.141615584492683,0.0936015546321869,2.0807751736984,0.911226292716327
53046,FALSE,1035.50256347656,35.6856918334961,22.7520446777344,6.61701631546021,-0.369104564189911,0.137799307703972,0.434240601028802,0.0245458995577178,0.54121349941348,0,0,0,0,0,0.00986296311020851,0.00158770033158362,0.0000428246670911475,0.000390195652723371
53047,FALSE,946.581237792969,92.1817474365234,21.0389366149902,7.08628368377686,0.085047759115696,-0.412025809288025,0.668916703107818,0.00838435535741244,0.320117439768578,0.000536604299713909,0,0.00203039464756614,0,0.0000145028189111867,0.011223048903048,0.0021265943069011,0.245794209402996,0.264480137407831
53048,FALSE,81.747688293457,2.96033239364624,0.485434085130692,1.01470184326172,0.136913612484932,-0.00135269481688738,0.0683915264864168,0,0.429912143886221,0.486797849030776,0.00282928942659718,0,0,0.0120691911699886,0.433379232883453,0.126619890332222,1.15316794511872,0.979772149407176
53049,FALSE,77.889518737793,6.00360918045044,2.11277294158936,4.51061534881592,0.0334133543074131,0.301484256982803,0.0383769173179652,0,0.608510367515586,0.344467265164554,0.00175864979802074,0.000443185012556267,0,0.00644361519131749,0.486497610807419,0.137213826179504,0.242988166571653,0.522249996817932
53050,FALSE,85.4907989501953,4.2064962387085,0.837957501411438,0.847187161445618,0.232243493199348,0.648466289043427,0.0186720039658359,0,0.378455280371594,0.583061988835428,0.0198107268271421,0,0,0,0.479336231946945,0.109571896493435,0.879207675100933,0.541930433706869
53051,FALSE,81.6831893920898,2.23277044296265,0.389627933502197,0.710883677005768,0.0687049031257629,-0.103732839226723,0.0353652626807211,0,0.298018323724698,0.662668228301758,0.00388105480481906,0.0000671304880040371,0,0,0.510369598865509,0.109969444572926,1.31921786344225,0.142863259564129
53055,FALSE,96.7997131347656,5.28700971603394,3.51808071136475,4.05709314346313,-0.0818651244044304,0.152492359280586,0.250488114797318,0,0.580562078387308,0.131591528227162,0.0317701662471056,0.00181339191893705,0,0.00377472042216903,0.909085631370544,0.08070208132267,4.55238772483777,2.6699525812364
53056,FALSE,97.7976531982422,0.836869418621063,0.538920819759369,0.91731733083725,-0.0816923677921295,0.56655615568161,0.00567715464984354,0,0.699132379801796,0.112086815613266,0.17950049135011,0.00360315858498531,0,0,0.874955832958221,0.0657155364751816,0,0
53057,FALSE,161.3671875,18.8073215484619,13.7880868911743,3.89824295043945,0.0486750639975071,-0.379468739032745,0.106707061860407,0,0.867163015248995,0,0.0256180928138764,0.00051183007672164,0,0,0.84137350320816,0.1206079646945,4.52943571331821,0.388348233434086
53058,FALSE,186.813217163086,32.0174560546875,15.718451499939,5.66069507598877,0.0621975921094418,-0.271934121847153,0.0614129400329044,0,0.932464861356576,0,0.00575798583166052,0.000364212778859273,0,0,0.33573117852211,0.125673919916153,3.22590415990458,0.0821475673191841
53062,FALSE,159.391967773438,14.0162754058838,14.3558692932129,7.72014665603638,0.191699326038361,0.250805050134659,0.490495770476402,0,0.4971837416903,0,0.0123204878332981,0,0,0,0.510756373405457,0.201095417141914,3.66602147533947,0.23794625260872
53063,FALSE,165.887893676758,1.2591826915741,1.21539700031281,1.79208111763,-0.00111741316504776,0.274858623743057,0,0,0.981238804974875,0.00958622185987037,0,0.00917497316525502,0,0,0.378932267427444,0.140484511852264,5.41756318408302,0.281766999405
53064,FALSE,187.830184936523,23.8611965179443,13.1282529830933,4.88347625732422,-0.207681506872177,-0.237720608711243,0.0138908861034473,0,0.958254103668522,0.0223816367483344,0.00547337347969591,0,0,0,0.386632829904556,0.117612101137638,1.23053235987851,0.116409302340041
53068,FALSE,156.191818237305,1.58835816383362,0.662422955036163,0.836474895477295,-0.243704363703728,0.148143321275711,0,0.000868723143546627,0.941780313776537,0.029456261437219,0.0223447706604777,0.00532812325965151,0,0.00022180772256773,0.339773297309875,0.134519144892693,3.92168340149308,0.140168912638242
53069,FALSE,181.225830078125,13.5743045806885,10.0207166671753,4.81300258636475,-0.265332072973251,-0.137438252568245,0.0333814954852728,0,0.923214553262978,0.000476418300381665,0.0339682592661769,0.00895927368519096,0,0,0.605874121189117,0.21340337395668,5.68581876790174,0.308574617029447
53070,FALSE,164.188934326172,14.2945804595947,6.24326753616333,5.91241693496704,0.15922224521637,0.527698457241058,0.000503341578550098,0,0.998166164470626,0.000777763904816792,0.000552730046007493,0,0,0,0.315740793943405,0.0961920469999313,0.366429196476144,0.180729944000224
53071,FALSE,227.818984985352,31.4971542358398,14.3528461456299,5.59364700317383,0.260757803916931,0.310066550970078,0,0,0.989836746220715,0.00252692417780708,0.00751435523999495,0.000121974361483271,0,0,0.292978882789612,0.0668037384748459,1.42356837376527,0.112827813532833
53072,FALSE,248.889282226562,29.1787414550781,14.3053016662598,5.35074090957642,-0.53764683008194,-0.155104145407677,0,0,0.994165736950077,0,0.00583426304992269,0,0,0,0.301641494035721,0.0994454398751259,1.01943042058913,0.0521873864233849
53073,FALSE,284.846496582031,37.5796318054199,10.5682773590088,4.10811185836792,-0.201791241765022,-0.709434151649475,0,0,0.986632263958889,0,0.000417925103592334,0.0129498109375182,0,0,0.416339635848999,0.232807487249374,0.642302120690292,0
53100,FALSE,397.038757324219,39.0321388244629,23.1520614624023,9.50306224822998,-0.184636473655701,0.362666398286819,0.994088898821613,0,0.00591110117838659,0,0,0,0,0,0.256516844034195,0.0427739955484867,3.26643531888699,0.00543637130138897
53160,FALSE,211.338241577148,45.028923034668,24.4881744384766,8.66072463989258,-0.30402547121048,-0.209278896450996,0.79605233335406,0.0179411561438423,0.186006510502098,0,0,0,0,0,0.0542094297707081,0.0061769881285727,0.833160164034694,0
53203,FALSE,24.0944366455078,17.3195915222168,8.44351863861084,5.82889604568481,-0.304739058017731,-0.509451448917389,0.294317101797944,0,0.441597041819867,0,0.175198847874416,0.0888870085077735,0,0,0.563374280929565,0.239127829670906,0.00591636189907181,0.069710995376071
53204,FALSE,243.468872070312,43.6239356994629,14.2733926773071,6.27994775772095,-0.265745878219604,-0.556968033313751,0.00286834316662371,0,0.994059873942755,0.0022871010518565,0.000784681838764888,0,0,0,0.269331455230713,0.139973804354668,1.2887930721639,2.07811989554608
53205,FALSE,128.465774536133,18.8094806671143,8.60744667053223,6.65962266921997,-0.0282714776694775,0.0559124127030373,0.0169303698753096,0,0.97833425772008,0.00266856507078343,0.00206680733382732,0,0,0,0.300557047128677,0.0865348652005196,1.35505156172726,0.0890230440360179
53208,FALSE,139.850189208984,32.2667198181152,13.9006996154785,6.7226357460022,-0.102349571883678,-0.271741896867752,0.0670362484299647,0,0.931581758258677,0.00121184257785587,0.000170150733502285,0,0,0,0.301296502351761,0.132155314087868,0.383027244655613,0.246172185410039
