"unit_id","county","hab_area_km2","unit_name","n_occ","effort_years","gistar_z","hotspot","q5_flag","n_total","n_obscured","obscured_frac","kde_mean","kde_max","bobc_detected"
7,"Santa Clara",14.6733217172247,"Calero County Park",22,16,0.22328009762205,"ns",NA,22,0,0,0.0000000611379817883062,0.000000197264100165739,1
16,"Santa Clara",46.9815833018012,"Sierra Azul Open Space Preserve",3,12,0.409133882087645,"ns",NA,3,0,0,0.000000019985394672517,0.000000395561301047564,1
27,"Santa Clara",1.17027804380227,"Rancho San Antonio Open Space Preserve",10,14,0.644545973106113,"ns",NA,9,0,0,0.000000242659069726869,0.000000412968091723087,1
32,"Santa Clara",8.69289478302082,"Rancho San Antonio Open Space Preserve",18,17,0.915016544165085,"ns",NA,18,1,0.0555555555555556,0.000000250404923463066,0.000000766362290960387,1
69,"San Mateo",0.124577799596895,"Red Morton Community Park",0,3,-0.244375848168457,"ns",NA,0,0,NA,0.0000000000452960030594696,0.000000000053138667077679,0
75,"Alameda",4.08655124469429,"Reinhardt Redwood Regional Park",2,12,-0.291150477619307,"ns",NA,2,0,0,0.000000740359041628835,0.000000926361735764658,1
79,"San Mateo",0.257042581102171,"Redwood Shores Ecological Reserve",0,11,-0.391574436040347,"ns",NA,1,1,1,0.000000107638818747091,0.000000168504129760549,0
141,"Contra Costa",0.101481775778572,"Richmond",0,7,0.281664311004216,"ns",NA,0,0,NA,0.00000000000313019857429986,0.00000000000400515775059174,0
166,"Marin",1.57464983352602,"Ring Mountain Open Space Preserve",1,14,-0.440800465989,"ns",NA,1,0,0,0.00000000324559468189989,0.0000000182148305327701,1
181,"Santa Clara",0.178453931382849,"River Oaks",0,1,-0.285273581243837,"ns",NA,0,0,NA,0.00000000719134662929832,0.0000000215461639641035,0
185,"Alameda",0.880183556756031,"Augustin Bernal Park",0,5,0.056015745559943,"ns",NA,0,0,NA,0.0000126548266052851,0.0000154881981870858,0
198,"Solano",0.328066203859312,"River Park",0,2,-0.409291245173099,"cold",NA,0,0,NA,0.000000195565661442743,0.000000234534411447385,0
211,"Alameda",0.124880768597021,"Robert Livermore Park",0,1,-0.119875720641227,"ns",NA,0,0,NA,0.00000135959885483317,0.00000135959885483317,0
214,"Napa",16.3715139705841,"Robert Louis Stevenson State Park",0,10,-0.473243053810798,"cold",NA,2,2,1,0.00000019165727849213,0.000000457213161553227,0
218,"Alameda",0.395822990314039,"Robertson Park",0,5,-0.00180463511981089,"ns",NA,0,0,NA,0.00000105178014564444,0.00000143224337989523,0
223,"Solano",2.95187931290062,"Rockville Hills Regional Park",3,14,-0.356140817774844,"cold",NA,3,0,0,NA,NA,1
280,"Contra Costa",8.28006881647229,"Round Valley Regional Preserve",4,16,-0.178972726447328,"ns",NA,4,0,0,NA,NA,1
289,"Alameda",0.183075466300017,"Rowell Ranch Rodeo Park",0,0,-0.0987501133971544,"ns",NA,0,0,NA,0.0000000981303642788589,0.000000151483320109946,NA
294,"Marin",1.1404198720217,"Roy's Redwoods Open Space Preserve",0,10,-0.148137141378554,"ns",NA,0,0,NA,0.000000363286517313099,0.000000794561344719114,0
299,"Marin",1.97633624667861,"Rush Creek Open Space Preserve",0,5,-0.586671550907319,"ns",NA,0,0,NA,NA,NA,0
303,"Alameda",0.84865865985535,"Bethany Reservoir State Recreation Area",0,0,-0.373857626907596,"ns",NA,0,0,NA,NA,NA,NA
308,"Solano",8.5847216412503,"Rush Ranch Open Space",0,15,-0.409291245173099,"cold",NA,0,0,NA,NA,NA,0
315,"Contra Costa",1.00090284632505,"Russell Research Station (UC)",0,4,0.0336289831456925,"ns",NA,0,0,NA,NA,NA,0
321,"San Mateo",4.92818962248237,"Russian Ridge Open Space Preserve",14,14,0.601813090265053,"ns",NA,16,2,0.125,0.000000165535226415159,0.00000103527679584658,1
347,"Sonoma",18.0061184343355,"Salt Point State Park",0,15,-0.232123153845582,"ns",NA,0,0,NA,0.000000160523271119928,0.000000433069402561159,0
353,"San Mateo",3.21819504372464,"Sam McDonald Park",2,9,0.220777901316076,"ns",NA,2,1,0.5,0.0000000882872015495195,0.00000012531936022242,1
358,"Marin",10.3386239657238,"Samuel P. Taylor State Park",3,14,8.96290078605253,"hot","occ_hot_effort_not_TRUSTED",0,0,NA,0.0000000303231040277296,0.000000368061478184245,1
372,"San Mateo",0.117901239756017,"San Bruno City Park",0,4,-0.391574436040347,"ns",NA,0,0,NA,0.00000000000000000000635715563779886,0.0000000000000000000837330247916024,0
378,"San Mateo",0.378200061485235,"San Bruno Mountain Ecological Reserve",0,8,-0.373857626907596,"ns",NA,0,0,NA,NA,NA,0
393,"Sonoma",0.106900260289144,"San Francisco Archdiocese",0,0,-0.125822299049072,"ns",NA,0,0,NA,0.000000000000466376178127892,0.00000000000145966160165767,NA
402,"Santa Clara",57.4303313498671,"San Francisco Watershed Lands",6,8,2.33681417040341,"ns",NA,6,1,0.166666666666667,0.0000000817058349866784,0.00000107545986338664,1
413,"San Mateo",1.05419759614862,"San Gregorio State Beach",0,3,-0.196689535580079,"ns",NA,0,0,NA,0.00000000194794735897119,0.00000000606016037352219,0
421,"San Mateo",0.730850871846965,"San Gregorio State Beach",0,3,-0.196689535580079,"ns",NA,0,0,NA,0.000000000656717902280946,0.00000000382747300520236,0
441,"Alameda",0.127439698005242,"San Lorenzo Community Park",0,1,-0.391574436040347,"ns",NA,0,0,NA,0.000000301413365377812,0.000000321670313496725,0
455,"San Mateo",0.447683975329434,"San Mateo Properties",0,2,-0.373857626907596,"ns",NA,0,0,NA,0.00000000000335875489747284,0.00000000000972971963414393,0
461,"Sonoma",3.06198838074724,"San Pablo Bay National Wildlife Refuge",0,6,-0.391574436040347,"ns",NA,0,0,NA,0.000000000058725871387999,0.000000000292988439065667,0
470,"San Mateo",3.14247236177163,"Big Basin Redwoods State Park",0,4,-0.364362988401607,"ns",NA,0,0,NA,0.00000000480285011761339,0.0000000716976558123861,0
491,"Marin",1.50564761191256,"San Pedro Mountain Open Space Preserve",0,4,-0.4726910341421,"ns",NA,0,0,NA,0.00000000000000000441602984515775,0.0000000000000000824801376413529,0
499,"San Mateo",5.16856200720077,"San Pedro Valley Park",10,16,-0.0275657959246813,"ns",NA,9,0,0,0.0000000000000221462049545228,0.00000000000131269691297509,1
516,"Santa Clara",0.666423803360394,"Lexington Reservoir",0,0,-0.0757242462723633,"ns",NA,0,0,NA,0.000000142294283023148,0.000000354049404904799,NA
520,"Solano",0.146718555985344,"Sandy Beach Park",0,0,-0.409291245173099,"cold",NA,0,0,NA,NA,NA,NA
542,"Santa Clara",6.69716848015362,"Santa Teresa County Park",6,14,-0.0341133060762299,"ns",NA,5,0,0,0.00000000573160097161463,0.000000064039312519526,1
546,"Marin",0.130853985680166,"Santa Venetia Marsh Open Space Preserve",0,1,-0.51997350927514,"ns",NA,0,0,NA,NA,NA,0
563,"Santa Clara",3.11156153531514,"Saratoga Gap Open Space Preserve",0,3,0.0729074383380322,"ns",NA,0,0,NA,0.000000236125615060701,0.000000449823062353971,0
581,"San Mateo",4.36466830250848,"Skyline Ridge Open Space Preserve",21,14,0.579507984511585,"ns",NA,24,3,0.125,0.0000000226968666083849,0.000000106171157199242,1
586,"Alameda",1.03023835142162,"Quarry Lakes Regional Recreation Area",0,8,-0.397724246781541,"ns",NA,0,0,NA,0.000000210077416795684,0.000000254949185318765,0
602,"Marin",0.2054120084314,"Scottsdale Marsh",0,2,-0.601247404004845,"ns",NA,0,0,NA,0.00000000000000000313837494281447,0.0000000000000000114634734200794,0
604,"Sonoma",2.96511468215771,"SCWA",10,10,-0.0903886807835692,"ns",NA,8,0,0,0.000000148156715340519,0.00000219869366446801,1
606,"San Mateo",0.183277995308431,"Sea Cloud Park",0,4,-0.42081347728328,"ns",NA,0,0,NA,0.000000108957124211884,0.000000111413939407612,0
628,"Solano",1.67756541829494,"Serpas Ranch Open Space",1,0,-0.414808436476993,"cold",NA,1,0,0,NA,NA,1
650,"Santa Cruz",0.839902608957724,"Santa Cruz Long-Toed Salamander Ecological Reserve",1,3,-0.468908564254015,"ns",NA,0,0,NA,0.0000000818312599903948,0.000000834701836538443,1
669,"Santa Cruz",0.123943394420586,"Scott Creek Beach County Park",0,2,-0.178972726447328,"ns",NA,0,0,NA,0.00000000000015644745969632,0.000000000000989583523632043,0
678,"San Francisco",0.534101179241322,"SF Zoological Gardens",0,15,-0.478019951338883,"ns",NA,0,0,NA,0.0000000749203579175628,0.000000102192792894584,0
714,"Santa Cruz",0.328879327445677,"Seacliff State Beach",0,9,-0.285273581243837,"ns",NA,0,0,NA,0.00000000000647918394283686,0.0000000000278303179113149,0
734,"Contra Costa",1.49586703312118,"Bishop Ranch Regional Open Space Preserve",1,4,-0.427151662527811,"ns",NA,0,0,NA,0.000000802937563548767,0.00000189189347565843,1
741,"Contra Costa",5.519336029518,"Shell Ridge Open Space",17,11,1.24666544214221,"ns",NA,15,0,0,NA,NA,1
746,"Alameda",0.218957219205789,"Shepherd Canyon Park",2,3,-0.37203689532068,"ns",NA,0,0,NA,0.000000331680325871275,0.000000616974261902214,1
750,"Sonoma",3.41248001960474,"Shiloh Ranch Regional Park",3,13,-0.108105489916321,"ns",NA,3,0,0,0.000000265346898231655,0.000000547118645499722,1
767,"Alameda",0.133834396782723,"Shoreline Park",0,8,-0.452893046213247,"cold",NA,0,0,NA,0.000000000433616031969564,0.00000000155301771442851,0
780,"Santa Clara",26.790477063653,"Sierra Azul Open Space Preserve",11,13,-0.0430567351695815,"ns",NA,11,0,0,0.0000000186814013147796,0.000000325702018244556,1
784,"Contra Costa",4.17513261279857,"Black Diamond Mines Regional Preserve",0,0,-0.313917540326221,"ns",NA,0,0,NA,NA,NA,NA
805,"San Francisco",0.136708215529779,"Sigmund Stern Grove",0,8,-0.551599668992771,"cold",NA,0,0,NA,0.000000173057600250104,0.000000288189625052837,0
810,"San Mateo",0.18370575495287,"Sign Hill Park",0,3,-0.427151662527811,"ns",NA,0,0,NA,NA,NA,0
837,"Napa",3.59488676261639,"Silverado Trail Rector Dam Watershed",0,0,-0.356140817774844,"ns",NA,0,0,NA,0.000000616900422301114,0.00000142993849294726,NA
876,"Santa Cruz",0.129247861824508,"Skypark",0,1,-0.127223840386144,"ns",NA,0,0,NA,0.000000000978620295910559,0.00000000403478628285825,0
884,"Contra Costa",0.94548461026365,"Sky Ranch",0,0,-0.4726910341421,"ns",NA,0,0,NA,NA,NA,NA
896,"Solano",2.29209493415483,"Hiddenbrooke Open Space",0,6,-0.463252280657214,"ns",NA,0,0,NA,0.0000011005565738742,0.00000150347136695927,0
916,"Napa",4.13128271525897,"Skyline Wilderness Park",3,13,-0.381178137760069,"cold",NA,3,0,0,NA,NA,1
926,"Santa Cruz",11.0607428322721,"Soquel Demonstration State Forest",2,5,-0.320707199509341,"ns",NA,0,0,NA,0.000000220825128849356,0.000000898728899301204,1
941,"Napa",1.75243194737016,"Missimer Snell Valley Wildflower Preserve",0,0,-0.409291245173099,"cold",NA,0,0,NA,NA,NA,NA
945,"Contra Costa",1.10247229518538,"Sobrante Ridge Regional Preserve",24,9,0.394756956035835,"ns",NA,24,0,0,0.00000000684787382354557,0.0000000340837225110135,1
950,"Sonoma",0.176040542600176,"Soda Springs",0,1,-0.373857626907596,"ns",NA,0,0,NA,0.0000000000293844115706321,0.0000000000293844115706321,0
967,"Solano",0.158990177110324,"Sommerset Open Space",0,0,-0.529813775222861,"cold",NA,0,0,NA,NA,NA,NA
979,"San Mateo",0.157821950519578,"Sonntag",0,0,0.0710815633980266,"ns",NA,0,0,NA,0.000000222354756829191,0.000000389811418699537,NA
992,"Sonoma",20.3712128536986,"Sonoma Coast State Park",19,16,0.405681974933477,"ns",NA,14,2,0.142857142857143,0.00000000422128776378372,0.000000204188893349055,1
1008,"Sonoma",1.02935713034569,"Sonoma Valley Regional Park",8,11,0.0513457922784441,"ns",NA,0,0,NA,0.00000119038600132626,0.00000267867972070235,1
1015,"Marin",3.48019096046107,"Soulajule Reservoir",2,3,-0.0300225277372602,"cold",NA,1,0,0,0.0000000254575684976999,0.000000163642084771709,1
1018,"Santa Cruz",0.142763648959164,"Buena Vista Park",0,0,-0.620865705936885,"cold",NA,0,0,NA,0.000000148869915506111,0.00000018206938534604,NA
1044,"Sonoma",3.36381326026346,"Santa Rosa Plain Vernal Pool Ecological Reserve",0,2,-0.276455417098425,"ns",NA,0,0,NA,0.0000000531483372867569,0.000000887194914866996,0
1060,"Alameda",0.400744237978423,"Sports and Recreation Park",0,3,-0.0430567351695815,"ns",NA,0,0,NA,0.00000130438934320409,0.00000273371415460133,0
1066,"Solano",0.326339566008776,"Sports Complex",0,0,-0.409291245173099,"cold",NA,0,0,NA,NA,NA,NA
1079,"Sonoma",0.994572981912258,"Spring Lake Regional Park",6,14,0.157646647074954,"ns",NA,6,0,0,0.000000909247717117978,0.00000177251763489039,1
1095,"Santa Clara",0.734026060824415,"St Joseph's Hill Open Space Preserve",2,10,-0.085861942367884,"ns",NA,2,0,0,0.0000000675240983127878,0.000000130860982494596,1
1105,"Marin",0.518876681350422,"North Antenna Field",0,0,-0.523869071180873,"ns",NA,0,0,NA,NA,NA,NA
1118,"Marin",0.644048185608337,"Stafford Lake County Park",1,9,-0.292495201563409,"ns",NA,0,0,NA,0.0000000020183072990676,0.00000000951635481527546,1
1134,"Marin",3.20819177083969,"Stafford Lake Watershed",4,8,-0.280287241609297,"ns",NA,4,0,0,0.000000000346977391263437,0.0000000124055334893569,1
1153,"Marin",7.11442952296513,"California State Lands Commission",0,5,-0.511620724151317,"ns",NA,0,0,NA,NA,NA,0
1162,"Napa",2.60405141478018,"California State Lands Commission",0,0,-0.473243053810798,"cold",NA,0,0,NA,0.0000000156197543788039,0.000000077463248260301,NA
1163,"Santa Cruz",2.30097719655289,"Watsonville Slough Ecological Reserve",0,6,-0.593596124680033,"cold",NA,0,0,NA,0.000000422258779053664,0.00000135198490625044,0
1165,"Sonoma",0.220369008414056,"Steelhead Beach Fishing Access",0,7,-0.338424008642092,"ns",NA,0,0,NA,0.000000916106330350885,0.00000101487546544377,0
1166,"Santa Cruz",0.437087298248943,"Struve Slough",0,10,-0.568586661916485,"cold",NA,0,0,NA,0.000000330243068447089,0.000000575925469092908,0
1177,"Santa Cruz",1.60316237063849,"Byrne-Milliron Forest",1,3,-0.373857626907596,"ns",NA,1,0,0,0.0000000000320637232043008,0.000000000156331031453405,1
1190,"Santa Clara",0.22886450698958,"Stevens Creek Shoreline Nature Study Area",0,4,-0.391574436040347,"ns",NA,0,0,NA,0.000000117511362418554,0.000000132104560179869,0
1196,"Santa Clara",22.616838824436,"Canada de los Osos Ecological Reserve",5,9,1.61042499596059,"ns",NA,5,0,0,0.0000000000657492185696107,0.0000000109513136337114,1
1200,"Sonoma",0.758269651527946,"Stillwater Cove Regional Park",0,4,-0.232123153845582,"ns",NA,0,0,NA,0.000000191819808037508,0.000000243387205500767,0
1224,"Contra Costa",0.716474147267545,"Stoneman Park",0,0,-0.409291245173099,"cold",NA,0,0,NA,NA,NA,NA
1235,"Solano",0.326050675416691,"Blue Rock Springs Corridor Park",0,3,-0.581164977607751,"cold",NA,0,0,NA,0.000000644186627596355,0.000000885222902979876,0
1244,"Santa Cruz",1.07308904379651,"Sunset State Beach",0,11,-0.516053486466785,"cold",NA,0,0,NA,0.000000147811178408119,0.000000750396054627345,0
1250,"Contra Costa",0.747939437338607,"Sugarloaf Recreation Area",2,6,0.0618786412883934,"ns",NA,1,0,0,NA,NA,1
1258,"Sonoma",18.2494998694804,"Sugarloaf Ridge State Park",13,16,-0.108105489916321,"ns",NA,62,49,0.790322580645161,0.000000324105400295593,0.000000877611853411508,1
1279,"Santa Clara",0.876194209538305,"Sunnyvale Baylands Park",0,13,-0.320707199509341,"ns",NA,0,0,NA,0.00000000703572844429345,0.0000000363778731582443,0
1283,"Santa Clara",2.03388077832512,"Sunnyvale Baylands Park",0,14,-0.409291245173099,"cold",NA,0,0,NA,0.0000000910050559355113,0.000000201968106239292,0
1295,"Alameda",12.2427696392547,"Sunol Regional Wilderness",47,13,1.36238966810207,"ns",NA,48,1,0.0208333333333333,0.000000132906194494353,0.00000122189590001653,1
1318,"Napa",5.27898601607192,"Swartz Canyon",0,3,-0.529813775222861,"cold",NA,0,0,NA,0.0000000304688967389666,0.000000211196478971942,0
1319,"Santa Cruz",40.3726983487966,"The Forest of Nisene Marks State Park",2,11,-0.249839962978334,"ns",NA,1,0,0,0.0000000341315384844165,0.000000346639296822104,1
1339,"Sonoma",1.1948195684316,"Bodega Marine Reserve",3,14,0.0513457922784441,"ns",NA,3,0,0,0.0000000000834741928357197,0.000000000316626724838898,1
1367,"Alameda",3.39462619069421,"Sycamore Grove Park",21,12,0.511982829729987,"ns",NA,20,0,0,0.000000911831705252553,0.00000182977851181931,1
1371,"Contra Costa",2.80122444260445,"Sycamore Valley Open Space Regional Preserve",0,4,1.39782328636757,"ns",NA,0,0,NA,NA,NA,0
1387,"Santa Cruz",0.124887769512117,"Ellicott Slough National Wildlife Area",0,0,-0.507447097403933,"ns",NA,0,0,NA,0.0000000022937713950455,0.00000000276069256344158,NA
1417,"Solano",0.243308852622235,"Alamo Terrace Open Space",0,0,-0.497382291243004,"cold",NA,0,0,NA,NA,NA,NA
1421,"San Mateo",2.51134400505573,"Teague Hill Open Space Preserve",0,5,0.142222217291221,"ns",NA,1,1,1,0.000000136866461275531,0.000000202770451096512,0
1433,"Alameda",0.168539775458813,"Temescal Regional Recreation Area",0,9,-0.0398613454798446,"ns",NA,0,0,NA,NA,NA,0
1465,"Marin",4.38281886960074,"Terra Linda/Sleepy Hollow Divide Open Space Preserve",6,8,-0.406898848897677,"ns",NA,3,0,0,0.0000000000299442172446707,0.000000000495088359198093,1
1501,"Santa Clara",0.300633489759024,"Thompson Creek",0,2,-0.411787865433482,"ns",NA,0,0,NA,0.000000835218827432982,0.00000125880706036696,0
1502,"Santa Cruz",0.456719597721646,"Twin Lakes State Beach",0,12,0.095217438679381,"ns",NA,0,0,NA,0.000000000000000000000504764754487394,0.00000000000000000000201797697846665,0
1533,"San Mateo",0.235149147157583,"Thornton State Beach",1,1,-0.404773692818296,"ns",NA,0,0,NA,0.0000000411575022951638,0.0000000837538109976776,1
1564,"Santa Cruz",1.61923721355683,"UC Santa Cruz Campus Natural Reserve",6,12,0.747696715239656,"ns",NA,2,0,0,0.000000000000000000258099298722451,0.00000000000000000248844755500298,1
1618,"Contra Costa",5.92075409355936,"Tilden Regional Park",26,16,0.599807488496533,"ns",NA,26,0,0,0.000000715278133611719,0.00000444892475570668,1
1665,"Marin",0.213176085940461,"Tomales Bay Fishing Access",1,1,-0.125822299049072,"ns",NA,0,0,NA,0.000000765972060889908,0.0000010518583621888,1
1673,"Marin",9.93889713315152,"Tomales Bay State Park",5,14,-0.125822299049072,"ns",NA,8,4,0.5,0.000000135644057763784,0.0000019865019567078,1
1683,"Solano",0.672884533365034,"Tourtelot Open Space",0,0,-0.452893046213247,"cold",NA,0,0,NA,NA,NA,NA
1700,"Sonoma",0.117835877981491,"Cloverdale River Park",0,1,-0.108105489916321,"ns",NA,0,0,NA,NA,NA,0
1736,"San Francisco",0.221024831188495,"Twin Peaks Park",0,7,-0.581164977607751,"cold",NA,0,0,NA,0.00000178842412879021,0.00000259645730693592,0
1750,"Napa",0.162693016754377,"UC Agricultural Research Station",2,0,-0.373857626907596,"cold",NA,3,3,1,0.000000211032514130238,0.000000353576126599364,1
1787,"Santa Clara",5.1819436857803,"Upper Stevens Creek County Park",2,10,0.347968686567476,"ns",NA,2,0,0,0.000000301214555520346,0.000000513889233388909,1
1793,"Alameda",0.48285390352161,"Livermore Monitoring Station",0,0,-0.448484609975544,"ns",NA,0,0,NA,NA,NA,NA
1796,"Santa Clara",4.64305327738009,"Uvas Canyon County Park",0,9,-0.320707199509341,"ns",NA,0,0,NA,0.000000214205911674981,0.000000486853195980075,0
1800,"Santa Clara",1.89049823164714,"Uvas Reservoir",0,3,-0.457879256716469,"ns",NA,0,0,NA,0.00000000000000870359556995326,0.000000000000424588912206064,0
1835,"Napa",11.2843974829043,"Lake Curry",0,1,-0.135945758410281,"cold",NA,0,0,NA,NA,NA,0
1847,"Sonoma",0.109511320395725,"Grove of Old Trees",1,3,-0.267556772111086,"ns",NA,0,0,NA,0.000000567917027183285,0.000000576008972075215,1
1853,"Napa",6.68798793434725,"Bothe-Napa Valley State Park",0,9,-0.409291245173099,"cold",NA,11,11,1,0.0000000655987761888355,0.000000278862415825643,0
1868,"Santa Cruz",30.9983769239803,"Wilder Ranch State Park",44,16,0.817315902112852,"ns",NA,45,3,0.0666666666666667,0.000000000000000000524753195942349,0.0000000000000000209267364378606,1
1875,"Marin",0.464441195365232,"Verissimo Hills Open Space Preserve",0,3,-0.345110915203861,"ns",NA,0,0,NA,0.00000000000103029997727822,0.00000000000397649708300252,0
1891,"Santa Clara",0.54300581826216,"Villa Montalvo Arboretum",2,2,0.156672627056698,"ns",NA,0,0,NA,0.000000418955750092209,0.000000437077119386231,1
1942,"Contra Costa",3.97081786893671,"Lime Ridge Open Space",2,12,-0.144170313264633,"ns",NA,2,0,0,NA,NA,1
1955,"Napa",2.82572543068722,"Wantrup Preserve",0,0,-0.356140817774844,"ns",NA,0,0,NA,0.00000102664705536881,0.00000210330972549855,NA
1974,"San Mateo",0.188052900548995,"Water Dog Lake Canyon",0,2,-0.143539108181824,"ns",NA,0,0,NA,0.000000000616382500595591,0.00000000122998766727278,0
1981,"Santa Clara",0.16407448196491,"Watson Park",0,0,-0.436853261748263,"ns",NA,0,0,NA,0.000000296937855637225,0.000000337201043976165,NA
2004,"Sonoma",0.114951874543054,"West County Trail",1,1,-0.364362988401607,"ns",NA,1,0,0,0.000000063928041527106,0.00000021749572454155,1
2005,"Santa Cruz",0.280447560938045,"Younger Lagoon Reserve",12,12,0.817315902112852,"ns",NA,11,0,0,NA,NA,1
2057,"Marin",1.54565787941066,"White Hill Open Space Preserve",2,4,0.257171473965211,"ns",NA,2,0,0,0.00000009747639495572,0.000000128469139326626,1
2063,"Solano",6.20082758918537,"Wilcox Ranch",0,0,-0.409291245173099,"cold",NA,0,0,NA,NA,NA,NA
2071,"Marin",0.334371457877836,"Boyd Memorial Park",1,6,-0.438409878740745,"ns",NA,1,0,0,0.000000000000163432174694542,0.00000000000168516567887467,1
2078,"Contra Costa",9.55354109709566,"Wildcat Canyon Regional Park",12,13,1.05781779955471,"ns",NA,12,0,0,0.0000000000000674878447397276,0.0000000000119103763310258,1
2138,"Solano",0.930984894556405,"Braito Open Space",0,1,-0.473243053810798,"cold",NA,0,0,NA,NA,NA,0
2221,"San Mateo",5.20470858640034,"Windy Hill Open Space Preserve",9,13,0.692192268064846,"ns",NA,8,0,0,0.000000994646939034283,0.00000556366694581811,1
2273,"San Mateo",3.77070811006144,"Wunderlich Park",4,13,0.325058135295335,"ns",NA,5,2,0.4,0.000000206305145411534,0.000000464671018107765,1
2314,"San Mateo",0.918218053641592,"Johnston Ranch",0,3,-0.0702763864081652,"ns",NA,0,0,NA,0.00000000103139019547172,0.00000000733762961502293,0
2389,"San Mateo",1.20878221664097,"Bair Island Ecological Reserve",0,10,-0.337169732637801,"ns",NA,1,1,1,0.00000000590587934112818,0.000000038871636576232,0
2394,"Napa",117.118335783033,"BLM",0,7,-0.135945758410281,"cold",NA,1,1,1,0.000000250163481041454,0.00000116017497475696,0
3180,"Contra Costa",23.5467184355964,"Briones Regional Park",11,16,-0.169934430869628,"ns",NA,11,1,0.0909090909090909,NA,NA,1
3227,"Sonoma",2.13491257041021,"Bouverie Wildflower Preserve",3,14,-0.260415632633441,"ns",NA,3,0,0,0.000000427909554900907,0.000000753712868117873,1
3238,"San Mateo",0.599759933277587,"Thornewood Open Space Preserve",2,8,0.341038192188648,"ns",NA,2,0,0,0.000000394002483972145,0.000000537979758519214,1
3251,"Contra Costa",0.317721554548189,"Gustin Ranch",0,0,-0.591510067545448,"ns",NA,0,0,NA,NA,NA,NA
3269,"Sonoma",1.81223126499067,"Fairfield Osborn Preserve",11,12,0.0159121740129408,"ns",NA,8,0,0,0.000000205655396712245,0.000000652797211841971,1
3289,"Sonoma",0.135236996734099,"Harrison Grade Ecological Reserve",1,0,-0.320707199509341,"ns",NA,0,0,NA,0.000000745686975278659,0.000000884586484062311,1
3421,"Contra Costa",0.152950433111909,"Hercules",0,0,-0.134225961480312,"ns",NA,0,0,NA,0.000000160443306640445,0.000000205071671643964,NA
3447,"Contra Costa",0.141776438700475,"Point Isabel",0,3,0.728621719898423,"ns",NA,0,0,NA,NA,NA,0
3831,"Napa",2.08148116598872,"Cedar Roughs Wildlife Area",0,1,-0.452893046213247,"cold",NA,0,0,NA,NA,NA,0
3979,"Napa",0.416739385334775,"Audubon Cheyney Preserve",0,0,-0.356140817774844,"ns",NA,2,2,1,0.00000000450711423738426,0.000000010943000283703,NA
4022,"Sonoma",0.465708624779948,"Stone Farm",0,2,-0.411787865433482,"ns",NA,0,0,NA,0.00000000692939972068984,0.0000000133560407178379,0
4034,"Sonoma",1.82098858368997,"Brown Farm",0,3,-0.364362988401607,"ns",NA,0,0,NA,0.000000113072893270783,0.000000275372940450325,0
4179,"Alameda",0.853663209734447,"Brushy Peak",1,1,-0.364362988401607,"ns",NA,1,0,0,NA,NA,1
4205,"Sonoma",1.72219930563929,"Alpha Farm",0,2,-0.388733908353312,"ns",NA,0,0,NA,0.0000000388782979143798,0.000000158674822614557,0
4313,"Sonoma",0.365629289010505,"Freezeout Redwoods",0,0,0.370248356667974,"ns",NA,0,0,NA,0.0000000359171536956637,0.0000000990777593301573,NA
4390,"Sonoma",1.36320048837848,"Secret Pasture",0,0,-0.260415632633441,"ns",NA,0,0,NA,0.000000319210329280395,0.000000359915816261491,NA
4392,"San Francisco",0.146154951175809,"Buena Vista Park",0,12,-0.511619154737498,"cold",NA,0,0,NA,0.000000910273342924484,0.000000916973988296377,0
4458,"Sonoma",0.390603989944365,"White Rock Preserve",0,0,-0.125822299049072,"ns",NA,0,0,NA,0.000000136513335746713,0.000000190894368756744,NA
4492,"Napa",0.405415197408748,"Bull Island",0,0,-0.409291245173099,"cold",NA,0,0,NA,0.000000182634252610114,0.000000275725881238031,NA
4582,"Napa",0.59853965356344,"Bumpy Camp Nature Preserve",0,2,-0.381060271244823,"ns",NA,1,1,1,0.00000015068999914547,0.00000022308506686386,0
4664,"Sonoma",0.9595430055259,"Glen Oaks Ranch",0,8,-0.196689535580079,"ns",NA,0,0,NA,0.00000063129772343018,0.00000123863117096334,0
4698,"San Mateo",15.4229015823649,"Rancho Corral de Tierra",12,14,0.644323020467972,"ns",NA,9,0,0,0.00000000345151240921382,0.000000109758303779017,1
4867,"San Mateo",5.48329445733375,"Burleigh H. Murray Ranch",8,16,0.0123966276325383,"ns",NA,12,6,0.5,0.00000000000582260585232919,0.000000000299350488841554,1
4870,"Solano",0.184086076328376,"Alan Witt Park",0,4,-0.436853261748263,"ns",NA,0,0,NA,NA,NA,0
4904,"Marin",0.219129070347766,"Cascade Canyon Open Space Preserve",0,0,-0.216393822561064,"ns",NA,0,0,NA,0.000000418464537688124,0.000000482139626001299,NA
5031,"San Mateo",18.7098751743121,"Butano State Park",10,13,0.252324500726294,"ns",NA,13,3,0.230769230769231,0.0000000061074185708776,0.0000000732530409663923,1
5032,"Santa Cruz",22.172172222924,"Castle Rock State Park",1,10,-0.138363525660493,"ns",NA,3,2,0.666666666666667,0.0000000353703271116501,0.000000306160387708587,1
5050,"Sonoma",0.296722665064529,"Youth Community Park",0,4,-0.373857626907596,"ns",NA,0,0,NA,0.000000687796330112178,0.000000832061687106034,0
5068,"Alameda",0.141434445812864,"Taper Park Property",0,0,0.072830894918405,"ns",NA,0,0,NA,0.0000000206050216888798,0.0000000419377137461652,NA
5074,"Santa Clara",0.40498887061337,"Byrne Reserve",4,6,0.763653367848253,"ns",NA,2,0,0,0.000000577520950173493,0.00000108169956547499,1
5085,"Contra Costa",0.197759841129804,"Paso Nogal Park",0,1,-0.25814989449019,"ns",NA,0,0,NA,NA,NA,0
5101,"Contra Costa",0.284016696799946,"Lafayette Community Park",0,2,-0.165967111924215,"ns",NA,0,0,NA,NA,NA,0
5106,"Sonoma",4.76659584284033,"Mark West Creek Regional Park & Open Space Preserve",2,7,-0.108105489916321,"ns",NA,2,0,0,0.000000455432882517925,0.000000853556400670641,1
5115,"Napa",0.131705320899121,"Department Of Transportation",0,0,-0.409291245173099,"cold",NA,0,0,NA,NA,NA,NA
5121,"San Mateo",11.4849959832742,"Purisima Creek Redwoods Open Space Preserve",4,15,0.204738116851092,"ns",NA,14,11,0.785714285714286,0.00000000754083906429059,0.000000211908030678387,1
5133,"Marin",0.807025702325573,"Bishop Pine Preserve",0,1,-0.178972726447328,"ns",NA,0,0,NA,0.000000109781737478443,0.000000175915999989229,0
5175,"Solano",0.595574285076395,"Gonzales Open Space",0,1,-0.534105749969905,"cold",NA,0,0,NA,NA,NA,0
5192,"Marin",0.262808266294872,"La Cresta Open Space",1,2,3.1383866906564,"ns",NA,1,0,0,0.000000028551662367704,0.000000063869883604184,1
5195,"Marin",0.24152008888725,"Atkinson Open Space Purchase",0,1,-0.45467170075952,"ns",NA,0,0,NA,0.00000000339932682003052,0.00000000878197070619535,0
5225,"Marin",0.118131096984217,"Del Madera Subdivision Open Space",0,0,-0.44251545962214,"ns",NA,0,0,NA,0.000000000604018779437610,0.00000000173249281587573,NA
5263,"Alameda",0.102942546481031,"Arroyo Mocho Bike Trail",0,1,-0.044875150590829,"ns",NA,0,0,NA,0.000000263344986706215,0.000000264297568719485,0
5275,"Sonoma",0.364021826073379,"Howarth Park",1,13,0.104496219676699,"ns",NA,0,0,NA,0.000000697169525665231,0.00000108171343526919,1
5305,"Santa Clara",0.110501963558599,"Timothy Hopkins Park",1,4,-0.178972726447328,"ns",NA,0,0,NA,0.0000000479458357460771,0.000000064024668233742,1
5324,"Sonoma",1.28300391864076,"Kruse Rhododendron State Natural Reserve",0,2,-0.232123153845582,"ns",NA,0,0,NA,0.0000000258762113958255,0.0000000574803138420066,0
5358,"Contra Costa",14.6995776292996,"Marsh Creek State Historic Park",0,12,-0.320707199509341,"ns",NA,0,0,NA,NA,NA,0
5363,"Marin",1.7433497659681,"Audubon Canyon Ranch",1,10,0.0513457922784441,"ns",NA,1,0,0,0.000000762580953050929,0.00000262982825915969,1
5369,"Sonoma",1.23002523324484,"Riverfront Regional Park",1,9,-0.302990390376589,"ns",NA,1,0,0,0.000000768855159094528,0.000000892759999260306,1
5373,"Sonoma",9.66990581670783,"Hood Mountain Regional Park and Open Space Preserve",3,13,0.072830894918405,"ns",NA,33,30,0.909090909090909,0.0000000511987785500878,0.000000121327545343775,1
5385,"Sonoma",0.135386980769239,"Wohler Bridge Fishing Access",2,1,-0.338424008642092,"ns",NA,2,0,0,0.000000738775668196467,0.000000803308239483158,1
5394,"San Francisco",0.122614460798117,"Pine Lake Park",0,5,-0.551599668992771,"cold",NA,0,0,NA,0.0000000547192300359711,0.000000111300472838138,0
5806,"Solano",4.00405178058159,"Calhoun Cut Ecological Reserve",0,1,-0.409291245173099,"cold",NA,0,0,NA,NA,NA,0
6616,"Marin",0.692268461163226,"Camino Alto Open Space Preserve",0,3,-0.511969040179219,"ns",NA,0,0,NA,0.0000000907216417544987,0.000000223256932940785,0
6857,"Marin",0.133234863908551,"Hawthorne Hills Town Open Space",4,0,0.0744154463309503,"ns",NA,0,0,NA,0.00000000403926270209354,0.00000000745210204655677,1
6869,"Marin",0.248272652437702,"Sorich Ranch Park",0,1,-0.377978733931278,"ns",NA,0,0,NA,0.0000000000203679885457664,0.000000000140219363897742,0
6898,"Marin",2.60061090654618,"Harry A Barbier Memorial Park",0,8,-0.500308028107674,"ns",NA,0,0,NA,0.0000000000000000331196731431903,0.00000000000000402041139095644,0
7007,"Sonoma",1.10274474024743,"Lafferty Ranch",0,3,-0.125822299049072,"ns",NA,0,0,NA,0.0000000160600972520797,0.0000000629807104246538,0
7020,"Sonoma",1.84460910678918,"Shollenberger Park",0,13,-0.391574436040347,"ns",NA,0,0,NA,0.00000000000261459907544004,0.0000000000161700774298223,0
7172,"Sonoma",0.137056957043096,"Cloverdale River Park",1,2,-0.108105489916321,"ns",NA,0,0,NA,NA,NA,1
7219,"San Francisco",0.371320221464315,"Candlestick Point State Recreation Area",0,12,-0.373857626907596,"ns",NA,0,0,NA,0.000000000175040343330934,0.00000000131786537238554,0
8156,"Contra Costa",4.373820016576,"Carquinez Strait Regional Shoreline",0,7,-0.586671550907319,"ns",NA,0,0,NA,0.000000304569795162024,0.000000338790869136574,0
8210,"Sonoma",5.19240392011328,"Calabazas Creek Open Space Preserve",1,7,-0.089148126452569,"ns",NA,10,9,0.9,0.00000070837319299244,0.00000326237613990088,1
8457,"Marin",2.09168489163341,"Cascade Canyon Open Space Preserve",1,7,0.240762395117377,"ns",NA,0,0,NA,0.000000103777850313236,0.000000155654348077405,1
8566,"San Mateo",14.1366820062329,"Año Nuevo State Park",21,17,0.348969606834589,"ns",NA,20,0,0,0.00000000136959921182012,0.0000000284128027772113,1
8784,"Contra Costa",0.615733846627682,"Dutra Ranch",0,2,-0.4726910341421,"ns",NA,0,0,NA,NA,NA,0
8824,"Solano",5.85802312082888,"Vallejo Swett",0,7,-0.502293197710709,"ns",NA,0,0,NA,0.000000329748814920094,0.000000447362737077128,0
8836,"Solano",4.66045671121173,"Eastern Swett",0,5,-0.42081347728328,"ns",NA,0,0,NA,NA,NA,0
8859,"Sonoma",0.112251605836584,"Keiser Park",0,0,-0.267556772111086,"ns",NA,0,0,NA,0.00000013094312123485,0.000000152080829707302,NA
8871,"San Mateo",10.934630753249,"El Corte de Madera Creek Open Space Preserve",1,12,0.173721791069177,"ns",NA,5,4,0.8,0.0000000180867232302262,0.000000106084264928086,1
8931,"Santa Clara",0.417821147061217,"Castle Rock State Park",0,1,0.0395548921787082,"ns",NA,0,0,NA,0.0000000543214788706337,0.0000000894309053478537,0
9047,"Santa Clara",0.132156396538885,"Cataldi Park",0,1,0.661361122464575,"ns",NA,0,0,NA,0.0000000211410480233098,0.0000000217496118892768,0
9277,"San Mateo",1.01648923049012,"Sweeney Ridge",0,0,-0.148137141378554,"ns",NA,0,0,NA,0.00000000000000366326884259261,0.000000000000147772459958666,NA
9314,"San Mateo",0.911889386939325,"Pillar Point Bluff",1,13,0.207352089786101,"ns",NA,1,0,0,0.0000000445815437899455,0.000000108230949535937,1
9357,"Contra Costa",0.285036439724056,"Delta Islands",0,0,-0.409291245173099,"cold",NA,0,0,NA,NA,NA,NA
9433,"Alameda",0.56646961427139,"Byron Conservation Bank",0,0,-0.391574436040347,"ns",NA,0,0,NA,NA,NA,NA
9456,"Alameda",21.424100185516,"Eden Landing Ecological Reserve",0,10,-0.409291245173099,"cold",NA,0,0,NA,0.000000148216315665195,0.00000028755476932929,0
9627,"Solano",1.14109646001692,"Centennial Park",0,5,-0.436853261748263,"ns",NA,0,0,NA,NA,NA,0
9709,"Santa Clara",0.236706741024893,"Silver Creek Linear Park",1,3,-0.364362988401607,"ns",NA,1,0,0,0.000000416206574982425,0.000000465089613044256,1
9772,"Napa",94.4750797594769,"Lake Berryessa",2,9,-0.373857626907596,"cold",NA,3,1,0.333333333333333,NA,NA,1
9819,"Sonoma",7.12569535288108,"Tolay Lake Regional Park",0,11,-0.391574436040347,"ns",NA,0,0,NA,0.00000000529334798216041,0.0000000536552242635935,0
9831,"Sonoma",0.267993778309662,"Crinella Park",0,0,-0.391574436040347,"ns",NA,0,0,NA,0.00000000156301593889907,0.00000000156301593889907,NA
9994,"San Mateo",1.23452424137667,"Coastside County Water District",0,3,0.387965165800726,"ns",NA,0,0,NA,0.000000000000000000000134664375159264,0.00000000000000000000102746686805142,0
10425,"Sonoma",0.309602555977318,"A Place to Play Park",0,1,-0.436853261748263,"ns",NA,0,0,NA,0.0000000806893467597547,0.000000119953469379652,0
11113,"Santa Clara",0.825916453159357,"Chesbro Reservoir County Park",0,2,-0.334165855725109,"ns",NA,0,0,NA,0.000000000000000000114862700524723,0.00000000000000000178733981435585,0
11238,"Marin",5.00164666647521,"China Camp State Park",1,13,-0.414141813423028,"ns",NA,2,1,0.5,0.000000000000000000000140935163023498,0.00000000000000000000778858643716369,1
11320,"Contra Costa",0.10401125814092,"Dallas Ranch Park",0,1,-0.381060271244823,"ns",NA,0,0,NA,NA,NA,0
11523,"Contra Costa",0.175141723069437,"Sunset Park Athletic Complex",0,0,-0.409291245173099,"cold",NA,0,0,NA,NA,NA,NA
11820,"Contra Costa",0.100884648208556,"Clayton Community Park",0,2,-0.404181597930537,"ns",NA,0,0,NA,NA,NA,0
11831,"Santa Clara",0.134108639909077,"Community Center",0,4,-0.0372382533853142,"ns",NA,0,0,NA,0.000000140750003652101,0.000000152289459265376,0
12717,"Alameda",0.103813622052138,"Lakeshore Park",0,0,-0.473243053810798,"cold",NA,0,0,NA,0.0000000419968877451993,0.000000053245273079483,NA
12802,"Alameda",0.105022398833554,"Newark Sportsfield Park",0,0,-0.409291245173099,"cold",NA,0,0,NA,0.00000000169047487119656,0.00000000280308576350308,NA
12859,"Marin",0.554280096667085,"Civic Center Lagoon Park",1,7,-0.432592109063532,"ns",NA,1,0,0,0.000000000000000183271248247992,0.000000000000000863687891398366,1
13006,"Alameda",1.17797936855941,"Fremont Central Park",0,12,-0.276455417098425,"ns",NA,0,0,NA,0.00000000787850051864325,0.0000000167503539927338,0
13020,"Alameda",0.871270321653005,"Claremont Canyon Regional Reserve",3,13,0.475413540458514,"ns",NA,2,0,0,0.00000174779859207774,0.00000246070749199134,1
13051,"Solano",0.465569486252126,"Unnamed Site - Vacaville, City of",0,2,-0.436853261748263,"ns",NA,0,0,NA,NA,NA,0
13052,"Santa Cruz",0.386487206124007,"Anna Jean Cummings Park",2,9,-0.267556772111086,"ns",NA,2,0,0,0.00000000000110488831625566,0.0000000000102121549064305,1
13078,"Contra Costa",16.503252175151,"Clayton Ranch Regional Preserve",1,1,-0.286040232477184,"ns",NA,0,0,NA,NA,NA,1
13101,"Napa",1.64357777484344,"Cleary Reserve",0,2,-0.452893046213247,"cold",NA,0,0,NA,0.000000101320487999601,0.000000235916175483908,0
13181,"San Mateo",5.09649375399656,"Cloverdale Coastal Ranches",13,8,0.423398784066229,"ns",NA,12,0,0,0.00000000668617650134706,0.0000000957174108862091,1
13243,"Alameda",0.217012440028906,"North Oakland Sports Center",0,3,-0.0921726056036021,"ns",NA,0,0,NA,0.000000505763580349594,0.000000881699179444695,0
13259,"San Mateo",1.87996993214179,"Coal Creek Open Space Preserve",1,7,0.86403038426308,"ns",NA,1,0,0,0.000000859722945278918,0.00000343047918249795,1
13326,"Santa Clara",0.185076988412247,"Almaden Lake",5,11,0.125945032868039,"ns",NA,4,0,0,0.000000110100167205474,0.000000166299784609691,1
13404,"Alameda",0.21824608475418,"Dunsmuir Estate Park",0,0,-0.400812487140041,"ns",NA,0,0,NA,0.00000207348398362228,0.00000239056294049078,NA
13421,"Napa",0.160829119441171,"Kimberly Park",0,1,-0.44251545962214,"ns",NA,0,0,NA,0.000000333679452069191,0.000000456267372328512,0
13478,"Sonoma",0.389787175774543,"Montini",2,6,-0.178972726447328,"ns",NA,2,0,0,0.00000104424759683752,0.00000132103059513611,1
13530,"Contra Costa",0.105925034990286,"Hillcrest Community Park",0,2,-0.409291245173099,"cold",NA,0,0,NA,NA,NA,0
13532,"Contra Costa",0.163322328059683,"Willow Pass Community Park",0,1,-0.338424008642092,"ns",NA,0,0,NA,NA,NA,0
13550,"Contra Costa",0.122039060531135,"Concord Community Park",0,1,-0.381060271244823,"ns",NA,0,0,NA,NA,NA,0
13556,"Contra Costa",1.07009855753528,"Lime Ridge Open Space",1,5,-0.21332713383312,"ns",NA,0,0,NA,NA,NA,1
13559,"Contra Costa",0.472927026380899,"Newhall Community Park",0,6,-0.467459118554973,"ns",NA,0,0,NA,NA,NA,0
13762,"Alameda",0.329026556210764,"Cesar Chavez Park",0,15,0.600566875393746,"ns",NA,0,0,NA,NA,NA,0
13850,"Alameda",0.394919302461218,"Aquatic Park",2,9,0.139929837942202,"ns",NA,0,0,NA,NA,NA,1
13861,"Santa Clara",16.0684698518608,"Almaden Quicksilver Park",22,14,0.263947501871464,"ns",NA,22,1,0.0454545454545455,0.000000141995627700453,0.000000551158223061066,1
13862,"Santa Cruz",0.330543910272836,"Arana Gulch",1,9,-0.0737843293582399,"ns",NA,1,0,0,0.00000000000000000000467559883057121,0.0000000000000000000709665841737489,1
13945,"San Mateo",0.171475308722917,"Stulsaft Park",0,7,0.095217438679381,"ns",NA,0,0,NA,0.00000000824369017493609,0.0000000117303322610951,0
13977,"San Mateo",1.9099032850087,"Edgewood Park and Natural Preserve",12,15,-0.127223840386144,"ns",NA,13,1,0.0769230769230769,0.0000000173894445509859,0.0000000681494967125218,1
14017,"San Mateo",0.356278702607041,"Shoreline Bayfront Seal Point",0,10,-0.338424008642092,"ns",NA,0,0,NA,0.000000000000507338745667218,0.000000000000703678706016203,0
14062,"San Mateo",0.956653098981631,"Laurelwood Park and Sugarloaf Mountain",1,12,-0.381178137760069,"ns",NA,1,0,0,0.000000000187237891857706,0.00000000195631866262147,1
14075,"San Mateo",0.556399285226966,"Coyote Point Recreation Area",3,11,-0.338424008642092,"ns",NA,3,1,0.333333333333333,NA,NA,1
14122,"Marin",0.125275241371901,"Natalie Coffin Greene Park",0,5,0.0518032392082643,"ns",NA,0,0,NA,0.0000000842847924786838,0.000000109259104874582,0
14159,"Santa Clara",0.133418693898209,"Central Park",0,4,-0.285273581243837,"ns",NA,0,0,NA,0.00000000646241682389359,0.00000000664340271683272,0
14204,"Contra Costa",2.75635665232847,"Contra Loma Regional Park",0,9,-0.356654339423344,"ns",NA,0,0,NA,NA,NA,0
14331,"San Mateo",0.223285014083391,"Big Canyon Park",0,5,-0.169934430869628,"ns",NA,0,0,NA,0.00000000229754126834791,0.00000000496391816540154,0
14337,"San Mateo",0.264169917265675,"Eaton Park",1,3,-0.169934430869628,"ns",NA,2,1,0.5,0.00000000143589273804423,0.00000000496391816540154,1
14487,"Santa Clara",1.0678930508326,"Stewart Ridge",0,0,-0.0123291409809232,"ns",NA,0,0,NA,0.000000309367749196099,0.00000042993428905902,NA
14504,"Santa Clara",4.41573956000401,"Mount Madonna County Park",0,14,-0.397993287118531,"ns",NA,0,0,NA,0.0000000487299196549884,0.000000112540469388023,0
14545,"Santa Clara",0.124790192563739,"Las Animas Park",0,1,-0.214406344712831,"ns",NA,0,0,NA,0.0000000000000000000000000922850162567965,0.0000000000000000000000138331966212479,0
14563,"Marin",0.160122342747141,"Alta Bowl Open Space Preserve",0,3,-0.474875683062648,"ns",NA,0,0,NA,0.0000000344515029837567,0.0000000540050137942671,0
14639,"Santa Clara",0.269978383223867,"Quarry Park",2,7,0.275131253426243,"ns",NA,1,0,0,0.000000507697109242145,0.000000609808751050878,1
14690,"Santa Clara",0.867918358004269,"Coyote Creek Parkchain I",2,9,-0.34061455495836,"ns",NA,0,0,NA,0.000000346558806540997,0.00000120381741908204,1
14720,"Santa Clara",6.98697622476484,"Coyote Creek Parkway",20,10,-0.291863716708654,"ns",NA,17,0,0,0.0000000168028400082676,0.000000241157920299884,1
14758,"Alameda",0.195315622600408,"Emerald Glen Park",0,2,-0.404773692818296,"ns",NA,0,0,NA,NA,NA,0
14914,"Sonoma",0.526013369257511,"Crane Creek",2,13,-0.00180463511981089,"ns",NA,2,0,0,0.0000000107776880753363,0.0000000197139442548178,1
14942,"Marin",0.110892123380254,"Hal Brown Park at Creekside",0,2,-0.408699637093976,"ns",NA,0,0,NA,0.00000000245073628057924,0.00000000785652876089671,0
14996,"Santa Clara",0.113100109931448,"Cardoza Park",0,0,-0.178972726447328,"ns",NA,0,0,NA,0.000000000000377430562931852,0.000000000000474215393515831,NA
15030,"San Francisco",0.22851374793149,"Crocker Amazon Playground",0,4,-0.538662509919858,"ns",NA,0,0,NA,0.0000000934468289415236,0.000000148919724551888,0
15036,"Sonoma",1.33930854496427,"Carrington Coast Ranch",1,5,0.299381120136967,"ns",NA,0,0,NA,0.000000870522342211189,0.00000167548205354251,1
15087,"Alameda",0.136354646785555,"Crown Memorial Regional Shoreline",0,10,-0.452893046213247,"cold",NA,0,0,NA,NA,NA,0
15119,"Santa Clara",0.10176890214357,"Cuesta Park",0,10,0.299381120136967,"ns",NA,1,1,1,0.000000396520164258618,0.000000430303686016487,0
15150,"Alameda",1.03212476793638,"Cull Canyon Regional Recreation Area",4,3,-0.165967111924215,"ns",NA,1,0,0,0.000000241167953163313,0.000000464302701175257,1
15183,"Santa Clara",2.56319278874887,"Alum Rock",48,15,1.39782328636757,"ns",NA,47,2,0.0425531914893617,0.0000000000145921330574339,0.00000000023413138094952,1
15212,"Napa",0.161024552122387,"Dale Peters Clyde",0,2,-0.181330909018544,"ns",NA,0,0,NA,0.000000121466840141693,0.000000127316695852642,0
15246,"Solano",0.433491419730082,"Dan Foley Park",0,3,-0.529813775222861,"cold",NA,0,0,NA,0.00000120420634175389,0.00000130435466871859,0
15302,"San Mateo",0.101590391386888,"Orange Memorial Park",0,3,-0.356140817774844,"ns",NA,0,0,NA,NA,NA,0
15353,"Contra Costa",0.552980460019153,"Fernandez Ranch",0,5,-0.230958836124196,"ns",NA,0,0,NA,0.000000089804700564855,0.000000147070608136346,0
15367,"Contra Costa",0.138525024894672,"Osage Station Park",0,2,-0.365696474150494,"ns",NA,0,0,NA,0.000000182053966568674,0.000000224699064688139,0
15376,"Santa Clara",1.95138072243126,"Carnadero Preserve",0,0,-0.373857626907596,"ns",NA,0,0,NA,0.00000000000226944851799971,0.000000000120921023194498,NA
15398,"Santa Cruz",0.495613543463759,"Ellicott Slough National Wildlife Refuge",0,3,-0.605257136751578,"cold",NA,0,0,NA,0.000000760915611408564,0.0000010504412557566,0
15481,"Alameda",0.167351329981249,"Middle Harbor Shoreline Park",0,11,-0.373857626907596,"ns",NA,0,0,NA,0.0000000000000361550626405954,0.0000000000000533455963051214,0
15523,"Marin",0.617955795466405,"Deer Island Open Space Preserve",1,7,-0.607354909486748,"cold",NA,1,0,0,NA,NA,1
15586,"San Mateo",0.105640142864654,"Alto Loma",0,0,-0.448484609975544,"ns",NA,0,0,NA,0.0000000935950126290663,0.000000130604391301858,NA
15608,"Alameda",4.87050022363209,"Del Valle Regional Park",2,9,1.38010647723482,"ns",NA,0,0,NA,0.000000373153199006993,0.000000708669801952055,1
15618,"Alameda",0.101245861288729,"Alden E. Oliver Sports Park",0,0,0.0867794105439474,"ns",NA,0,0,NA,0.000000369774170394521,0.000000427549906589775,NA
15684,"Contra Costa",2.45000522480626,"Diablo Foothills Regional Park",7,13,1.42459428051377,"ns",NA,7,0,0,NA,NA,1
15693,"Contra Costa",0.128978699777886,"Diablo Vista Park",0,1,-0.356140817774844,"ns",NA,0,0,NA,NA,NA,0
15702,"Alameda",0.294018637561423,"Dimond Canyon Park",0,9,-0.401385600885312,"ns",NA,0,0,NA,0.000000290131765723345,0.000000328980434005643,0
15747,"Sonoma",0.617740588703917,"Doran Park",10,16,0.0336289831456925,"ns",NA,6,0,0,0.000000000906326791394463,0.00000000552658940833339,1
15770,"Alameda",0.479791151417539,"Dougherty Hills Open Space",0,4,-0.440434837265025,"ns",NA,0,0,NA,0.000000630236684173724,0.000000898734015208902,0
15804,"Alameda",6.77987427355325,"Dry Creek Pioneer Regional Park",7,13,0.072830894918405,"ns",NA,7,0,0,0.0000000764024221666659,0.00000037363884075603,1
15882,"Santa Clara",8.50753576731188,"Edward R. Levin Park",10,13,1.50412414116408,"ns",NA,11,1,0.0909090909090909,0.0000000137054749771437,0.00000011325965232345,1
15886,"Alameda",0.110145973107929,"Eden Greenway",0,0,0.123276342993791,"ns",NA,0,0,NA,0.000000312152934611731,0.000000889882414867316,NA
15920,"Contra Costa",0.723253005930117,"Acalanes Ridge Open Space",1,5,-0.162581196100063,"ns",NA,0,0,NA,NA,NA,1
15977,"Napa",0.100342404446637,"Lower Reservoir",0,0,-0.409291245173099,"cold",NA,0,0,NA,0.00000000000282538055451642,0.00000000000933116344609131,NA
15980,"Napa",0.437744209648681,"St Helena Wastewater Treatment Field",0,1,-0.391574436040347,"ns",NA,3,3,1,0.00000000000881993783563573,0.0000000000586068971131226,0
15982,"Napa",0.605655726932628,"Bell Canyon Reservoir",0,3,-0.356140817774844,"ns",NA,1,1,1,0.0000000383145604132551,0.0000000782649252073497,0
15986,"Napa",1.10007239038874,"Kimball Reservoir",0,0,-0.473243053810798,"cold",NA,0,0,NA,0.0000000743523358437415,0.000000141316803592417,NA
15987,"Napa",1.4052384212482,"Veterans Home Open Space",0,0,-0.373857626907596,"ns",NA,0,0,NA,0.000000159800521259967,0.000000205512179718426,NA
16001,"San Mateo",1.19563848265511,"San Bruno Mountain State Park",0,13,-0.543430030533955,"ns",NA,0,0,NA,0.0000000080398887547517,0.0000000355198821466729,0
16018,"Santa Clara",6.39103209179128,"El Sereno Open Space Preserve",3,7,0.0343580637762421,"ns",NA,2,0,0,0.000000129830098671846,0.000000449714264050272,1
16029,"Marin",0.165385912499367,"Novato Lands 008",0,0,-0.357542282899068,"ns",NA,0,0,NA,0.000000000000138719154977977,0.000000000000915954920417683,NA
16031,"Marin",0.780569886627446,"Anderson Rowe Open Space",2,2,-0.58546135134173,"ns",NA,1,0,0,0.00000000000000224709158818857,0.000000000000017944382823187,1
16055,"Marin",0.230308551857972,"Novato Lands 005",0,1,-0.570274100536943,"ns",NA,0,0,NA,NA,NA,0
16066,"Marin",0.123666312406389,"Novato Lands 001",0,0,-0.616972381184798,"ns",NA,0,0,NA,NA,NA,NA
16073,"Marin",0.162460675190866,"Bayfront Park",0,3,3.04158569116032,"ns",NA,0,0,NA,0.000000375657492668324,0.000000469558386839708,0
16075,"Marin",2.60083713899799,"Blithedale Summit Open Space Preserve",1,5,-0.453663979821494,"ns",NA,0,0,NA,0.000000164834261795477,0.00000042438961145308,1
16089,"Marin",0.236548286954574,"San Rafael Lands 009",0,0,-0.45467170075952,"ns",NA,0,0,NA,0.00000000000000000000000511522417836,0.0000000000000000000000419697257197064,NA
16093,"Marin",0.302698106928309,"San Rafael Lands 013",0,3,-0.425943327788931,"ns",NA,0,0,NA,0.00000000000000103353732026196,0.00000000000000242510720875708,0
16095,"Marin",0.265877167082332,"Jerry Russom Memorial Park",1,2,-0.417402525512033,"ns",NA,1,0,0,0.000000000000104282244460779,0.000000000000174033327354252,1
16108,"Santa Cruz",0.139819914478278,"Freedom Lake Park",0,3,-0.543430030533955,"ns",NA,0,0,NA,0.0000000439216485403904,0.0000000933052035634319,0
16111,"Santa Cruz",0.145227217788529,"Arroyo Seco Canyon",6,7,0.762464385921325,"ns",NA,4,0,0,NA,NA,1
16168,"Marin",0.312135193509802,"Muzzi Marsh",0,4,-0.511969040179219,"ns",NA,0,0,NA,0.000000000287429940959427,0.00000000143426226451027,0
16205,"Santa Clara",0.138964341449097,"Evergreen Park",1,2,-0.302990390376589,"ns",NA,1,0,0,0.000000484828603930509,0.00000049788440037446,1
16263,"San Mateo",0.199549644193698,"Mirada Surf Park",0,7,-0.089484535028439,"ns",NA,0,0,NA,0.00000000000089345886375089,0.00000000000252475969818311,0
16271,"San Mateo",0.443883590688736,"Burlingame Lagoon Park",0,2,0.193080265340457,"ns",NA,0,0,NA,NA,NA,0
16273,"Sonoma",3.64329909500641,"Sears Point Ranch",0,2,-0.391574436040347,"ns",NA,0,0,NA,0.0000000000266021996098154,0.000000000220702761621894,0
16287,"Sonoma",11.5891839203708,"Modini Mayacamas Preserves",0,9,-0.373857626907596,"ns",NA,0,0,NA,0.000000519011678079551,0.000000779227036673547,0
16320,"Sonoma",0.182734441556308,"Helen Putnam Regional Park",0,0,-0.391574436040347,"ns",NA,0,0,NA,0.0000000000000000000000593679804091526,0.000000000000000000000174476859759447,NA
16322,"Solano",9.40942324378524,"Vallejo Lakes",0,1,-0.302990390376589,"ns",NA,0,0,NA,NA,NA,0
16327,"Santa Clara",8.84281093532264,"Anderson Lake County Park",1,9,-0.0372382533853142,"ns",NA,1,0,0,0.0000000100161248184349,0.000000105511894332722,1
16339,"San Mateo",0.345986386872584,"Wavecrest Open Space Reserve",0,1,-0.0702763864081652,"ns",NA,0,0,NA,0.00000000432459756893877,0.00000000830327895329219,0
16363,"Sonoma",0.262304811714702,"Sonoma State Historic Park",0,5,-0.178972726447328,"ns",NA,0,0,NA,0.000000783168275120261,0.00000096981284514186,0
16376,"Santa Clara",0.17980856866578,"Felton Station",0,0,-0.0133289324301867,"ns",NA,0,0,NA,0.00000000924204268670792,0.0000000120170309259038,NA
16377,"Santa Cruz",0.399976390358803,"Gallighan Slough",0,1,-0.568586661916485,"cold",NA,0,0,NA,0.0000016686544768163,0.00000191454364539823,0
16384,"Napa",2.72890848686078,"Snell Valley Fernandes Addition",0,0,-0.409291245173099,"cold",NA,0,0,NA,NA,NA,NA
16385,"Santa Cruz",0.16937335260217,"Gallighan Slough",0,2,-0.601210224247626,"cold",NA,0,0,NA,0.0000013841828376826,0.0000014728249198015,0
16401,"Santa Clara",0.438849499887053,"Field Sports Park",0,0,-0.312696245627107,"ns",NA,0,0,NA,0.0000000126543797662748,0.0000000205959693744262,NA
16413,"San Mateo",2.6464821767863,"Filoli Center",0,11,0.0683838638828753,"ns",NA,3,3,1,0.00000000652562848202365,0.0000000240121984518282,0
16441,"San Mateo",0.149180326154734,"Fitzgerald Marine Reserve",0,15,-0.0195214442525625,"ns",NA,0,0,NA,0.000000172980293200453,0.000000218799868889619,0
16472,"Napa",3.22642013384498,"Foote Botanical Preserve",0,0,-0.356140817774844,"ns",NA,0,0,NA,NA,NA,NA
16477,"Sonoma",0.851819129666563,"Foothill Regional Park",0,7,-0.0549550625180659,"ns",NA,0,0,NA,0.00000000906383146315193,0.0000000251599718836815,0
16498,"Santa Clara",5.27395293793604,"Foothills Park",23,15,0.970429266424973,"ns",NA,23,0,0,0.00000816216288512805,0.0000150732994370628,1
16510,"Sonoma",13.053906328632,"Fort Ross State Historic Park",8,12,0.122213028809451,"ns",NA,8,0,0,0.0000000385565179783498,0.000000263851063664333,1
16535,"Santa Clara",2.96240763822402,"Fremont Older Open Space Preserve",11,15,0.202764018339685,"ns",NA,11,0,0,0.000000281853175465585,0.000000642017653262883,1
16543,"Marin",1.61357220065514,"French Ranch Open Space Preserve",0,3,-0.161255917314576,"ns",NA,0,0,NA,0.000000804755075023422,0.00000106900938590115,0
16569,"Marin",0.126185697983547,"Gallinas Creek Marsh Restoration",0,0,-0.476282809169336,"ns",NA,0,0,NA,0.0000000000000000106708747473954,0.0000000000000000318745744153959,NA
16633,"Marin",2.94340745574216,"Angel Island State Park",0,0,-0.409291245173099,"cold",NA,0,0,NA,0.0000000345873800711161,0.000000134486171532444,NA
16642,"Alameda",10.5515228815731,"Garin Regional Park",21,13,0.299381120136967,"ns",NA,21,0,0,0.00000121959067200805,0.00000712239489075728,1
16651,"Marin",6.17828036207134,"Gary Giacomini Open Space Preserve",5,7,0.268897254711027,"ns",NA,4,0,0,0.000000264647070480351,0.000000390261078564436,1
16667,"San Mateo",11.1176388544776,"Golden Gate National Recreation Area",7,13,0.0293816580532971,"ns",NA,10,6,0.6,0.0000000422852437509391,0.000000193043575791307,1
16679,"Sonoma",20.5708887702658,"Trione-Annadel State Park",14,14,0.122213028809451,"ns",NA,36,23,0.638888888888889,0.00000069037497496538,0.00000245813725996413,1
16695,"San Francisco",0.284301673019782,"Glen Canyon Park",0,12,-0.538662509919858,"cold",NA,0,0,NA,0.00000268214716925286,0.00000289113631879445,0
16711,"Marin",110.294519034627,"Golden Gate National Recreation Area",296,17,4.88803468551965,"ns",NA,273,6,0.021978021978022,0.000000313407554131118,0.00000219214712160465,1
16716,"San Francisco",1.82682006560659,"Golden Gate National Recreation Area",0,14,-0.478019951338883,"cold",NA,0,0,NA,0.000000166050924121919,0.000000549327580756653,0
16720,"San Francisco",4.13775700509434,"Golden Gate Park",0,17,-0.529813775222861,"cold",NA,0,0,NA,0.00000030764570624342,0.00000119395861020166,0
16755,"Santa Cruz",0.175300939370088,"Harkins Slough",0,0,-0.620865705936885,"cold",NA,0,0,NA,0.000000382584801172925,0.000000643594376015244,NA
16777,"Alameda",0.663017103158823,"Greenbelt Hiking & Riding Trail",1,0,0.204738116851092,"ns",NA,0,0,NA,0.0000145712792800623,0.0000197793742700014,1
16778,"Santa Cruz",0.178264243772941,"Harvey West Park",0,5,0.698514242294544,"ns",NA,0,0,NA,NA,NA,0
16780,"Alameda",0.185395214145913,"Greenridge Park",0,1,-0.197434208387169,"ns",NA,0,0,NA,0.00000020815978984956,0.000000313854314981654,0
16789,"Solano",54.7586829507952,"Grizzly Island Wildlife Area",0,14,-0.409291245173099,"cold",NA,0,0,NA,NA,NA,0
16792,"Santa Clara",0.102973112073893,"Groesbeck Hill",0,7,-0.338424008642092,"ns",NA,0,0,NA,0.000000234473901628007,0.000000462415243873693,0
16796,"Alameda",13.0567446791944,"Anthony Chabot Regional Park",6,12,-0.268368288857423,"ns",NA,4,0,0,0.00000072438194820279,0.00000162039918905066,1
16817,"Santa Clara",0.198805832754313,"Guadalupe Oak Grove",2,8,0.125945032868039,"ns",NA,2,0,0,0.000000117552417577826,0.000000142065971431293,1
16823,"Santa Clara",1.80335776851639,"Guadalupe River Parkchain",5,13,-0.34061455495836,"ns",NA,2,0,0,0.000000124579415228254,0.00000078290736382769,1
16824,"Santa Cruz",18.6955201576701,"Henry Cowell Redwoods State Park",5,17,-0.254608000101347,"ns",NA,7,4,0.571428571428571,0.00000000000099610315655585,0.0000000000424297923184991,1
16826,"Sonoma",0.635602157180735,"Gualala Point",2,9,-0.0300225277372602,"cold",NA,2,0,0,NA,NA,1
16846,"San Mateo",0.804830848880002,"Half Moon Bay State Beach",15,16,0.00683748626409076,"ns",NA,1,0,0,0.000000000625094420669825,0.0000000115433111957941,1
16852,"Solano",0.210169782252087,"Hall Memorial Park",0,1,-0.409291245173099,"cold",NA,0,0,NA,NA,NA,0
16891,"Santa Cruz",0.10349022110384,"Highlands Park",0,3,-0.317020348091184,"ns",NA,0,0,NA,0.000000000486760187712321,0.00000000050859477740417,0
16911,"Contra Costa",0.310504197093393,"Heather Farms",0,14,0.0205977750201664,"ns",NA,0,0,NA,NA,NA,0
16914,"Sonoma",0.841379787109188,"Helen Putnam Park",1,11,-0.391574436040347,"cold",NA,1,0,0,0.0000000000000000000000619190997786521,0.000000000000000000000174476859759447,1
16918,"Napa",3.59052790135467,"Lake Hennessey",0,1,-0.356140817774844,"ns",NA,0,0,NA,0.000000784815881615941,0.00000201972102331638,0
16924,"Santa Clara",237.383357140306,"Henry W. Coe State Park",106,16,5.47798546725984,"hot","occ_hot_effort_hot_SUSPECT",105,0,0,0.0000000759096110414248,0.0000014497636584565,1
16945,"Santa Clara",6.32362055396122,"Hidden Villa (Duveneck Ranch)",8,12,0.991124483800381,"ns",NA,8,0,0,0.000000437741050518525,0.0000035257437502878,1
16950,"Solano",6.65281194653997,"Hill Slough Wildlife Area",0,5,-0.409291245173099,"cold",NA,0,0,NA,NA,NA,0
17002,"Contra Costa",0.958069651922971,"Huckleberry Botanic Regional Preserve",3,11,-0.370108569053403,"ns",NA,3,0,0,0.00000221842924474913,0.00000464315644421731,1
17005,"San Mateo",3.85269095543408,"Huddart Park",2,10,-0.041802659419176,"ns",NA,9,7,0.777777777777778,0.0000000977772458554682,0.000000136612243295531,1
17018,"Marin",3.8755262608854,"Ignacio Valley Open Space Preserve",0,4,-0.392490242238775,"ns",NA,0,0,NA,0.0000000000207178562500188,0.000000000391853410830478,0
17025,"Marin",0.955834077435631,"Indian Tree Open Space Preserve",3,2,-0.280287241609297,"ns",NA,1,0,0,0.00000000213390594083762,0.00000000922491683041926,1
17030,"Marin",2.57990435345776,"Indian Valley Open Space Preserve",0,8,-0.407019931535314,"ns",NA,0,0,NA,0.0000000000205415909976248,0.000000000154245588523949,0
17046,"Contra Costa",0.396875597449109,"Antioch Water Park",0,2,-0.409291245173099,"cold",NA,0,0,NA,NA,NA,0
17064,"Sonoma",5.99153789037553,"Jack London State Historic Park",3,11,0.0159121740129408,"ns",NA,3,0,0,0.00000308304129248427,0.00000484970632896875,1
17067,"San Mateo",3.95353729957692,"Jasper Ridge Reserve",11,15,0.190536940427639,"ns",NA,14,3,0.214285714285714,0.000000273945261142217,0.000000664664867144893,1
17078,"Solano",6.1010744486933,"Jepson Prairie Preserve",0,6,-0.409291245173099,"cold",NA,0,0,NA,NA,NA,0
17082,"Contra Costa",0.273539012222584,"Antioch Dunes National Wildlife Refuge",0,4,-0.409291245173099,"cold",NA,0,0,NA,NA,NA,0
17088,"Alameda",1.70752125585933,"Joaquin Miller Park",0,9,-0.446526880147911,"ns",NA,1,1,1,0.000000564833612770599,0.000000626516396096122,0
17091,"Marin",1.13537737456345,"John F. McInnis County Park",1,11,-0.51997350927514,"ns",NA,0,0,NA,0.0000000000000000000183044972138398,0.0000000000000000000183044972138398,1
17116,"Santa Clara",44.1211260496529,"Joseph D. Grant Park",59,15,1.53955775942958,"ns",NA,59,1,0.0169491525423729,0.000000450893566039667,0.0000115341645141598,1
17128,"San Mateo",0.425064502383316,"Junipero Serra Park",1,6,-0.229841793533911,"ns",NA,1,0,0,0.0000000000000000000178595176651389,0.0000000000000000000837330247916024,1
17154,"Solano",0.150129128459155,"Keating Park",0,0,-0.516053486466785,"cold",NA,0,0,NA,NA,NA,NA
17167,"Santa Clara",0.613888954275592,"Kelley Park",0,11,-0.436853261748263,"ns",NA,0,0,NA,0.000000672605210638721,0.00000084873130390406,0
17172,"Contra Costa",0.882700100427034,"Kennedy Grove Regional Recreation Area",3,5,0.928776832921161,"ns",NA,3,0,0,0.0000000000583315062918643,0.000000000407944261704429,1
17175,"Napa",0.795017028222917,"John F. Kennedy Park",0,5,-0.356140817774844,"ns",NA,0,0,NA,0.000000360754739858749,0.000000479769823868992,0
17176,"Santa Cruz",0.186472700579212,"Lodato Park",0,0,-0.213026644175449,"ns",NA,0,0,NA,0.0000000000330239169343827,0.000000000066177403834633,NA
17184,"Santa Clara",2.66154847079195,"Enid Pearson-Arastradero Preserve",6,15,0.6388749629329,"ns",NA,6,0,0,0.00000282981341115374,0.0000105928265838884,1
17188,"Marin",0.428869691116593,"King Mountain Open Space Preserve",4,3,-0.422056326768547,"ns",NA,2,0,0,0.000000104705947023831,0.000000379426126073668,1
17191,"Solano",5.217869421175,"King Ranch",0,8,-0.373857626907596,"ns",NA,0,0,NA,NA,NA,0
17194,"Alameda",0.313352950957925,"Kings Estate",0,1,-0.386225547272731,"ns",NA,0,0,NA,0.000000598507483573485,0.000000789685714153165,0
17197,"Alameda",1.92540428136694,"Knowland Park/Oakland Zoo",1,10,-0.374153834574068,"ns",NA,1,0,0,0.00000117993477033451,0.00000156139185492066,1
17200,"Napa",83.2647494761314,"Knoxville Wildlife Area",3,8,0.0229390875992504,"hot","occ_hot_effort_hot_SUSPECT",4,1,0.25,NA,NA,1
17217,"Contra Costa",0.110381879862319,"Arbolado Park",0,2,1.24666544214221,"ns",NA,0,0,NA,NA,NA,0
17222,"San Mateo",9.34060435942138,"La Honda Creek Open Space Preserve",3,10,0.175363456207706,"ns",NA,3,1,0.333333333333333,0.0000000382317928426801,0.000000171723243624911,1
17230,"Solano",1.90756277674483,"Lagoon Valley Hills Open Space",0,5,-0.534105749969905,"cold",NA,0,0,NA,NA,NA,0
17238,"Sonoma",2.07560707263622,"Laguna Wildlife Area",0,3,-0.364362988401607,"ns",NA,0,0,NA,0.000000144603248486419,0.00000132141622088966,0
17244,"Santa Clara",0.615484310212442,"Lake Cunningham",1,12,-0.45467170075952,"ns",NA,1,0,0,0.00000127396037896688,0.00000138881227940146,1
17247,"Solano",2.09461871536591,"Lake Herman Recreation Area",0,5,-0.452893046213247,"cold",NA,0,0,NA,NA,NA,0
17255,"San Francisco",1.30193585033323,"Lake Merced Park",0,14,-0.516053486466785,"cold",NA,0,0,NA,0.0000000356456766326119,0.0000000775864847923913,0
17260,"Solano",0.296833535242207,"Lake Solano County Park",0,12,-0.338424008642092,"ns",NA,0,0,NA,NA,NA,0
17263,"Sonoma",21.9311462355986,"Lake Sonoma Recreation Area",1,8,-0.285273581243837,"ns",NA,1,0,0,0.0000000440749978736221,0.000000138544194783208,1
17266,"Sonoma",33.0281624539332,"Lake Sonoma Wildlife Area",1,6,-0.285273581243837,"ns",NA,0,0,NA,0.00000000382621045957876,0.0000000861006839159018,1
17271,"Santa Clara",14.2583298830936,"Palassou Ridge Preserve",1,5,1.69900904162435,"ns",NA,1,0,0,0.00000000000000000307619391501248,0.000000000000000126420567350211,1
17282,"Alameda",0.829369556866647,"Ardenwood Historic Farm",0,10,-0.473243053810798,"cold",NA,0,0,NA,0.0000000166668918666346,0.0000000365972425697692,0
17303,"Contra Costa",15.393861831117,"Las Trampas Wilderness Regional Preserve",5,13,-0.128950897383139,"ns",NA,5,0,0,0.000000467623976874165,0.000000861812509356241,1
17309,"Contra Costa",0.772322534326376,"Las Trampas/Diablo Regional Trail",0,0,1.46730487099725,"ns",NA,0,0,NA,NA,NA,NA
17321,"Sonoma",0.737878985581847,"Laufenberg Ranch",0,2,-0.196689535580079,"ns",NA,0,0,NA,0.000000440623153963315,0.000000902500232768944,0
17324,"Solano",0.114963116509278,"Laurel Creek Park",0,1,-0.55600834622522,"ns",NA,0,0,NA,NA,NA,0
17341,"Alameda",0.212633847488473,"Leona Heights",0,8,-0.315647171678419,"ns",NA,0,0,NA,0.000000363783755119584,0.000000495659492116829,0
17342,"Santa Cruz",0.145494576846828,"Lighthouse Field State Beach",0,8,0.108499410061189,"ns",NA,0,0,NA,NA,NA,0
17344,"Alameda",1.20322079907797,"Leona Heights Regional Open Space",0,6,-0.267519224310177,"ns",NA,0,0,NA,0.00000025570139428055,0.000000354265608848436,0
17347,"Sonoma",0.889338182048664,"Leonard Ranch",0,2,-0.534105749969905,"cold",NA,0,0,NA,NA,NA,0
17366,"Santa Clara",3.05952042368604,"Lexington Reservoir",1,11,-0.0584205322639107,"ns",NA,1,0,0,0.000000195848770090379,0.000000395561301047564,1
17374,"Santa Clara",14.1579994427075,"Lick Observatory UCSC",16,10,1.53955775942958,"ns",NA,16,0,0,0.000000833393755783618,0.00000156889871050225,1
17380,"Santa Cruz",11.4058442993941,"Loch Lomond Recreation Area",0,6,-0.213026644175449,"ns",NA,1,1,1,0.000000141953208299128,0.00000069850682393735,0
17396,"Marin",0.968310008789344,"Little Mountain Open Space Preserve",0,1,-0.292495201563409,"ns",NA,0,0,NA,0.000000000000134530488962378,0.00000000000140250593257119,0
17399,"Santa Cruz",3.10927755739169,"Long Ridge Open Space Preserve",1,12,0.0198566203465151,"ns",NA,1,0,0,0.000000250170245408299,0.000000329165573020873,1
17410,"Marin",2.0710420410504,"Loma Alta Open Space Preserve",4,4,0.106064599612661,"ns",NA,1,0,0,0.0000000211514645798161,0.0000000529005035332375,1
17413,"Sonoma",0.162861228063227,"Atascadero Creek Marsh Ecological Reserve",0,1,-0.302990390376589,"ns",NA,0,0,NA,0.000000116617719925216,0.000000167422783192706,0
17418,"Marin",1.12265129372071,"Loma Verde Open Space Preserve",1,1,-0.606554951971344,"ns",NA,1,0,0,0.00000000000000312852699035384,0.00000000000000312852699035384,1
17427,"San Mateo",4.1831934399249,"Long Ridge Open Space Preserve",1,10,-0.0584318840577406,"ns",NA,1,0,0,0.000000201055797788285,0.000000523917151440401,1
17455,"Napa",3.41452535702045,"Las Posadas State Forest",0,5,-0.356140817774844,"ns",NA,7,7,1,0.0000002491527766324,0.000000776087006215676,0
17460,"Santa Clara",0.761698583800591,"Los Trancos Open Space Preserve",3,12,0.86403038426308,"ns",NA,3,0,0,0.000000559093223273521,0.00000204153548111208,1
17463,"San Mateo",0.359438459621205,"Los Trancos Open Space Preserve",1,11,0.84070836011999,"ns",NA,1,0,0,0.000000201420021994636,0.000000535649064659083,1
17470,"Contra Costa",65.9937971444101,"Los Vaqueros Watershed",7,13,-0.143539108181824,"ns",NA,8,1,0.125,NA,NA,1
17490,"Santa Clara",3.73751560783476,"Stevens Creek County Park",3,10,0.393272618879596,"ns",NA,3,0,0,0.000000710918868662702,0.00000110363930616586,1
17495,"Marin",6.77695341339339,"Lucas Valley Open Space Preserve",4,4,-0.280848550593163,"ns",NA,4,1,0.25,0.0000000101372350513884,0.0000000879567636502543,1
17498,"Sonoma",0.152044701320853,"Lucchesi Park",0,0,-0.391574436040347,"ns",NA,0,0,NA,NA,NA,NA
17506,"Solano",5.57345978608288,"Lynch Canyon",2,7,-0.44251545962214,"cold",NA,2,0,0,0.000000451857374628162,0.00000110592588953295,1
17520,"Sonoma",22.6961424337903,"Austin Creek State Recreation Area",0,6,-0.338424008642092,"ns",NA,0,0,NA,0.0000000864891873675333,0.000000989124032457767,0
17525,"Alameda",1.29131133487885,"Dublin Hills Regional Park",0,1,-0.323409443881725,"ns",NA,0,0,NA,0.000000116965551910653,0.000000267177853174871,0
17532,"Alameda",0.17630837960072,"Madeiros Parkway",1,2,-0.00180463511981089,"ns",NA,0,0,NA,0.000000391405563959779,0.000000738570008707029,1
17537,"Santa Cruz",0.500009538745737,"Manresa State Beach",1,11,-0.543430030533955,"cold",NA,1,0,0,0.000000474136811590142,0.000000810044184618164,1
17550,"Marin",0.229144595257891,"Marconi Conference Center State Historic Park",1,5,-0.161255917314576,"ns",NA,0,0,NA,0.0000000751198783177642,0.0000000873100560738749,1
17569,"Marin",0.588385332259417,"Marin Audubon- Simmons Slough Wildlife Corridor",0,0,-0.598069602583841,"cold",NA,0,0,NA,NA,NA,NA
17572,"Marin",5.0771890451405,"Marin County Flood Control",0,2,-0.575273499230797,"ns",NA,0,0,NA,NA,NA,0
17586,"Marin",73.6067641188056,"Marin Municipal Water District Watershed",29,16,0.459579330163031,"ns",NA,26,0,0,0.000000209225191838414,0.000000503498711168504,1
17657,"Marin",3.07254854823836,"Marinwood Open Space",0,7,-0.408699637093976,"ns",NA,0,0,NA,0.000000000000456804732928973,0.0000000000229304353283055,0
17685,"Napa",12.4503547631126,"Dunn-Wildlake Ranch Preserve",0,9,-0.511619154737498,"cold",NA,8,8,1,0.0000000141172957768276,0.00000017302811272657,0
17693,"Napa",0.972916867510095,"Napa Airport Clear Zone",0,0,-0.409291245173099,"cold",NA,0,0,NA,0.000000774286320393003,0.00000217119941225974,NA
17705,"Marin",0.314989779254688,"Homestead Valley",1,1,3.2207395886394,"ns",NA,0,0,NA,0.00000056469832543371,0.00000072508203174948,1
17725,"Contra Costa",1.19155980120419,"Radke Martinez Regional Shoreline",0,10,-0.565379444751811,"ns",NA,0,0,NA,NA,NA,0
17738,"Marin",0.128609059789032,"Maurice Thorner Memorial Open Space Preserve",0,0,-0.179396345458525,"ns",NA,0,0,NA,0.000000505412742768385,0.00000072171837928181,NA
17744,"Sonoma",0.318986446464482,"Maxwell Farms Regional Park",0,8,-0.178972726447328,"ns",NA,0,0,NA,0.00000107247728919901,0.00000129749764710141,0
17793,"Solano",0.599341925609428,"Lagoon Valley Open Space",0,0,-0.502293197710709,"ns",NA,0,0,NA,NA,NA,NA
17806,"Solano",0.103011876797412,"McIntyre Ranch",0,0,-0.502293197710709,"ns",NA,0,0,NA,0.000000265583281588988,0.000000352907846945527,NA
17811,"Santa Cruz",0.112862426621563,"Michael Gray Field Park",0,0,-0.158285978808817,"ns",NA,0,0,NA,0.0000000000518706015639747,0.000000000219058562955787,NA
17818,"San Francisco",1.34824540462148,"McLaren Park",0,13,-0.502293197710709,"ns",NA,0,0,NA,0.0000000616031741174083,0.000000227962530630066,0
17826,"Marin",0.159219391217392,"McNears Beach County Park",0,0,-0.397993287118531,"ns",NA,0,0,NA,NA,NA,NA
17830,"San Mateo",3.87681583099145,"Montara State Beach",6,14,-0.0275657959246813,"ns",NA,4,0,0,0.000000000505238573200728,0.0000000590987703219525,1
17835,"Santa Cruz",1.6905308895614,"Miller Property County Park",1,3,-0.0195214442525625,"ns",NA,1,1,1,0.000000000801845312370375,0.0000000034614933142052,1
17846,"Marin",0.429921261247448,"Bald Hill Open Space Preserve",5,6,0.125293321385601,"ns",NA,3,0,0,0.0000000179839094727186,0.0000000567641293969245,1
17847,"Santa Cruz",0.130195116527434,"Bert Scott Estate Park",0,0,-0.468908564254015,"ns",NA,0,0,NA,0.00000000611645489811963,0.0000000180676256178458,NA
17866,"San Mateo",2.62329049864811,"Memorial Park",0,13,-0.214406344712831,"ns",NA,1,1,1,0.000000227937164254399,0.000000289995114144403,0
17900,"Contra Costa",0.828514171042095,"Miller Knox Regional Shoreline",0,11,-0.409291245173099,"cold",NA,0,0,NA,0.00000000000000000000239535127380787,0.0000000000000000000241343837761697,0
17909,"Napa",6.76453436593952,"Milliken Reservoir Property",0,1,-0.409291245173099,"cold",NA,0,0,NA,NA,NA,0
17912,"San Mateo",0.125768345173419,"Mills Canyon Wildlife Area",0,2,0.193080265340457,"ns",NA,0,0,NA,0.0000000000000000000000204723998831599,0.0000000000000000000000703843219763681,0
17926,"Marin",0.81652447994825,"Baltimore Canyon Open Space Preserve",1,3,-0.383697907392225,"ns",NA,1,0,0,0.000000198707795107111,0.000000362330837333502,1
17946,"Alameda",7.03387663177564,"Mission Peak Regional Preserve",5,12,1.32695604983656,"ns",NA,5,0,0,0.000000105865375132908,0.000000284740309552944,1
17960,"Marin",0.153940923859344,"Miwok Park",0,2,-0.457887106264363,"ns",NA,0,0,NA,0.0000000000000000021254534052545,0.0000000000000000290063024803111,0
17984,"Santa Cruz",1.00414025869665,"Moore Creek Preserve",4,12,0.762464385921325,"ns",NA,4,0,0,NA,NA,1
17989,"Santa Clara",10.820943298498,"Monte Bello Open Space Preserve",11,15,0.635270748895254,"ns",NA,12,1,0.0833333333333333,0.000000089348610288198,0.000000515391548105981,1
18012,"Santa Clara",0.292616868426836,"Montgomery Hill",1,7,0.661361122464575,"ns",NA,1,0,0,0.000000463361516267469,0.000000488504497297981,1
18016,"Solano",0.936205240063641,"Calhoun Cut Ecological Reserve",0,0,-0.409291245173099,"cold",NA,0,0,NA,NA,NA,NA
18032,"Contra Costa",0.172995497346139,"Moraga Commons Park",2,2,-0.174213940329272,"ns",NA,0,0,NA,0.0000027421763206803,0.00000288517094304552,1
18040,"Contra Costa",15.9372221528296,"Morgan Territory Regional Preserve",13,12,0.0159121740129408,"ns",NA,13,0,0,NA,NA,1
18056,"Santa Clara",1.79667200748301,"Motorcycle County Park",0,3,-0.407019931535314,"ns",NA,0,0,NA,0.0000000145023442144065,0.000000064553937306755,0
18065,"Contra Costa",75.0386293968089,"Mount Diablo State Park",101,16,1.45654490795977,"ns",NA,102,2,0.0196078431372549,NA,NA,1
18069,"Marin",25.5530630770019,"Mount Tamalpais State Park",15,16,0.547416447995491,"ns",NA,15,0,0,0.000000381800077775551,0.00000107866037524218,1
18076,"Santa Clara",0.899821612512127,"Shoreline at Mountain View Park",0,14,-0.391574436040347,"ns",NA,0,0,NA,0.0000001185860085684,0.000000140753698474327,0
18081,"Santa Cruz",0.252133664082794,"Natural Bridges State Beach",7,14,0.762464385921325,"ns",NA,6,0,0,NA,NA,1
18088,"Santa Cruz",0.169746482739951,"Neary Lagoon Park",2,11,0.762464385921325,"ns",NA,2,0,0,NA,NA,1
18091,"Marin",8.25024084748007,"Mount Burdell Open Space Preserve",1,10,-0.4553818206951,"ns",NA,1,0,0,0.0000000000000000621213500295161,0.00000000000000329703403081471,1
18095,"San Francisco",0.164783039350126,"Mt. Davidson",0,6,-0.516053486466785,"cold",NA,0,0,NA,0.00000228085309572634,0.00000263960896518256,0
18100,"Santa Cruz",0.611283109215315,"New Brighton State Beach",1,15,-0.285273581243837,"ns",NA,0,0,NA,0.0000000000388151975838635,0.000000000144497080967199,1
18113,"Contra Costa",1.51775100517149,"John Muir National Historic Site",1,6,-0.40506855793004,"ns",NA,1,0,0,NA,NA,1
18121,"Marin",2.14023310489497,"Muir Woods National Monument",1,17,-0.119875720641227,"ns",NA,1,0,0,0.000000686702321672783,0.00000107866037524218,1
18134,"San Mateo",0.587281486590828,"Mussel Rock Park",0,12,-0.381178137760069,"ns",NA,0,0,NA,0.000000174866400470819,0.000000193043575791307,0
18146,"Santa Cruz",69.3237230698774,"Big Basin Redwoods State Park",4,16,-0.388733908353312,"cold",NA,6,2,0.333333333333333,0.000000109413228699395,0.000000491580976813566,1
18154,"Napa",2.65287067786073,"Riverfront Green",0,2,-0.356140817774844,"ns",NA,0,0,NA,0.000000438772104871532,0.000000650579636385373,0
18158,"Napa",0.253823910691771,"Napa River Ecological Reserve",0,1,-0.356140817774844,"ns",NA,0,0,NA,0.000000111490244592005,0.000000183864841574177,0
18165,"Sonoma",6.08582607537181,"Napa-Sonoma Marshes Wildlife Area",0,7,-0.356140817774844,"ns",NA,1,1,1,0.000000385731908636444,0.00000141304519729601,0
18169,"Napa",30.4187569239,"Napa-Sonoma Marshes Wildlife Area",0,9,-0.409291245173099,"cold",NA,0,0,NA,0.000000142048619977686,0.00000163770744165959,0
18191,"Sonoma",1.99900113645592,"Little Black Mountain",0,1,-0.0195214442525625,"ns",NA,0,0,NA,0.00000000339164629714617,0.0000000119820464661302,0
18224,"San Mateo",0.629578569337498,"Bedwell Bayfront Park",0,11,-0.414808436476993,"ns",NA,0,0,NA,0.000000000000202167696103893,0.0000000000021813718366348,0
18229,"Solano",1.73578510421135,"Noonan Reservoir",0,0,-0.457879256716469,"ns",NA,0,0,NA,NA,NA,NA
18235,"Stanislaus",2.48691412398935,"Henry W. Coe State Park",0,3,1.80530989642086,"ns",NA,0,0,NA,NA,NA,0
18255,"Solano",1.69457313836284,"Northgate",0,1,-0.463252280657214,"ns",NA,0,0,NA,0.000000669020721488778,0.00000104637479125813,0
18259,"Sonoma",0.129641584928297,"Northwest Community Park",0,2,-0.373857626907596,"ns",NA,0,0,NA,0.000000568049756566325,0.000000672222540742951,0
18275,"Marin",1.22609855046976,"Novato Sanitation District",0,0,-0.565379444751811,"ns",NA,0,0,NA,NA,NA,NA
18284,"Contra Costa",0.177401451915685,"Oak Hill Park",0,1,1.66232474230096,"ns",NA,0,0,NA,NA,NA,0
18298,"Santa Clara",4.6003403886149,"Baylands Preserve",1,17,-0.373857626907596,"ns",NA,0,0,NA,0.0000000635962109640786,0.000000137178560066786,1
18312,"Solano",0.161722344821906,"Octo-Inn",0,0,-0.391574436040347,"ns",NA,0,0,NA,NA,NA,NA
18316,"Marin",0.414022221557863,"O'Hair Park",0,5,-0.369250519792552,"ns",NA,0,0,NA,0.00000000000000172324829712388,0.00000000000000503978293220852,0
18330,"Santa Cruz",0.321950185620754,"Pace Family Wilderness Park",0,0,-0.241118748342101,"ns",NA,0,0,NA,0.0000000061188791811162,0.0000000118315242048084,NA
18349,"Santa Cruz",0.134262857264455,"Pajaro River",0,1,-0.452893046213247,"cold",NA,0,0,NA,0.00000000323967452864338,0.00000000564312641060383,0
18352,"Marin",2.77714848612556,"Olompali State Historic Park",1,12,-0.468908564254015,"ns",NA,1,0,0,0,0,1
18359,"Solano",1.65734207333546,"Brown's Valley Ridge Open Space",0,3,-0.436853261748263,"ns",NA,0,0,NA,NA,NA,0
18374,"Santa Clara",0.120812005686774,"Overfelt Botanical Gardens",0,6,0.230828241381236,"ns",NA,0,0,NA,0.000000198180757138289,0.000000280063687796428,0
18391,"Alameda",0.787617465639459,"Oyster Bay Regional Shoreline",0,7,-0.409291245173099,"cold",NA,0,0,NA,0.00000016867323893166,0.000000384727712798849,0
18423,"Santa Clara",2.16255557051053,"Pacheco State Park",0,6,1.59270818682784,"ns",NA,0,0,NA,NA,NA,0
18427,"Marin",1.92225785256462,"Pacheco Valle Open Space Preserve",2,4,-0.477503350205376,"ns",NA,1,0,0,0.000000000000141253111637929,0.00000000000328682957587145,1
18442,"San Mateo",0.557930816117352,"Pedro Point Headlands",0,2,-0.0903886807835692,"ns",NA,0,0,NA,0.0000000000000000488555435260929,0.00000000000000133849289819603,0
18452,"San Mateo",0.145990856327213,"Bean Hollow State Beach",0,8,0.246230692738712,"ns",NA,0,0,NA,0.0000000000505361967551021,0.0000000000987902884497238,0
18507,"San Mateo",0.24931360408091,"Frontierland Park",0,2,-0.0619639575162876,"ns",NA,0,0,NA,0.00000000000000000000973224519578093,0.000000000000000000139757541164816,0
18511,"Santa Cruz",0.207800308028586,"Bear Creek Redwoods Open Space Preserve",0,1,-0.241737220432177,"ns",NA,0,0,NA,0.000000338067138727638,0.000000423378253344708,0
18562,"Santa Cruz",0.58464562602077,"Pinto Lake Park",0,10,-0.478019951338883,"ns",NA,0,0,NA,0.00000000218157958364884,0.00000000880606876307866,0
18591,"Solano",0.112737109457826,"Pena Adobe Park",0,7,-0.534105749969905,"cold",NA,0,0,NA,NA,NA,0
18604,"Sonoma",12.3548746759327,"Pepperwood Ranch Natural Preserve",10,17,-0.143539108181824,"ns",NA,10,0,0,0.000000328045473452221,0.000000968263407230552,1
18609,"San Mateo",24.7870079939978,"Pescadero Creek Park",7,9,-0.196211494816987,"ns",NA,8,1,0.125,0.0000000710995777808421,0.000000501747933867591,1
18614,"San Mateo",2.00644737461888,"Pescadero Marsh Natural Preserve",8,15,0.0690626014111958,"ns",NA,8,0,0,0.00000000000193094802300453,0.0000000000435862942960163,1
18617,"San Mateo",0.203480099572841,"Pescadero State Beach",0,7,-0.161255917314576,"ns",NA,0,0,NA,0.0000000000000134636183427603,0.0000000000000416268683748038,0
18620,"Sonoma",0.172695664153686,"Petaluma Adobe State Historic Park",0,2,-0.409291245173099,"cold",NA,0,0,NA,0.0000000291132860041898,0.0000000324089945991091,0
18623,"Marin",0.175723184473982,"Bel Marin Keys #5",0,0,-0.523869071180873,"ns",NA,0,0,NA,NA,NA,NA
18643,"Marin",6.01454351241934,"Petaluma Marsh Wildlife Area",0,9,-0.593596124680033,"cold",NA,0,0,NA,0.0000000000000000000000138879341017394,0.0000000000000000000000312522141297194,0
18676,"Santa Clara",1.18748719049903,"Picchetti Ranch Open Space Preserve",7,11,0.187400221245356,"ns",NA,6,0,0,0.000000534726837031485,0.000000858387920743553,1
18677,"Santa Cruz",2.49598113298156,"Pogonip Open Space Preserve",3,14,0.585557657800955,"ns",NA,4,1,0.25,0.0000000000000000000889695821322488,0.00000000000000000129548095473653,1
18690,"Alameda",0.125842559422223,"Piedmont Park",0,2,-0.352392212767087,"ns",NA,0,0,NA,0.000000199368159314872,0.000000248390108481544,0
18695,"San Mateo",0.315088102880026,"Pigeon Point Light Station State Historic Park",0,15,0.653717302792001,"ns",NA,0,0,NA,0.000000000034689640049379,0.00000000010981778680863,0
18716,"Contra Costa",0.946941391462873,"Pinole Valley Park",0,2,0.0123966276325383,"ns",NA,0,0,NA,0.0000000241547830626132,0.0000000636107913010164,0
18720,"Marin",0.208483963131998,"Piper Park",0,5,-0.453663979821494,"ns",NA,0,0,NA,0.00000000170843095226303,0.00000000450605641688639,0
18757,"Santa Cruz",0.247954340010823,"Polo Grounds Park",0,4,-0.347547839043145,"ns",NA,0,0,NA,0.0000000000143423580303836,0.0000000000388743655321822,0
18760,"Solano",0.176323228287389,"Benicia Community Park",0,1,-0.452893046213247,"cold",NA,0,0,NA,NA,NA,0
18778,"Alameda",17.8623646078821,"Pleasanton Ridge Regional Park",14,12,0.056015745559943,"ns",NA,12,0,0,0.00000331207343151618,0.0000128730343931238,1
18807,"Contra Costa",2.75164830361038,"Point Pinole Regional Shoreline",0,10,0.228513883605961,"ns",NA,0,0,NA,NA,NA,0
18811,"Marin",215.642068560322,"Point Reyes National Seashore",519,17,9.49440506003508,"ns",NA,500,54,0.108,0.000000198561295405852,0.00000221328104998975,1
18815,"Solano",1.85392330972142,"Benicia State Recreation Area",0,11,-0.483145427748509,"ns",NA,0,0,NA,NA,NA,0
18821,"San Mateo",1.55906444855798,"Pomponio State Beach",0,5,-0.196689535580079,"ns",NA,0,0,NA,0.00000000113073805874109,0.00000000566874591712008,0
18846,"Santa Cruz",0.285840877025422,"Quail Hollow Ecological Reserve",1,8,-0.29417787687615,"ns",NA,1,0,0,0.0000000277447345098381,0.0000000370204311650468,1
18849,"San Mateo",10.9679014167401,"Portola Redwoods State Park",2,9,0.116919796312696,"ns",NA,2,2,1,0.000000623348284989333,0.00000119531205200474,1
18850,"Santa Cruz",0.916087671949679,"Quail Hollow Ranch Park",10,16,-0.29417787687615,"ns",NA,10,0,0,0.0000000222898215440637,0.0000000370204311650468,1
18880,"San Francisco",5.30214430279896,"Presidio",0,17,-0.409291245173099,"cold",NA,0,0,NA,0.00000348054413734644,0.00000575313788431231,0
18897,"Santa Cruz",0.103405872342121,"Ramsay Park",0,2,-0.547435076252892,"cold",NA,0,0,NA,0.0000000918176468189813,0.000000109114878910077,0
18900,"Santa Clara",0.153849939277101,"Emma Prusch Farm Park",0,3,-0.457879256716469,"ns",NA,0,0,NA,0.000000786177963618684,0.000000827955943805136,0
18908,"San Mateo",1.48678597967223,"Pulgas Ridge Open Space Preserve",0,12,-0.169934430869628,"ns",NA,3,3,1,0.00000000150556067612939,0.00000000796569388228363,0
18918,"Santa Cruz",2.19183969279578,"Bonny Doon Ecological Reserve",2,10,-0.213026644175449,"ns",NA,2,0,0,0.00000000000000000000890616883703392,0.000000000000000000243942748773459,1
18950,"Sonoma",0.626607697117478,"Ragle Ranch",3,13,-0.364362988401607,"ns",NA,2,0,0,0.00000000534581090505526,0.0000000157362034514108,1
20680,"Santa Clara",13.2754452788576,"San Antonio Valley Ecological Reserve",1,5,2.85060163525321,"ns",NA,1,0,0,NA,NA,1
20707,"Sonoma",1.03388993820855,"Clover Springs",0,3,-0.108105489916321,"ns",NA,0,0,NA,0.0000000928379293441139,0.000000184088250421155,0
21447,"Lake",0.36722551930986,"BLM",0,0,-0.409291245173099,"cold",NA,0,0,NA,0.000000108770457529772,0.00000119986543722916,NA
21460,"Yolo",0.272113250033263,"BLM",0,0,-0.135945758410281,"cold",NA,0,0,NA,NA,NA,NA
21477,"Sonoma",30.5417369705722,"BLM",0,6,-0.391574436040347,"ns",NA,0,0,NA,0.000000152304323819408,0.00000119986543722916,0
21480,"San Mateo",0.32798083868885,"BLM",0,0,-0.381060271244823,"ns",NA,0,0,NA,0.0000000680222385085472,0.000000141721315571885,NA
21506,"Solano",8.09890420934078,"BLM",0,1,-0.474772620198558,"ns",NA,0,0,NA,NA,NA,0
21755,"Sonoma",6.72676984965766,"Tolay Creek Ranch",1,3,-0.391574436040347,"cold",NA,1,0,0,0.000000000650326015261271,0.0000000121826770893563,1
21914,"Solano",0.545089604272925,"Putah Creek Riparian Reserve",0,9,-0.135945758410281,"cold",NA,0,0,NA,NA,NA,0
21918,"Santa Clara",3.41666767360514,"Diablo Foothills Preserve",2,7,-0.214406344712831,"ns",NA,2,0,0,0.000000000000000000000192740087809694,0.000000000000000000000347270934057652,1
21942,"San Mateo",8.4264504741907,"San Bruno Mountain State and County Park",2,12,-0.427151662527811,"ns",NA,2,0,0,0.00000000348781026282552,0.0000000294474258311084,1
21945,"Contra Costa",0.167343823359578,"Central Park",1,0,-0.427151662527811,"ns",NA,0,0,NA,0.00000235317952501646,0.00000277361209555238,1
21946,"Santa Clara",13.9708129933889,"Sanborn County Park",17,13,-0.0430567351695815,"ns",NA,13,0,0,0.0000000976445448941377,0.00000074017270890181,1
21948,"Santa Clara",4.91984158424816,"Upper Uvas Creek Preserve",0,2,-0.161255917314576,"ns",NA,0,0,NA,0.0000000251264538064788,0.0000000721412973803126,0
21952,"Contra Costa",18.8031494860735,"Black Diamond Mines Regional Preserve",6,11,-0.285273581243837,"ns",NA,6,0,0,NA,NA,1
21956,"Sonoma",0.140928308027349,"Spring Lake Regional Park",0,6,0.157646647074954,"ns",NA,0,0,NA,0.000000744610758829367,0.000000808089907877729,0
21965,"Napa",0.432359683718363,"Westwood Hills Park",0,2,-0.338424008642092,"ns",NA,0,0,NA,0.000000643602845684654,0.000000828582130907307,0
21976,"Contra Costa",0.308272673036215,"Wright Property",1,0,-0.0372382533853142,"ns",NA,0,0,NA,NA,NA,1
21997,"Alameda",0.361413820753381,"Lakeside Park",0,15,-0.42081347728328,"ns",NA,0,0,NA,NA,NA,0
21998,"Solano",2.65457347330676,"Putah Creek Wildlife Area",4,7,-0.433716939293875,"cold",NA,4,0,0,NA,NA,1
22001,"Napa",0.173381263168348,"Lake Berryessa",0,0,-0.409291245173099,"cold",NA,0,0,NA,NA,NA,NA
22030,"Santa Clara",17.2894651741362,"Coyote Lake - Harvey Bear Ranch County Park",8,11,-0.214406344712831,"ns",NA,8,0,0,0.000000000597378757571931,0.0000000559565052071775,1
22039,"Sonoma",0.121252264313322,"Doran Regional Park",0,4,0.0336289831456925,"ns",NA,0,0,NA,0.00000000208949524349578,0.00000000510983211299276,0
22045,"Marin",0.173557195176822,"San Rafael Lands 002",0,1,-0.476282809169336,"ns",NA,0,0,NA,0.000000000000000000142373499852015,0.000000000000000000232730496516062,0
22049,"Solano",0.282311850526243,"Fairfield Linear Park",0,3,-0.478019951338883,"cold",NA,0,0,NA,NA,NA,0
22072,"Solano",0.800889248032418,"Lagoon Valley Park",0,10,-0.538662509919858,"cold",NA,0,0,NA,NA,NA,0
22080,"Alameda",0.732464377979489,"Dublin Hills Regional Park",0,1,-0.079292842933816,"ns",NA,0,0,NA,0.000000355866120571591,0.00000063740475297891,0
22084,"Contra Costa",0.361465059728025,"Hidden Lakes Park",0,4,-0.44251545962214,"ns",NA,0,0,NA,NA,NA,0
22253,"San Mateo",8.86782744005691,"Russian Ridge Open Space Preserve",1,11,0.590730508508733,"ns",NA,1,0,0,0.0000000730134033233298,0.000000548044567949546,1
22284,"Contra Costa",5.15238408030467,"Crockett Hills Regional Park",2,7,-0.53085171484269,"cold",NA,2,0,0,0.000000138209813371759,0.000000249384839889899,1
22288,"Solano",0.800103344394542,"Lagoon Valley Gateway Open Space",0,0,-0.502293197710709,"ns",NA,0,0,NA,NA,NA,NA
22289,"Alameda",3.60004996958758,"Los Vaqueros Watershed",0,1,-0.330343244522191,"ns",NA,0,0,NA,NA,NA,0
22292,"Santa Clara",2.67900415505489,"Monte Bello Open Space Preserve",2,2,0.123220701103092,"ns",NA,1,0,0,0.000000386707057487001,0.000000620498724401841,1
23001,"Sonoma",5.73834852095982,"Robert Louis Stevenson State Park",0,0,-0.409291245173099,"cold",NA,0,0,NA,0.00000040042957039077,0.00000096956785000657,NA
23002,"Alameda",82.974679528478,"San Francisco Watershed Lands",7,12,1.94704436948287,"ns",NA,5,1,0.2,0.00000166618656294304,0.00000856192400533473,1
23004,"Alameda",39.4325757772459,"Don Edwards National Wildlife Refuge",0,14,-0.409291245173099,"cold",NA,0,0,NA,0.000000020809942213873,0.000000202233877644176,0
23005,"San Mateo",5.61628006164199,"Don Edwards National Wildlife Refuge",0,5,-0.373857626907596,"ns",NA,0,0,NA,0.0000000000489169503514741,0.0000000116209744049911,0
23019,"Sonoma",0.779588568211206,"Bothe-Napa Valley State Park",0,1,-0.338424008642092,"ns",NA,3,3,1,0.000000229905964488353,0.000000290864903718102,0
23048,"Alameda",1.47239814967577,"Carnegie State Vehicular Recreation Area",0,1,0.0690626014111958,"ns",NA,0,0,NA,NA,NA,0
23049,"San Mateo",0.192593909252572,"Castle Rock State Park",0,0,-0.414141813423028,"ns",NA,0,0,NA,0.000000168338246453459,0.000000306160387708587,NA
23060,"Alameda",0.836548761206384,"EBMUD",0,3,-0.26959247533109,"ns",NA,0,0,NA,0.000000524219444741902,0.00000320738581649493,0
23062,"Napa",1.04068069053408,"Vallejo Lakes",0,0,-0.267556772111086,"ns",NA,0,0,NA,NA,NA,NA
23069,"Alameda",1.20592555821507,"Las Trampas Wilderness Regional Preserve",0,0,0.0336289831456925,"ns",NA,0,0,NA,0.000000143262496976604,0.000000395740840986036,NA
23074,"Solano",9.91309936462512,"Napa-Sonoma Marshes Wildlife Area",0,1,-0.409291245173099,"cold",NA,0,0,NA,0.000000561672095500398,0.00000194966628441762,0
23459,"San Mateo",4.78832830002528,"Bair Island Ecological Reserve",0,8,-0.436853261748263,"ns",NA,5,5,1,0.0000000113981775129446,0.0000000625256362241089,0
23559,"Lake",0.266566347695738,"California State Lands Commission",0,0,-0.409291245173099,"cold",NA,0,0,NA,0.0000000940679285577062,0.000000116997902921412,NA
23590,"Santa Clara",5.72106138672853,"BLM",1,0,-0.0829841430737708,"cold",NA,0,0,NA,0.0000000116279519346563,0.0000000180162142981999,1
23598,"Solano",0.113904868523448,"Decker Island Wildlife Area",0,1,-0.409291245173099,"cold",NA,0,0,NA,NA,NA,0
23599,"Alameda",0.26859285497133,"Christensen Road Burrowing Owl Site",0,0,-0.391574436040347,"ns",NA,0,0,NA,NA,NA,NA
23602,"Solano",0.141128133096929,"Miner Slough Wildlife Area",0,0,-0.409291245173099,"cold",NA,0,0,NA,NA,NA,NA
23685,"Contra Costa",0.11389511663013,"Gaylord Sports Park",0,0,-0.409291245173099,"cold",NA,0,0,NA,NA,NA,NA
24228,"Santa Clara",4.70320495848771,"Rancho Cañada del Oro Open Space Preserve",10,14,0.29494680090566,"ns",NA,10,1,0.1,0.0000000214158220046556,0.000000103286105002098,1
24425,"Solano",0.640613779578163,"Peytonia Slough Ecological Reserve",0,3,-0.409291245173099,"cold",NA,0,0,NA,NA,NA,0
24429,"Napa",4.09144891849652,"Duff Ranch",0,0,-0.492787622020552,"cold",NA,0,0,NA,0.00000000886270967725977,0.0000000567302862464203,NA
24434,"Santa Clara",1.71284836576852,"Mount Madonna County Park",0,8,-0.373857626907596,"ns",NA,0,0,NA,0.0000000000886623552354138,0.000000000915223508091145,0
24438,"Santa Cruz",0.818949687781419,"Randall Morgan Sandhills",1,2,-0.255355611836595,"ns",NA,0,0,NA,0.0000000110203117742458,0.0000000273319376020709,1
24771,"Santa Cruz",1.99945853006372,"Watsonville Slough Farms",0,6,-0.534105749969905,"cold",NA,0,0,NA,0.000000398505875409683,0.000000759985368858906,0
24947,"Napa",5.20478028410817,"Moore Creek Wilderness Park",0,5,-0.338424008642092,"ns",NA,0,0,NA,0.00000142926410262589,0.00000250902644438611,0
24949,"San Mateo",0.144058225248441,"Welden",0,0,-0.0133289324301867,"ns",NA,0,0,NA,0.0000000000673032740650115,0.0000000000785691720017745,NA
24950,"San Mateo",0.151127141240654,"Cobb/Mahoney",0,0,0.0240808518378679,"ns",NA,0,0,NA,0.000000000291172891353497,0.000000000686197099142305,NA
24951,"San Mateo",0.145081279367156,"Santos",0,0,0.0240808518378679,"ns",NA,0,0,NA,0.000000000174615100156927,0.000000000764499297201127,NA
24952,"Santa Cruz",0.463174679643489,"Minton",0,0,-0.302990390376589,"ns",NA,0,0,NA,0.000000000258869065072886,0.000000000630594465533818,NA
24956,"Santa Cruz",0.159853328876652,"Isacson",0,0,-0.0372382533853142,"ns",NA,0,0,NA,0.0000000753910853745765,0.0000000866760387907561,NA
24961,"Santa Cruz",0.153374275457176,"Katz",0,0,-0.214406344712831,"ns",NA,0,0,NA,0.000000138821405926137,0.000000262226080849359,NA
25116,"Contra Costa",3.11865069970124,"Reinhardt Redwood Regional Park",3,10,-0.357306457134042,"ns",NA,3,0,0,0.000000818646753941721,0.00000166669826739962,1
25173,"Santa Cruz",0.171250300886572,"Greyhound Rock Fishing Access",0,4,-0.196689535580079,"ns",NA,0,0,NA,0.0000000246939677595037,0.0000000953500247646843,0
25196,"Santa Clara",6.16541328764846,"Sierra Vista Open Space Preserve",44,13,2.05334522427938,"ns",NA,43,0,0,0.000000000779376396753406,0.0000000118820091543625,1
25203,"San Mateo",9.93352171747619,"Purisima Creek Redwoods Open Space Preserve",4,8,-0.180216710308521,"ns",NA,9,9,1,0.000000112391703055437,0.000000727048700355226,1
25241,"Sonoma",7.97789864417977,"Petaluma Marsh Wildlife Area",0,0,-0.373857626907596,"ns",NA,0,0,NA,NA,NA,NA
25254,"Santa Clara",0.755349893366687,"Cottonwood Creek Wildlife Area",0,0,1.64585861422609,"ns",NA,0,0,NA,NA,NA,NA
25279,"Alameda",0.247911803910511,"Sibley Volcanic Regional Preserve",1,1,-0.374281954107459,"ns",NA,0,0,NA,0.000000811097265795979,0.00000227818281928194,1
25289,"Alameda",4.1355453193931,"Don Edwards National Wildlife Refuge",0,9,-0.196689535580079,"ns",NA,0,0,NA,0.00000000287165047296867,0.000000109927235314444,0
25311,"Santa Cruz",1.71968331501009,"Lompico",1,2,-0.153131196342162,"ns",NA,0,0,NA,0.000000649846526812325,0.00000102860803963267,1
25312,"Santa Cruz",0.177095243346853,"Fall Creek",0,0,-0.21332713383312,"ns",NA,0,0,NA,0.000000000000826591182653824,0.00000000000182323492241288,NA
25329,"Marin",3.43769632241943,"Petaluma Marsh Wildlife Area",0,1,-0.53085171484269,"ns",NA,0,0,NA,NA,NA,0
25330,"Contra Costa",2.98110544695207,"Point Edith Wildlife Area",0,0,-0.409291245173099,"cold",NA,0,0,NA,NA,NA,NA
25346,"Sonoma",1.59225107028987,"Kelly Farm",0,6,-0.364362988401607,"ns",NA,0,0,NA,0.0000000329495897233301,0.000000146662642919182,0
25347,"Sonoma",3.13437041744257,"Armstrong Redwoods State Natural Reserve",0,9,-0.409291245173099,"cold",NA,0,0,NA,0.00000065091461465272,0.00000126492079743912,0
25801,"Napa",1.97925819517732,"Milliken Reservoir Property",0,2,-0.409291245173099,"cold",NA,0,0,NA,NA,NA,0
25815,"Marin",0.572768128256061,"San Pablo Bay Wildlife Area",0,2,-0.502289644531579,"ns",NA,0,0,NA,NA,NA,0
25816,"Napa",0.998869780598529,"California State Lands Commission",0,0,-0.473243053810798,"cold",NA,0,0,NA,0.000000000288405410664438,0.00000000184468318398245,NA
25818,"Napa",1.41418250955385,"Rector Reservoir Wildlife Area",0,0,-0.373857626907596,"ns",NA,0,0,NA,0.000000247160215849362,0.000000417576217159876,NA
25824,"Santa Cruz",0.16672433659826,"Struve Slough - California Coastal Conservancy",0,0,-0.568586661916485,"cold",NA,0,0,NA,0.000000370885686606925,0.000000509826293182414,NA
25864,"Sonoma",0.144001328342745,"Stillwater Cove",0,2,-0.232123153845582,"ns",NA,0,0,NA,0.000000103128726891555,0.00000013355301575757,0
25900,"Santa Clara",0.114274628525924,"San Francisco Bay",0,1,-0.34061455495836,"ns",NA,0,0,NA,0.0000000000121612043352259,0.0000000000261949142932316,0
26044,"Contra Costa",1.9119875143847,"Franklin Canyon",0,5,-0.278733208785284,"ns",NA,0,0,NA,0.000000104629563679737,0.000000153767516053449,0
26058,"Santa Clara",0.26991923750323,"El Sereno Open Space Preserve",0,0,-0.0757242462723633,"ns",NA,1,1,1,0.0000000489459992536467,0.000000108799461884246,NA
26059,"San Mateo",9.16925268859053,"Miramontes Ridge Open Space Preserve",3,8,-0.061690299949291,"ns",NA,4,3,0.75,0.0000000000402556217526939,0.00000000223038276736531,1
26061,"Santa Clara",0.457256187337314,"Penitencia Creek Park",0,9,1.21524453814508,"ns",NA,0,0,NA,0.0000000695068820277811,0.000000193467656117718,0
26069,"Sonoma",1.61608800883873,"Riddell Preserve",4,3,0.075900702935761,"hot","occ_hot_effort_not_TRUSTED",4,0,0,0.0000000797085277781662,0.000000117920023967599,1
26070,"Sonoma",0.237514900042178,"Laguna de Santa Rosa Wetlands Preserve",0,5,-0.364362988401607,"ns",NA,0,0,NA,0.000000105389212023965,0.000000146662642919182,0
26072,"Sonoma",0.164001043649601,"Cedars Gateway",0,0,-0.232123153845582,"ns",NA,0,0,NA,0.000000167631029057702,0.000000244150697881196,NA
27031,"Contra Costa",0.980171673865237,"Deer Valley",0,0,-0.320707199509341,"ns",NA,0,0,NA,NA,NA,NA
28108,"Contra Costa",6.52213058745508,"Las Trampas Wilderness Regional Preserve",3,4,-0.00377908119369858,"ns",NA,2,1,0.5,0.000000596875509017991,0.000000960555212259351,1
28112,"Alameda",18.255007812337,"Pleasanton Ridge Regional Park",1,6,0.039200596201481,"ns",NA,1,0,0,0.00000131559136207215,0.00000658876342640724,1
28121,"Contra Costa",0.592030249946814,"Briones Regional Park",0,0,-0.0518984345886502,"ns",NA,0,0,NA,NA,NA,NA
28123,"Contra Costa",3.0378563211105,"Crockett Hills Regional Park",0,0,-0.613815173298916,"cold",NA,0,0,NA,0.0000000997076128328445,0.000000232978095482395,NA
28142,"San Mateo",0.118190602702757,"Smith Field",0,0,-0.0702763864081652,"ns",NA,0,0,NA,0.00000000874762662306239,0.0000000142727660801256,NA
28207,"Sonoma",0.225592165533652,"Petaluma Urban Separator",0,4,-0.391574436040347,"ns",NA,0,0,NA,0.0000000000845739103749743,0.000000000433581781589254,0
28256,"Santa Cruz",12.9423198925866,"Swanton Pacific Ranch",5,13,-0.214406344712831,"ns",NA,4,1,0.25,0.000000000346920214777668,0.00000000672403865920046,1
28258,"Santa Cruz",7.85158109144892,"San Lorenzo Valley Water District",3,7,-0.320707199509341,"ns",NA,3,2,0.666666666666667,0.000000013227690054407,0.000000283417449509216,1
28268,"Santa Cruz",3.58010496365469,"Santa Cruz, City of - Closed Area",0,3,-0.228336063703473,"ns",NA,0,0,NA,0.0000000530963077949309,0.000000327289001234021,0
28279,"Santa Cruz",0.544672942190825,"Center For Natural Lands Management",1,3,-0.411787865433482,"ns",NA,0,0,NA,0.00000000011570455704657,0.000000000666101007684716,1
28288,"Sonoma",0.397432028174877,"Bear Canyon",0,0,-0.302990390376589,"ns",NA,0,0,NA,0.0000000749266817479111,0.000000100176706041566,NA
28296,"Santa Cruz",0.552640770815381,"Soquel Creek Watershed District Land",0,0,-0.302990390376589,"ns",NA,0,0,NA,0.000000134573141963301,0.000000282653388694598,NA
28305,"Solano",0.141602411619209,"Al Patch Park",0,0,-0.497382291243004,"cold",NA,0,0,NA,NA,NA,NA
28318,"San Francisco",0.387045185064348,"Farallon National Wildlife Refuge",0,0,-0.135945758410281,"cold",NA,0,0,NA,0.0000000000000000000000213421979172566,0.0000000000000000000000381354799116542,NA
28340,"Santa Clara",0.159296587526319,"Coyote Creek Park",0,0,-0.44251545962214,"ns",NA,0,0,NA,0.000000818219120901631,0.000000869143320869625,NA
29079,"Marin",0.112276572804358,"Mount Tamalpais State Park",0,9,0.100796627326489,"ns",NA,0,0,NA,0.0000004155895680924,0.000000417816949038752,0
29105,"San Mateo",1.61605967084483,"Bair Island Ecological Reserve",0,5,-0.409291245173099,"cold",NA,1,1,1,0.000000000465784077974263,0.00000000688816159666317,0
29118,"Santa Clara",2.80202159499109,"Bear Creek Redwoods Open Space Preserve",3,11,-0.212058503207202,"ns",NA,6,4,0.666666666666667,0.00000012135423332893,0.000000420027305381154,1
29127,"Napa",4.89056616989954,"Lake Hennessey",1,7,-0.356140817774844,"ns",NA,1,0,0,0.00000132868274249631,0.00000230700652537053,1
29128,"Contra Costa",3.50618929681763,"Sibley Volcanic Regional Preserve",2,12,-0.37203689532068,"ns",NA,2,0,0,0.00000299616067422903,0.00000933944102143869,1
29145,"Santa Clara",0.216215632299719,"Guadalupe River Park",0,8,-0.34061455495836,"ns",NA,0,0,NA,0.000000427238092015614,0.000000781557844220515,0
29159,"Solano",1.40183239229204,"Rolling Hills Open Space",0,2,-0.483145427748509,"ns",NA,0,0,NA,NA,NA,0
29160,"Solano",0.107726845417673,"Spyglass Open Space",0,0,-0.414808436476993,"ns",NA,0,0,NA,NA,NA,NA
29162,"Contra Costa",0.303425775997224,"Delta De Anza Regional Trail",0,0,-0.409291245173099,"cold",NA,0,0,NA,NA,NA,NA
29388,"Sonoma",3.95289009319041,"Saddle Mountain Open Space Preserve",1,5,-0.214406344712831,"ns",NA,1,0,0,0.000000149762740875303,0.0000014652782738267,1
29389,"Sonoma",0.634619670170452,"Healdsburg Ridge Open Space Preserve",0,6,-0.285273581243837,"ns",NA,0,0,NA,0.00000000539118749642853,0.00000000845470626842371,0
29405,"Contra Costa",0.277230364292303,"Carquinez Strait Regional Shoreline",0,0,-0.553435851586539,"ns",NA,0,0,NA,NA,NA,NA
29412,"Contra Costa",7.88899128329277,"Byron Vernal Pools Regional Preserve",0,1,-0.338424008642092,"ns",NA,0,0,NA,NA,NA,0
29415,"Contra Costa",0.151453747160686,"Briones/Las Trampas Trail",2,1,-0.315575573840522,"ns",NA,0,0,NA,NA,NA,1
29420,"Alameda",3.61460244431376,"Mission Peak Regional Preserve",2,11,0.494266020597236,"ns",NA,2,0,0,0.0000000624792590997458,0.000000189640843473171,1
29544,"Alameda",22.0248688944581,"Ohlone Regional Wilderness",1,8,1.46869052289858,"ns",NA,1,0,0,0.000000760124464704859,0.00000189321872312576,1
29545,"Alameda",11.8818229967893,"Sunol Regional Wilderness",33,14,1.32695604983656,"ns",NA,33,0,0,0.000000181361968998317,0.00000180825588813605,1
29556,"Contra Costa",0.648562276784077,"Carquinez Strait Regional Shoreline",0,0,-0.609467654260363,"cold",NA,0,0,NA,NA,NA,NA
29557,"Contra Costa",0.166742204113223,"BLM",0,0,1.06659437794797,"ns",NA,0,0,NA,NA,NA,NA
29584,"Santa Clara",3.29845050706549,"Saratoga Gap Open Space Preserve",0,2,0.450256909075984,"ns",NA,2,2,1,0.00000027183591555513,0.000000608641357757733,0
29585,"San Mateo",3.57378188937645,"Skyline Ridge Open Space Preserve",0,5,0.29264079275738,"ns",NA,0,0,NA,0.0000000947428659969773,0.000000373635685946283,0
29586,"Santa Clara",0.108001136007614,"Don Edwards National Wildlife Refuge",0,0,-0.391574436040347,"ns",NA,0,0,NA,0.0000000509442550367112,0.0000000646767261969217,NA
29590,"Sonoma",13.654529435629,"Sonoma Coast State Park",2,9,0.0336289831456925,"ns",NA,1,1,1,0.0000000723984143746748,0.000000878446201113547,1
29615,"Alameda",1.79840036031631,"Coyote Hills Regional Park",0,15,-0.409291245173099,"cold",NA,0,0,NA,0.0000000166357807529494,0.0000000908666493160126,0
29617,"Alameda",7.45682906282421,"Garin Regional Park",1,3,0.218127815434014,"ns",NA,0,0,NA,0.000000332697425164952,0.00000624172525931499,1
29629,"Contra Costa",8.71151133463738,"Morgan Territory Regional Preserve",1,0,0.122213028809451,"ns",NA,0,0,NA,NA,NA,1
29664,"Marin",0.259689628230044,"Vince Mulroy Memorial Woodland Nature Preserve",0,2,-0.598069602583841,"ns",NA,0,0,NA,NA,NA,0
29687,"Napa",7.60307288949583,"Spanish Valley Park",0,2,-0.452893046213247,"cold",NA,0,0,NA,NA,NA,0
29694,"Alameda",0.131107058955303,"McLaughlin Eastshore State Park",0,9,0.813168584986766,"ns",NA,0,0,NA,NA,NA,0
29753,"Contra Costa",1.81723955261605,"CNWS to Black Diamond",0,0,-0.381060271244823,"ns",NA,0,0,NA,NA,NA,NA
29756,"San Mateo",0.804034260412663,"Gregerson",2,1,0.644323020467972,"ns",NA,2,0,0,0.000000000000137101769282118,0.000000000000714744615489676,1
29761,"Marin",0.131395730587164,"Mill Valley/Sausalito Path",0,5,3.75943989361089,"ns",NA,0,0,NA,0.000000366573715382401,0.000000683258178924007,0
29767,"San Mateo",0.156505053772002,"Krvavica",0,0,0.0893992188005448,"ns",NA,0,0,NA,0.0000000000349732777460421,0.0000000000785691720017745,NA
29768,"San Mateo",0.606231011727832,"Sinnott",0,0,-0.112135748024677,"ns",NA,0,0,NA,0.00000000997330218410752,0.0000000365762780063505,NA
29771,"Sonoma",0.510369946886204,"Estero Americano Preserve",0,1,0.0336289831456925,"ns",NA,0,0,NA,0.00000110440942080459,0.00000172424574884644,0
29772,"Sonoma",0.107991178779604,"Lower Pitkin Marsh",0,0,-0.285273581243837,"ns",NA,0,0,NA,0.000000415538892184486,0.000000478469360132294,NA
29773,"Santa Clara",0.567758756866504,"Tulare Hill Land Bank",0,2,-0.326507581446372,"ns",NA,0,0,NA,0.00000000173257497237955,0.00000000422595691773608,0
29774,"Santa Clara",0.646083699028135,"Moody Gulch Land Bank",0,0,-0.123595854978823,"ns",NA,0,0,NA,0.0000000529252801584335,0.000000108109254881583,NA
29779,"Santa Clara",11.8830596955023,"Blue Oak Ranch Reserve",31,16,3.09863696311173,"ns",NA,31,0,0,0.00000297196766041452,0.0000136756680149119,1
29780,"Napa",2.80443452924199,"Crystal Flats",0,2,-0.409291245173099,"cold",NA,0,0,NA,NA,NA,0
29781,"Napa",0.885793196700959,"Stone Corral Park",0,0,-0.431623585835455,"cold",NA,0,0,NA,NA,NA,NA
29782,"Napa",0.127579960110316,"Trancas Crossing Park",0,5,-0.391574436040347,"ns",NA,0,0,NA,NA,NA,0
29784,"Sonoma",1.66642177303805,"Live Oaks Ranch",0,0,-0.232123153845582,"ns",NA,0,0,NA,0.000000789598004757863,0.00000144103034926957,NA
29785,"Napa",0.733350684462506,"Live Oaks Ranch",0,0,-0.232123153845582,"ns",NA,0,0,NA,0.000000310131952119264,0.000000693665356266138,NA
29800,"Santa Cruz",0.140732213266142,"Quail Hollow Quarry Conservation Areas",0,1,-0.340143865737531,"ns",NA,0,0,NA,0.00000000842422753777328,0.0000000119323599889753,0
31035,"Contra Costa",0.236360145423785,"Ridgeview Open Space",0,0,-0.286040232477184,"ns",NA,0,0,NA,NA,NA,NA
31201,"Santa Cruz",0.319143329826505,"Quail Hollow Quarry Conservation Areas",1,0,-0.29417787687615,"ns",NA,0,0,NA,0.0000000130780071216918,0.0000000342786279361462,1
31204,"Alameda",0.705416959280423,"Las Trampas Wilderness Regional Preserve",0,0,-0.0372382533853142,"ns",NA,0,0,NA,0.000000495105268782936,0.000000596235679495294,NA
31205,"Solano",7.60196196476525,"Wilcox Ranch",0,0,-0.409291245173099,"cold",NA,0,0,NA,NA,NA,NA
31207,"Santa Clara",0.473211030588516,"Tulare Hill",0,4,0.0174251879483409,"ns",NA,0,0,NA,0.000000000278865208702683,0.00000000123507537530543,0
34900,"Contra Costa",0.462963641705766,"Mokelumne Trail",0,0,-0.409291245173099,"cold",NA,0,0,NA,NA,NA,NA
34926,"Santa Clara",2.55216735184791,"Bear Creek Redwoods Open Space Preserve",7,7,-0.079292842933816,"ns",NA,7,0,0,0.000000128731670656634,0.000000423378253344708,1
34960,"Santa Clara",0.354805493577484,"Heintz Open Space",3,9,0.0924596255962048,"ns",NA,3,0,0,0.00000000684934864381148,0.0000000176412928709624,1
34961,"Santa Clara",0.235843636086544,"Santa Rosa Open Space",1,7,0.0491260473963935,"ns",NA,1,0,0,0.00000000197481164754265,0.00000000512070430502831,1
34999,"Napa",2.53662905790022,"Newell Open Space Preserve",0,3,-0.42081347728328,"ns",NA,0,0,NA,0.000000500808198466984,0.000000766014181863284,0
35002,"Alameda",1.98431101524808,"Doolan Canyon Regional Preserve",0,0,-0.409291245173099,"cold",NA,0,0,NA,NA,NA,NA
35003,"Contra Costa",0.167126936905101,"Oak Hill Lane",0,0,-0.267556772111086,"ns",NA,0,0,NA,NA,NA,NA
35010,"Contra Costa",1.14911556830985,"Doolan Canyon Regional Preserve",0,1,-0.409291245173099,"cold",NA,0,0,NA,NA,NA,0
35027,"Contra Costa",0.718851785118118,"Viera-North Peak",0,0,-0.267556772111086,"ns",NA,0,0,NA,NA,NA,NA
35030,"Contra Costa",0.868562520602304,"Mangini Ranch",0,3,1.09291273672053,"ns",NA,1,1,1,NA,NA,0
35041,"Santa Clara",0.158656730372336,"El Torro Preserve",0,0,-0.266982169388674,"ns",NA,0,0,NA,0.0000000000000000000000263306639810612,0.0000000000000000000000633694994389915,NA
35054,"Sonoma",12.4562984475665,"San Pablo Bay National Wildlife Refuge",0,3,-0.391574436040347,"ns",NA,0,0,NA,0.000000118906370971672,0.000000336771137199321,0
35057,"Santa Clara",0.389139968164352,"Silicon Valley Land Conservancy",0,0,-0.103833617675147,"ns",NA,0,0,NA,0.0000000324733520074005,0.0000000578443817289553,NA
35058,"San Mateo",0.354115705328369,"El Corte de Madera Creek Open Space Preserve",0,3,0.104496219676699,"ns",NA,0,0,NA,0.0000000776968818172463,0.000000201281039835521,0
35074,"Contra Costa",3.27467836315366,"Lafayette Reservoir",2,11,-0.115767297030944,"ns",NA,0,0,NA,0.0000148454428199329,0.0000148454419104382,1
35076,"Solano",0.121414067342322,"Alpine Open Space",1,0,-0.534105749969905,"cold",NA,1,0,0,NA,NA,1
35092,"San Francisco",0.236626154270902,"Fort Mason",0,10,-0.409291245173099,"cold",NA,0,0,NA,0.00000160584022523835,0.00000197771987586748,0
35095,"San Francisco",0.188993992559161,"Baker Beach",0,13,-0.409291245173099,"cold",NA,0,0,NA,0.00000102981300642568,0.00000181612108463014,0
35097,"San Francisco",0.344598047999825,"Crissy Field",0,11,-0.409291245173099,"cold",NA,0,0,NA,0.00000425178768637124,0.00000506956712342799,0
35102,"Marin",2.56142048277642,"Hamilton Wetlands",0,6,-0.585509559433846,"ns",NA,0,0,NA,NA,NA,0
35104,"Solano",2.67503130004731,"Meins Landing",0,1,-0.409291245173099,"cold",NA,0,0,NA,NA,NA,0
35110,"Contra Costa",4.79267706914274,"Dutch Slough",0,6,-0.409291245173099,"cold",NA,0,0,NA,NA,NA,0
35111,"Solano",2.39797864714128,"Stebbins Cold Canyon Reserve",0,3,-0.494117771120946,"ns",NA,0,0,NA,NA,NA,0
35113,"Contra Costa",0.154348749783995,"Mount Diablo Gateway",0,3,1.24666544214221,"ns",NA,0,0,NA,NA,NA,0
35115,"Marin",0.101137227816361,"San Geronimo Ridge Acq",0,0,-0.179396345458525,"ns",NA,0,0,NA,0.000000380647094289088,0.000000390261078564436,NA
35116,"Solano",6.05573184183562,"Patwino Worrtla Kodoi Dihi Open Space Park",0,4,-0.338424008642092,"ns",NA,0,0,NA,NA,NA,0
35121,"Alameda",0.135247588426749,"Niles Community Park",0,7,-0.334968879961836,"ns",NA,0,0,NA,0.0000000507504083202548,0.0000000865799805183087,0
35125,"San Mateo",1.45157684283183,"Long Ridge Open Space Preserve",0,0,-0.0402974028833532,"ns",NA,0,0,NA,0.000000366261815543112,0.000000757185205202404,NA
35146,"Sonoma",2.18612133268258,"Bohemia Ecological Preserve",0,5,-0.338424008642092,"ns",NA,0,0,NA,0.00000036671048064818,0.00000102605758911523,0
35157,"Sonoma",0.456984157874469,"Petaluma Marsh Acquisition, Enhancement and Access",0,3,-0.409291245173099,"cold",NA,0,0,NA,0.00000000000893325691198044,0.0000000000260723751616121,0
35364,"Santa Cruz",0.28612970808358,"Unnamed Site - Scotts Valley, City of",0,2,0.428013835899146,"ns",NA,0,0,NA,0.0000000000026192943213682,0.0000000000188715570947906,0
35477,"Napa",0.6948965624943,"Unnamed site - California Department of General Services",0,0,-0.511619154737498,"cold",NA,0,0,NA,0.0000000245158027212256,0.0000000486078945982626,NA
35702,"Napa",0.481795564461277,"Unnamed site - California Department of General Services",0,0,-0.511619154737498,"cold",NA,0,0,NA,0.0000000468630680927618,0.000000102997262274585,NA
35709,"Napa",0.233136296486043,"Unnamed site - California Department of General Services",0,0,-0.409291245173099,"cold",NA,0,0,NA,0.0000000863448050836269,0.000000858352052546252,NA
35922,"Napa",0.177401285722475,"Unnamed site - Napa, City of",0,0,-0.320707199509341,"ns",NA,0,0,NA,0.000000279283796089658,0.000000677716968766617,NA
35999,"Santa Cruz",2.78798693170704,"Sierra Azul Open Space Preserve",1,3,-0.320707199509341,"ns",NA,0,0,NA,0.0000000311253849361037,0.000000092487468350555,1
36254,"Marin",0.760572292085668,"Petaluma Marsh",0,0,-0.373857626907596,"ns",NA,0,0,NA,NA,NA,NA
36351,"Contra Costa",0.109003969771536,"City Park",0,0,-0.409291245173099,"cold",NA,0,0,NA,NA,NA,NA
36504,"Santa Cruz",0.779240539279265,"City Open Space",0,4,-0.213026644175449,"ns",NA,0,0,NA,0.000000000000000000271720042429661,0.00000000000000000166887741767575,0
36505,"Santa Cruz",0.945914598219723,"Unnamed site - Watsonville, City of",0,4,-0.373857626907596,"ns",NA,0,0,NA,0.0000000227887522186165,0.000000193498294720484,0
36536,"Santa Clara",1.17057512470697,"Unnamed Site - Morgan Hill, City of",0,3,-0.280287241609297,"ns",NA,0,0,NA,0.0000000000137297308938633,0.000000000433367230989745,0
36628,"Santa Cruz",0.27868578927932,"City Open Space",0,0,-0.227422300301532,"ns",NA,0,0,NA,0.0000000000000000000666211265350208,0.000000000000000000139083298492705,NA
36638,"Santa Clara",0.120770795915536,"Morgan Hill Community Park",0,1,-0.254608000101347,"ns",NA,0,0,NA,0.0000000000000000000000540705269951038,0.0000000000000000000000649710890249819,0
36695,"Santa Clara",0.462769474673684,"Stevens Creek County Park",5,7,0.220777901316076,"ns",NA,5,0,0,0.000000313868241619275,0.00000065642336721794,1
36697,"Santa Clara",0.327307806960599,"Vasona Lake County Park",4,13,-0.180216710308521,"ns",NA,0,0,NA,0.00000000192357796358067,0.00000000305446890003225,1
36698,"Santa Clara",0.244422899231531,"Los Gatos Creek Park",0,8,-0.108105489916321,"ns",NA,0,0,NA,0.0000000763572316486716,0.000000102552185410332,0
36699,"Santa Clara",0.184872686872025,"Los Gatos Creek Trail",0,11,-0.409291245173099,"cold",NA,0,0,NA,0.000000120258249580729,0.000000243596730342688,0
37025,"Napa",0.157620886281396,"Stebbins Cold Canyon Reserve",0,0,-0.45467170075952,"ns",NA,0,0,NA,NA,NA,NA
37026,"Santa Clara",10.3940930102439,"Mount Madonna County Park",1,13,-0.373857626907596,"ns",NA,2,1,0.5,0.0000000520085485788968,0.000000121668733754632,1
38000,"Santa Clara",1.45337956518974,"Sunnyvale Baylands Park",0,10,-0.409291245173099,"cold",NA,0,0,NA,0.0000000360620333594852,0.000000121145276921197,0
38013,"Santa Clara",0.171836705899581,"Ulistac Natural Area",0,14,-0.285273581243837,"ns",NA,0,0,NA,0.000000000770618346912499,0.00000000115430087710422,0
38031,"Santa Clara",0.266337899072533,"Sierra Vista Open Space Preserve",0,0,1.78759308728811,"ns",NA,0,0,NA,0.0000000000358703448888331,0.000000000128723587344837,NA
38032,"Santa Clara",1.45285521233397,"Seven Oaks Hill",0,0,-0.478019951338883,"ns",NA,0,0,NA,0.00000000000000462830279676185,0.000000000000161794311130149,NA
38037,"Santa Cruz",0.333313081350014,"Lachenbruch",0,0,0.224629875382041,"ns",NA,0,0,NA,0.00000000143873124525129,0.00000000339442340901996,NA
42002,"Santa Cruz",33.1318558569776,"San Vicente Redwoods",1,12,-0.302990390376589,"ns",NA,3,2,0.666666666666667,0.0000000000000215676645108891,0.00000000000487645427510452,1
43096,"Napa",0.161948169733845,"Unnamed site - California Department of General Services",0,0,-0.492787622020552,"cold",NA,0,0,NA,0.0000000657763052913651,0.00000012069308752416,NA
43105,"San Mateo",0.123965563730097,"La Honda Creek Open Space Preserve",0,0,-0.0372382533853142,"ns",NA,0,0,NA,0.0000000895278020607293,0.000000100445362249957,NA
43107,"Alameda",0.431095893556791,"Cull Canyon Regional Recreation Area",1,4,-0.164176925843537,"ns",NA,0,0,NA,0.000000631479565527115,0.00000085075316746952,1
44005,"Napa",0.648523392059268,"Alston Park",1,3,-0.391574436040347,"cold",NA,1,0,0,0.000000153298884697506,0.000000182312476226798,1
44307,"Napa",0.263487179624364,"United States Bureau of Reclamation",0,0,-0.452893046213247,"cold",NA,0,0,NA,NA,NA,NA
44308,"Napa",0.960168831810665,"United States Bureau of Reclamation",0,1,-0.452893046213247,"cold",NA,0,0,NA,NA,NA,0
44309,"Napa",0.835875806305504,"United States Bureau of Reclamation",0,0,-0.409291245173099,"cold",NA,0,0,NA,NA,NA,NA
44410,"San Mateo",1.42171536952403,"Alpine Ranch",0,1,0.228697746976222,"ns",NA,0,0,NA,0.0000000211377102488086,0.0000000594155160626997,0
44413,"San Mateo",0.647050054828476,"Butano Crest West",0,0,-0.0757242462723633,"ns",NA,0,0,NA,0.000000000695703716857565,0.00000000277931722081348,NA
44457,"San Mateo",0.107820190160519,"Cowell-Purisima Coastal Trail",1,3,-0.244375848168457,"ns",NA,1,0,0,0.000000000855477466643606,0.00000000622111873127551,1
44493,"Sonoma",5.48221705264759,"San Pablo Bay National Wildlife Refuge",0,2,-0.409291245173099,"cold",NA,0,0,NA,0.000000165721502298766,0.00000036864105368295,0
44529,"Santa Clara",0.197905590821938,"Coyote Creek Parkchain",0,2,-0.436853261748263,"ns",NA,0,0,NA,0.000000426490743166141,0.000000562298907880177,0
44702,"Mendocino",0.1453742610325,"Gualala River Forest",0,0,-0.373857626907596,"ns",NA,0,0,NA,NA,NA,NA
44706,"Contra Costa",4.14004774234541,"Curry Canyon Ranch",4,8,-0.0372382533853142,"ns",NA,4,0,0,NA,NA,1
44708,"Contra Costa",0.421169587774266,"Highland Springs",0,0,0.0336289831456925,"ns",NA,0,0,NA,NA,NA,NA
44709,"Contra Costa",1.11231623320566,"Morgan Territory",0,0,-0.267556772111086,"ns",NA,0,0,NA,NA,NA,NA
44716,"Contra Costa",1.75636284214338,"City of Clayton Open Space",0,1,-0.315575573840522,"ns",NA,0,0,NA,NA,NA,0
44755,"Sonoma",2.17407065380454,"California State Lands Commission",10,0,0.393670394954824,"hot","occ_hot_effort_not_TRUSTED",0,0,NA,NA,NA,1
44758,"Napa",0.259524395940287,"California State Lands Commission",0,0,-0.409291245173099,"cold",NA,0,0,NA,0.000000105873958489155,0.000000136153673224726,NA
44803,"Santa Clara",0.395465194043915,"Gonzales Farm",0,0,-0.356140817774844,"ns",NA,0,0,NA,0.0000000000000000195623218697891,0.000000000000000831223712568509,NA
44916,"Solano",0.337678676044475,"Mare Island Shoreline Heritage Preserve",0,2,-0.409291245173099,"cold",NA,0,0,NA,0.0000000947249603200362,0.000000130312130863786,0
44917,"Sonoma",1.00431818413377,"Lakeville Property",0,0,-0.457879256716469,"ns",NA,0,0,NA,NA,NA,NA
44925,"Santa Clara",1.05711428113101,"Triple Buck Ranch",1,0,-0.42081347728328,"ns",NA,1,0,0,0.0000000383318905505803,0.0000000782055664672043,1
44926,"Napa",3.81596377066134,"USBR",0,1,-0.409291245173099,"cold",NA,0,0,NA,NA,NA,0
44934,"San Mateo",3.19377706851425,"Scarper Ridge",1,4,0.47931236603761,"ns",NA,1,0,0,0.00000000000000199166964997698,0.0000000000000348830292179903,1
44956,"Contra Costa",0.493870606290448,"Mulholland Open Space Preserve",0,2,-0.302620395115828,"ns",NA,0,0,NA,0.00000578755907554296,0.00000726568532627425,0
44957,"Contra Costa",0.45745374365478,"Mulholland Open Space Preserve",0,0,-0.312696245627107,"ns",NA,0,0,NA,0.0000103035335996537,0.0000145434778460185,NA
44959,"Sonoma",79.3640801871935,"Buckeye Forest",0,2,-0.135945758410281,"cold",NA,0,0,NA,0.0000000253297471886071,0.000000304299078379699,0
45113,"Solano",6.21647171421994,"Prospect Island",0,1,-0.409291245173099,"cold",NA,0,0,NA,NA,NA,0
45281,"Marin",4.09044534494691,"Martin Griffin Preserve",3,13,9.76015719702636,"hot","occ_hot_effort_not_TRUSTED",1,0,0,0.00000000713595360579689,0.0000000452152839613973,1
45286,"Santa Cruz",2.35302171457217,"Star Creek Ranch",0,8,-0.373857626907596,"ns",NA,0,0,NA,0.000000000611650563531185,0.00000000354619911213661,0
45300,"San Mateo",0.447566489670841,"Mori Point",1,14,-0.112135748024677,"ns",NA,1,0,0,0.00000000000133527791688209,0.0000000000112081706762912,1
45337,"Alameda",0.575921060997707,"Dublin Hills Regional Park",0,0,-0.29417787687615,"ns",NA,0,0,NA,0.0000000902206167552322,0.000000182793627345745,NA
45369,"Santa Clara",0.430747844086157,"Dennis Debell Uvas Creek Preserve",0,4,-0.391574436040347,"ns",NA,0,0,NA,0.000000000000000000000911853534240341,0.0000000000000000000111352275252018,0
45370,"Santa Clara",0.278460859667957,"Christmas Hill Park",0,1,-0.391574436040347,"ns",NA,0,0,NA,0.0000000000000000000000000060223028174132,0.00000000000000000000000133536697706389,0
45375,"Contra Costa",1.39414480045317,"Diablo Foothills Regional Park",5,7,1.34158549560343,"ns",NA,5,0,0,NA,NA,1
45382,"Napa",5.51445205259527,"Sutro Ranch",0,0,-0.409291245173099,"cold",NA,0,0,NA,NA,NA,NA
45390,"Santa Clara",0.71821954420308,"Hellyer County Park",0,10,-0.338424008642092,"ns",NA,0,0,NA,0.000000269923390305848,0.000000334985912786578,0
45401,"Santa Clara",2.42364158053537,"Star Creek Ranch",0,8,-0.373857626907596,"ns",NA,0,0,NA,0.000000000377575887222648,0.00000000246994513730669,0
45422,"Napa",0.158389167408705,"Randy Lee Johnson Donation",0,0,-0.529813775222861,"cold",NA,0,0,NA,0.00000000511147257853395,0.0000000056291127314978,NA
45467,"San Mateo",1.14793143327822,"Burns Valley",2,3,-0.143539108181824,"ns",NA,1,0,0,0.000000153247952994207,0.000000239676182900439,1
45518,"Santa Clara",0.877891626358974,"Upper Penitencia Creek Property",0,0,2.05334522427938,"ns",NA,0,0,NA,0.0000000810334626066833,0.000000421542182493795,NA
45655,"Santa Clara",0.155589702360004,"San Pedro Ponds Park",0,3,-0.1826665377055,"ns",NA,0,0,NA,0.000000000000000203893747656556,0.000000000000000312573739322117,0
45720,"Contra Costa",0.844798097866602,"Lime Ridge Open Space",3,6,-0.291863716708654,"ns",NA,2,0,0,NA,NA,1
45940,"Alameda",4.1730390753786,"Hill Face Open Space City of Fremont",1,2,0.494266020597236,"ns",NA,0,0,NA,0.0000000768572263609713,0.000000124813269053448,1
46017,"Alameda",0.126747924977183,"Crown Memorial Regional Shoreline",0,7,-0.452893046213247,"cold",NA,0,0,NA,NA,NA,0
46803,"Santa Clara",9.34409494984529,"Coyote Canyon",0,1,-0.214406344712831,"ns",NA,0,0,NA,0.00000000021916642112263,0.00000000466846428182066,0
46805,"Santa Clara",1.89697447470344,"Coyote Highlands",0,0,-0.280287241609297,"ns",NA,0,0,NA,0.00000000000119127537695496,0.0000000000315076506551826,NA
46842,"Contra Costa",13.9562766137808,"Deer Valley Regional Park",0,1,-0.280287241609297,"ns",NA,0,0,NA,NA,NA,0
46880,"Contra Costa",1.45304082969748,"Wildcat Canyon Regional Park",0,1,0.928776832921161,"ns",NA,0,0,NA,0.00000000000222017868499458,0.0000000000209470722017935,0
46886,"Sonoma",0.962589781288356,"Pole Mountain",0,0,0.458832402331732,"ns",NA,0,0,NA,0.000000000883426276576671,0.00000000392257293313492,NA
46888,"Contra Costa",0.142227346028731,"Unnamed site - Concord, City of",0,0,-0.426197973770531,"ns",NA,0,0,NA,NA,NA,NA
46890,"San Mateo",0.39365255500873,"Devil's Slide Trail",0,9,-0.0903886807835692,"ns",NA,0,0,NA,0.000000000000363580530699653,0.00000000000383555166794114,0
46894,"San Mateo",1.79579858319756,"Quarry Park",1,4,0.52553380615077,"ns",NA,0,0,NA,0.000000000000861782704659336,0.0000000000238402960567319,1
46918,"San Mateo",0.409148529601967,"Carlsen Property",0,0,-0.108828184297154,"ns",NA,0,0,NA,0.000000000630726748607202,0.000000000646591780117944,NA
46919,"San Mateo",0.234419927027445,"Mohr",0,1,-0.409291245173099,"cold",NA,0,0,NA,0.000000000683147372004811,0.00000000114840970066865,0
46924,"San Mateo",0.110384331065514,"Ocean View Farms",0,1,0.0337622503020643,"ns",NA,0,0,NA,0.00000000179974291025786,0.00000000725740356699589,0
46925,"San Mateo",0.421949371930113,"Ross Property",0,1,-0.409291245173099,"cold",NA,0,0,NA,0.000000000166161973069734,0.000000000288894463906786,0
46936,"Solano",3.34414286688099,"Bradmoor Island",0,0,-0.409291245173099,"cold",NA,0,0,NA,NA,NA,NA
46942,"Alameda",0.468059782359793,"Clifton Court Forebay",0,0,-0.391574436040347,"ns",NA,0,0,NA,NA,NA,NA
46947,"Alameda",0.658265871996957,"Brushy Peak Regional Preserve",0,1,-0.411787865433482,"ns",NA,0,0,NA,NA,NA,0
46954,"Contra Costa",0.638525056146408,"Carquinez Strait Regional Shoreline",0,4,-0.624967726175649,"cold",NA,0,0,NA,NA,NA,0
46955,"Contra Costa",1.05019941870214,"Briones Regional Park",1,2,-0.381506620729925,"ns",NA,1,0,0,NA,NA,1
46956,"Alameda",0.330015840497479,"Del Valle Regional Park",0,0,0.582850066260994,"ns",NA,0,0,NA,NA,NA,NA
46957,"Contra Costa",2.48264786775517,"Bishop Ranch Regional Open Space Preserve",0,1,-0.396424068339152,"ns",NA,0,0,NA,0.000000214348062854697,0.000000517390787990735,0
46962,"Alameda",3.47413224412563,"Sunol Regional Wilderness",0,1,1.32695604983656,"ns",NA,0,0,NA,0.000000139247362085371,0.000000223175405267284,0
46968,"Alameda",0.827327393567042,"Quarry Lakes Regional Recreation Area",0,6,-0.334968879961836,"ns",NA,0,0,NA,0.00000015466211777948,0.000000245177801616592,0
46973,"Alameda",14.5943707923898,"Ohlone Regional Wilderness",0,2,1.6812922324916,"ns",NA,0,0,NA,0.00000204712250706507,0.0000032171897146327,0
46977,"Santa Clara",0.554652377824371,"Martial Cottle Park",0,10,-0.246656942892373,"ns",NA,0,0,NA,0.0000000516665608074618,0.0000000996377877982013,0
46978,"Santa Clara",0.608862524899831,"Martial Cottle Park",0,10,-0.249839962978334,"ns",NA,0,0,NA,0.0000000739266141636108,0.000000131601481712096,0
46980,"Contra Costa",0.231158875752784,"San Pablo Bay Regional Shoreline",0,2,0.0159121740129408,"ns",NA,0,0,NA,0.0000000307937852994655,0.0000000467582879082329,0
46989,"Contra Costa",14.1609277015882,"Vasco Hills Regional Preserve",0,2,-0.285273581243837,"ns",NA,0,0,NA,NA,NA,0
46990,"Alameda",1.1803011001945,"Coyote Hills Regional Park",0,12,-0.431623585835455,"cold",NA,0,0,NA,0.00000000357935769912388,0.00000000899323904235416,0
46991,"Contra Costa",0.369033225941643,"Crockett Hills Regional Park",0,0,-0.468908564254015,"ns",NA,0,0,NA,0.0000000854869455224616,0.000000122192673757127,NA
46992,"Alameda",3.16991802965074,"Vargas Plateau Regional Park",1,7,-0.213026644175449,"ns",NA,1,0,0,0.0000000209218420366142,0.0000000750723359033145,1
46993,"Contra Costa",0.188006386055807,"Diablo Foothills Regional Park",0,2,1.31867060336521,"ns",NA,0,0,NA,NA,NA,0
46995,"Contra Costa",4.01894810142299,"Delta Access Regional Recreation Area",0,0,-0.409291245173099,"cold",NA,0,0,NA,NA,NA,NA
47046,"Santa Clara",0.143195998348346,"Morgan Hill Outdoor Sports Center",0,0,-0.197434208387169,"ns",NA,0,0,NA,0.0000000000000000000984377563798208,0.000000000000000000382849767322812,NA
47060,"Napa",0.742037780417712,"Sugarloaf Ridge State Park",0,1,-0.161255917314576,"ns",NA,6,6,1,0.000000315692233243681,0.000000485855366605392,0
47062,"Santa Clara",6.30295981746993,"Rancho Canada de Pala",0,2,2.05334522427938,"ns",NA,0,0,NA,0.00000203317404157133,0.0000117439121822827,0
47068,"Alameda",2.542679504226,"Bethany Reservoir State Recreation Area",0,3,-0.373857626907596,"ns",NA,0,0,NA,NA,NA,0
47072,"Santa Clara",3.55584553760388,"Coyote Creek Parkway",2,12,-0.178972726447328,"ns",NA,2,0,0,0.00000000213228834589074,0.00000006922214623728,1
47073,"Santa Clara",0.259281122370927,"Gilroy Sports Park",1,0,-0.391574436040347,"cold",NA,0,0,NA,0.00000000000000000000000417337316690223,0.0000000000000000000000232295428998324,1
47085,"Santa Clara",1.14420338659509,"Pajaro River Agricultural Preserve",0,1,-0.356140817774844,"ns",NA,0,0,NA,0.000000000000000748059317889563,0.00000000000000697959849570401,0
47114,"San Mateo",8.78128032040541,"Tunitas Creek Open Space Preserve",4,7,-0.214406344712831,"ns",NA,1,1,1,0.000000211953263828946,0.000000842950726109848,1
47140,"Alameda",0.163416645412706,"Pacific Commons Sports Park",0,4,-0.214406344712831,"ns",NA,0,0,NA,0.000000000000080767539195354,0.000000000000515745974573323,0
47141,"Alameda",0.149588344244494,"Isherwood Park",0,2,-0.374646256567199,"ns",NA,0,0,NA,0.000000167227398151226,0.000000180753588097105,0
47147,"Alameda",0.448866504193077,"Sabercat Historic Park",9,8,-0.0726718716508175,"ns",NA,7,0,0,0.0000000265423576450985,0.0000000885607747136419,1
47200,"Marin",0.130845139148185,"Reservoir Hill",0,5,-0.616972381184798,"ns",NA,0,0,NA,NA,NA,0
47229,"San Mateo",0.33176295314075,"Crestmoor Canyon",0,3,-0.196689535580079,"ns",NA,0,0,NA,0.00000000000000276455185072098,0.000000000000073325711008685,0
47230,"San Mateo",0.162931746484398,"Bay Marshes Open Space",0,3,-0.338424008642092,"ns",NA,0,0,NA,0.0000000000101032715180138,0.0000000000365532361323861,0
47292,"Solano",0.192338844058997,"Cordelia Community Park",0,0,-0.320707199509341,"ns",NA,0,0,NA,NA,NA,NA
47344,"Sonoma",2.17554745531562,"North Sonoma Mountain Regional Park and Open Space Preserve",0,12,-0.125822299049072,"ns",NA,0,0,NA,0.000000710678875748272,0.00000121315304113523,0
47346,"Sonoma",1.10330290382205,"North Sonoma Mountain Regional Park and Open Space Preserve",0,1,0.0159121740129408,"ns",NA,0,0,NA,0.000000535366211806831,0.000000913507960831339,0
47347,"Sonoma",0.272954499384761,"Auberge Ceanothus Preserve",0,0,0.072830894918405,"ns",NA,1,1,1,0.000000138383271064413,0.000000182425154093835,NA
47457,"San Mateo",0.379616452857683,"Pebble Beach Farm",0,0,0.246230692738712,"ns",NA,0,0,NA,0.0000000000106492982834827,0.0000000000370670022453723,NA
47512,"San Mateo",2.67129691294,"Año Nuevo State Park",14,17,0.600566875393746,"ns",NA,13,0,0,0.0000000000265266385246488,0.000000000579464809469243,1
47513,"San Mateo",1.74524345674635,"Cascade Ranch",2,5,0.423398784066229,"ns",NA,2,0,0,0.00000000151266466019706,0.00000000980710179732114,1
47514,"San Francisco",0.197250932838692,"Candlestick Point State Recreation Area",0,11,-0.373857626907596,"ns",NA,0,0,NA,0.000000000214485332272751,0.00000000131786537238554,0
47518,"Solano",0.644454327199698,"Grizzly Island Wildlife Area",0,0,-0.409291245173099,"cold",NA,0,0,NA,NA,NA,NA
47526,"Napa",24.3340343731586,"Cedar Roughs Area of Critical Environmental Concern",0,0,-0.373857626907596,"ns",NA,0,0,NA,NA,NA,NA
47527,"Alameda",15.6709403090233,"Lake Del Valle State Recreation Area",22,14,0.547416447995491,"ns",NA,22,0,0,0.000000161490163463895,0.000000607428773946594,1
47537,"Contra Costa",0.400072263523537,"Hillside Natural Area",0,8,1.12459184399943,"ns",NA,0,0,NA,0.0000000000000000280296337874575,0.000000000000000518514765612187,0
47544,"Sonoma",0.314681850564969,"Oken",0,0,-0.0903886807835692,"ns",NA,0,0,NA,0.0000000240291733177855,0.0000000486831090995565,NA
47546,"Sonoma",0.117778224524257,"Ho",0,0,0.104496219676699,"ns",NA,0,0,NA,0.00000000179670667233012,0.00000000336006489298768,NA
47547,"Sonoma",0.182068669039337,"Young-Armos",0,0,-0.0903886807835692,"ns",NA,0,0,NA,0.00000000197654359546107,0.00000000751890727457294,NA
47551,"Sonoma",4.5839167722425,"Taylor Mountain Regional Park and Open Space Preserve",6,13,0.246230692738712,"ns",NA,6,0,0,0.000000154372358451837,0.0000006975193400649,1
47552,"Sonoma",5.3054582843032,"Wright Hill (Poff) Ranch Preserve",2,1,0.104496219676699,"ns",NA,1,0,0,0.0000000428468496238565,0.000000406249881734766,1
47580,"Sonoma",22.6780040668215,"Jenner Headlands Preserve",20,8,0.387965165800726,"ns",NA,20,0,0,0.000000000549034651076141,0.000000022153427536864,1
47610,"Contra Costa",0.672025835685775,"Bay Area Ridge Trail Land Bank",0,2,0.532240352669009,"ns",NA,0,0,NA,0.00000000107098574453346,0.00000000245858067238203,0
47646,"Santa Clara",0.144626715597054,"Alamitos Creek Parkchain",0,5,0.156672627056698,"ns",NA,0,0,NA,0.000000358807454858834,0.000000451224195785471,0
47650,"Santa Clara",0.605383580300143,"Guadalupe Creek Parkchain",2,6,-0.116057572448586,"ns",NA,2,0,0,0.0000000612560953072716,0.000000132184666767898,1
47666,"Napa",1.59226938251796,"Archer Taylor Preserve",0,0,-0.356140817774844,"ns",NA,1,1,1,0.000000583777307383571,0.000000843935765715287,NA
47675,"Napa",2.83447544898665,"Suscol Headwaters Preserve",0,1,-0.267556772111086,"ns",NA,0,0,NA,NA,NA,0
47680,"Napa",1.2557956077822,"Berryessa Vista Wilderness Park",0,0,-0.409291245173099,"cold",NA,0,0,NA,NA,NA,NA
47684,"Napa",0.496946645478245,"Okin",0,0,-0.356140817774844,"ns",NA,0,0,NA,0.000000476143213745672,0.000000651634763926268,NA
47687,"Napa",0.894750818004916,"Mayacamas Preserve",0,1,-0.356654339423344,"ns",NA,0,0,NA,0.000000263143448364644,0.00000040417890545541,0
47697,"Santa Clara",0.756555203711297,"Foothills Open Space Preserve",2,6,0.877919642578996,"ns",NA,2,0,0,0.00000239313658312312,0.00000489734611619497,1
47698,"Santa Clara",0.151696246133586,"Foothills Open Space Preserve",0,0,0.970429266424973,"ns",NA,0,0,NA,0.00000377808646589983,0.0000059185213103774,NA
47702,"Marin",0.944608080012625,"Old Saint Hilary's Open Space Preserve",0,6,-0.373857626907596,"ns",NA,0,0,NA,0.000000000160833318885167,0.00000000161497148987166,0
47718,"San Mateo",0.346767482645673,"Windy Hill Open Space Preserve",1,4,0.599807488496533,"ns",NA,1,0,0,0.0000059676899581973,0.00000881598862179089,1
47722,"Marin",0.208030120699653,"Horse Hill Open Space Preserve",0,1,3.04158569116032,"ns",NA,0,0,NA,0.0000000566306113114479,0.0000000884061250872037,0
47750,"Santa Cruz",0.191135617252198,"Santa Cruz Riverwalk",0,13,0.667331346555723,"ns",NA,0,0,NA,NA,NA,0
47761,"Santa Clara",7.40899885016472,"Coyote Ridge Open Space Preserve",0,9,-0.355165447113572,"ns",NA,1,1,1,0.0000000718066175409149,0.000000178649301574296,0
47762,"Santa Clara",1.42602730715705,"Coyote Valley Open Space Preserve",12,12,-0.0602775206239264,"ns",NA,12,0,0,0.000000000000192048024076456,0.00000000000350969665656453,1
47764,"Santa Clara",1.11697442539424,"Little Uvas Preserve",0,8,-0.463252280657214,"ns",NA,0,0,NA,0.0000000000100363137939263,0.0000000000666541613569827,0
47765,"Santa Clara",2.23574042983343,"Mount Chual Preserve",0,3,0.228513883605961,"ns",NA,0,0,NA,0.000000000205176792222872,0.00000000290585489004513,0
47775,"Santa Clara",17.6966781449349,"Rancho Cañada del Oro Open Space Preserve",1,10,0.216060570699567,"ns",NA,1,0,0,0.00000000889925377833833,0.000000124904744325249,1
47776,"Santa Clara",0.249616160330948,"Santa Teresa Foothills Open Space Preserve",1,2,0.125945032868039,"ns",NA,0,0,NA,0.000000158726791710251,0.000000239551951608519,1
47777,"Santa Clara",2.23798541787172,"Coyote Ridge",0,1,-0.219015242958924,"ns",NA,0,0,NA,0.0000000165646962813071,0.0000000450306245625143,0
47778,"Santa Clara",3.76425403660688,"Coyote Ridge Property",0,1,-0.214201919178231,"ns",NA,0,0,NA,0.0000000244983038300006,0.0000000944815354841921,0
47797,"Contra Costa",0.388178648379166,"Anderson Ranch",1,1,-0.267556772111086,"ns",NA,0,0,NA,NA,NA,1
47799,"Marin",0.651732062477804,"San Geronimo County Park",0,6,-0.179396345458525,"ns",NA,0,0,NA,0.000000466930003995003,0.000000725637733012263,0
47809,"San Mateo",0.204301623905266,"Tunitas Creek Beach",0,2,-0.249839962978334,"ns",NA,0,0,NA,0.000000000884351925023452,0.00000000162661240032946,0
47844,"Sonoma",0.100740104347767,"Petaluma Community Sports Fields",0,0,-0.409291245173099,"cold",NA,0,0,NA,0.00000000859138626907452,0.0000000120070637876779,NA
47847,"Sonoma",0.168776367977992,"Santa Rosa Creek Redwoods",0,0,-0.364362988401607,"ns",NA,1,1,1,0.0000000579143843992824,0.0000000668366837430767,NA
47848,"Santa Clara",0.793203085950997,"Croy Redwoods Preserve",0,0,-0.373857626907596,"ns",NA,1,1,1,0.000000238018060372269,0.000000423549778361121,NA
47868,"San Francisco",0.256619739491607,"Mount Sutro Open Space Reserve",0,4,-0.564536828065685,"cold",NA,0,0,NA,0.000000805561455763382,0.00000107351411315904,0
47876,"Alameda",0.102795111034041,"University of California Botanical Garden at Berkeley",0,15,0.522184534059052,"ns",NA,0,0,NA,0.00000152005611653294,0.00000159864384841057,0
47944,"San Mateo",16.3582548908866,"La Honda Creek Open Space Preserve",13,11,0.172658547921124,"ns",NA,12,0,0,0.0000000326463016619982,0.000000124097212506058,1
47978,"Napa",1.23700459410612,"Napa-Sonoma Marshes Wildlife Area",0,1,-0.356140817774844,"ns",NA,0,0,NA,0.000000429539852575545,0.000000946100669807493,0
48020,"San Mateo",0.199266960548271,"Wavecrest Open Space Reserve",0,7,-0.104511923546898,"ns",NA,0,0,NA,0.0000000150187311476202,0.0000000189990601029422,0
48234,"San Mateo",1.23763015145405,"Gazos Creek Redwoods",0,2,0.072092248536781,"ns",NA,0,0,NA,0.0000000000266783019287065,0.000000000269767264082788,0
48347,"Alameda",0.264105792925174,"Fallon Sports Park",0,1,-0.414808436476993,"ns",NA,0,0,NA,NA,NA,0
48478,"Napa",4.48967493323097,"Quail Ridge Reserve",0,6,-0.452893046213247,"cold",NA,0,0,NA,NA,NA,0
48480,"Napa",1.84493019727616,"Quail Ridge Reserve",0,0,-0.511619154737498,"cold",NA,0,0,NA,NA,NA,NA
48483,"Napa",2.13235136284073,"Quail Ridge Reserve",0,0,-0.45467170075952,"ns",NA,0,0,NA,NA,NA,NA
48561,"Contra Costa",0.647788693590495,"Old Ranch Open Space",1,4,-0.418949268612206,"ns",NA,1,0,0,0.00000111503061361873,0.0000013951984101368,1
48612,"Napa",0.130048024193663,"Huber Ranch",0,0,-0.45467170075952,"ns",NA,0,0,NA,NA,NA,NA
48613,"Solano",0.495875245624331,"Huber Ranch",0,0,-0.494117771120946,"ns",NA,0,0,NA,NA,NA,NA
48622,"Solano",0.282898711516355,"Cold Canyon Headwaters Property",0,0,-0.494117771120946,"ns",NA,0,0,NA,NA,NA,NA
48630,"Napa",0.218960189037014,"Cooks Flat",0,0,-0.409291245173099,"cold",NA,0,0,NA,0.0000000243900988294854,0.0000000441663630112998,NA
48636,"San Mateo",0.14297876250838,"Poplar Beach",0,8,-0.123595854978823,"ns",NA,0,0,NA,0.00000000338664651877707,0.00000000904367247755999,0
48637,"San Mateo",0.114851982592777,"Poplar Beach",0,3,-0.123595854978823,"ns",NA,0,0,NA,0.00000000904367247755999,0.00000000904367247755999,0
48638,"Napa",0.396454786696103,"McLaughlin Natural Reserve",0,1,-0.135945758410281,"cold",NA,0,0,NA,NA,NA,0
48920,"Contra Costa",0.362497974727213,"Dougherty Valley Ridge Trail",0,1,-0.404773692818296,"ns",NA,0,0,NA,0.00000143287263654202,0.00000146543573009694,0
48974,"San Mateo",88.580962965742,"SFPUC Peninsula Watershed",29,16,0.565133257128242,"ns",NA,72,44,0.611111111111111,0.00000000335376526550135,0.000000137349090323369,1
48977,"Napa",0.163449769650484,"Henry",0,0,-0.431623585835455,"cold",NA,0,0,NA,NA,NA,NA
49041,"Contra Costa",10.3029084949874,"Thurgood Marshall Regional Park",0,2,-0.447252042686406,"ns",NA,0,0,NA,NA,NA,0
49043,"Santa Clara",1.37262313123008,"Northern Coyote Valley Conservation Area",1,3,-0.039375808111298,"ns",NA,1,0,0,0.0000000007959358172549,0.00000000496840746322391,1
49046,"Alameda",0.382869654935056,"Don Castro Regional Recreation Area",1,8,-0.180216710308521,"ns",NA,0,0,NA,0.00000158871046096465,0.00000177015556346305,1
49048,"San Mateo",0.137791777275669,"Rising Acres",0,0,-0.285273581243837,"ns",NA,0,0,NA,0.0000000187723010469654,0.0000000409628313491339,NA
49049,"Santa Clara",0.550972040773703,"Calero Lakeview",0,1,0.106064599612661,"ns",NA,0,0,NA,0.00000000399933686168197,0.0000000170038916280646,0
49050,"Santa Cruz",1.44913732467022,"Filice Ranch",0,2,-0.249839962978334,"ns",NA,1,1,1,0.0000000000000000110805665514449,0.000000000000000191047195992244,0
49051,"Santa Clara",0.65712538937794,"Pacheco Creek Open Space Regional Reserve",0,0,-0.285273581243837,"ns",NA,0,0,NA,0.000000031656099963584,0.0000000731820932742266,NA
49052,"Santa Clara",2.42567842676916,"Baird Open Space Regional Reserve",0,1,-0.19512805662838,"ns",NA,0,0,NA,0.0000000000000000381111324222415,0.00000000000000172769109081135,0
49053,"Santa Clara",0.377610728926767,"Davidson Open Space Regional Reserve",0,0,-0.220443738390596,"ns",NA,0,0,NA,0.000000000000000000916090327488443,0.00000000000000000780315950486285,NA
49054,"Santa Clara",0.151806545048082,"Tulare Hill Wedge Open Space Regional Reserve",0,3,-0.34871487117759,"ns",NA,0,0,NA,0.00000000126903587638338,0.00000000422595691773608,0
49055,"Santa Clara",1.42043957068128,"Uvas South Open Space Regional Reserve",0,1,-0.42081347728328,"ns",NA,0,0,NA,0.0000000000225533394043742,0.000000000168546634982114,0
49068,"Contra Costa",0.10915301197774,"Smith Canyon",0,0,-0.0372382533853142,"ns",NA,0,0,NA,NA,NA,NA
49079,"Sonoma",0.693535882144811,"Fitch Mountain Park Open Space Preserve",2,0,-0.232123153845582,"ns",NA,0,0,NA,0.000000211750830203528,0.000000275989236797614,1
49177,"Contra Costa",3.2019990226013,"Quimby Island",0,0,-0.409291245173099,"cold",NA,0,0,NA,NA,NA,NA
49178,"Solano",2.99301267877229,"Denverton Property",0,1,-0.409291245173099,"cold",NA,0,0,NA,NA,NA,0
49186,"Solano",3.7084240926028,"Grizzly Ranch",0,2,-0.409291245173099,"cold",NA,0,0,NA,NA,NA,0
49211,"Santa Cruz",0.525497498862016,"Bigler",0,0,-0.249839962978334,"ns",NA,0,0,NA,0.0000000000529186729159026,0.00000000022882699901583,NA
49219,"Santa Clara",7.81191979632141,"Tilton Ranch",2,2,0.0664905521818374,"ns",NA,2,0,0,0.0000000000000100021699229276,0.000000000000375669195187486,1
49221,"Santa Clara",6.15666235865376,"Coyote Ridge (East)",3,6,-0.476986003964584,"ns",NA,2,0,0,0.000000114083064772785,0.000000194466608149924,1
49331,"Napa",7.88331164186338,"Wragg Ridge",0,0,-0.473243053810798,"cold",NA,0,0,NA,NA,NA,NA
49423,"Alameda",0.444655901597087,"Martin Luther King Junior Regional Shoreline",0,11,-0.457879256716469,"ns",NA,0,0,NA,0.0000000567870621637212,0.00000014085114230511,0
49426,"Alameda",0.185814394861065,"Martin Luther King Junior Regional Shoreline",0,4,-0.492787622020552,"cold",NA,0,0,NA,0.0000000456547226690418,0.00000014085114230511,0
49465,"Marin",0.117326881222009,"Marinwood Park",0,0,-0.397992799097895,"ns",NA,0,0,NA,0.00000000000000074516797092411,0.0000000000000015225578163156,NA
49493,"San Mateo",0.732062258352416,"Hidden Canyon Park",1,10,-0.212296279238489,"ns",NA,2,1,0.5,0.00000000539185496251093,0.0000000163518336648849,1
49528,"Napa",1.70923128830782,"Cedar Roughs Wilderness",0,0,-0.373857626907596,"ns",NA,0,0,NA,NA,NA,NA
49529,"Napa",6.4798564529697,"Chiles Valley",0,0,-0.391574436040347,"ns",NA,0,0,NA,NA,NA,NA
49530,"Napa",0.564485533010985,"Ghisletta Wetlands and Open Space",0,5,-0.356140817774844,"ns",NA,0,0,NA,0.000000364236285577135,0.000000513128156853782,0
49531,"Napa",0.231820468352621,"Ghisletta Wetlands and Open Space",0,0,-0.356140817774844,"ns",NA,0,0,NA,0.000000402601671112279,0.000000475525126830689,NA
49533,"Napa",0.64323323855339,"Hangman",0,0,-0.473243053810798,"cold",NA,0,0,NA,0.000000161534075004965,0.000000192168329249398,NA
49534,"Napa",0.322886604503441,"B&B Wendel Preserve",0,0,-0.409291245173099,"cold",NA,0,0,NA,NA,NA,NA
49546,"Contra Costa",0.941018268441037,"City of Antioch Trail",0,1,-0.409291245173099,"cold",NA,0,0,NA,NA,NA,0
49547,"Napa",0.733886211439667,"Linda Falls Preserve",0,3,-0.356140817774844,"ns",NA,4,4,1,0.000000000200564023722372,0.00000000143051059886545,0
49549,"Napa",5.85078316721512,"PUC Demonstration and Experimental Forest",3,11,-0.356140817774844,"cold",NA,15,14,0.933333333333333,0.000000562506670576113,0.00000228987892114674,1
49550,"San Mateo",0.393823985687275,"Pedro Point Headlands",1,5,-0.0903886807835692,"ns",NA,1,0,0,0.0000000000000000743744426177131,0.00000000000000133849289819603,1
49629,"Contra Costa",1.10138605533244,"Almond Ranch",0,1,-0.425882294944424,"ns",NA,0,0,NA,NA,NA,0
49630,"Contra Costa",0.351590685569654,"Painted Rock",0,1,-0.242786097395861,"ns",NA,0,0,NA,NA,NA,0
49760,"Santa Cruz",23.3887615803334,"Cotoni-Coast Dairies",5,13,0.582850066260994,"ns",NA,4,1,0.25,0.000000000000000000363801943315429,0.0000000000000000286795926081323,1
49792,"Alameda",2.63349712475067,"Mendoza Ranch",1,0,-0.373857626907596,"ns",NA,0,0,NA,NA,NA,1
49809,"Contra Costa",1.21918106519691,"Mount Diablo State Park",2,8,1.34158549560343,"ns",NA,2,0,0,NA,NA,1
49822,"Napa",1.30225622574588,"American Canyon",0,1,-0.483145427748509,"ns",NA,0,0,NA,0.000000434597154708172,0.000000619007892055379,0
49886,"Contra Costa",21.6897724180357,"Webb Tract",0,0,-0.409291245173099,"cold",NA,0,0,NA,NA,NA,NA
49887,"Contra Costa",11.4987876091242,"Holland Tract",0,0,-0.409291245173099,"cold",NA,0,0,NA,NA,NA,NA
49907,"Solano",0.114125066914125,"Lake Dalwigk",0,1,-0.431623585835455,"cold",NA,0,0,NA,0.00000043021321971537,0.00000049249143785346,0
49911,"Solano",0.159190040102453,"Pond C Biofiltration and Habitat Restoration Project",0,0,-0.409291245173099,"cold",NA,0,0,NA,NA,NA,NA
49918,"Contra Costa",0.195789035757503,"Anticoch Community Park",0,0,-0.330732689684683,"ns",NA,0,0,NA,NA,NA,NA
49968,"Solano",3.43965981346943,"Chipps Island",0,0,-0.409291245173099,"cold",NA,0,0,NA,NA,NA,NA
49969,"Contra Costa",2.42441699659012,"Winter Island",0,0,-0.409291245173099,"cold",NA,0,0,NA,NA,NA,NA
49970,"Solano",0.59714592079899,"Decker Island",0,1,-0.409291245173099,"cold",NA,0,0,NA,NA,NA,0
49972,"Solano",1.54425681715326,"Arnold Slough",0,0,-0.409291245173099,"cold",NA,0,0,NA,NA,NA,NA
49973,"Solano",1.12785166883354,"Wings Landing",0,0,-0.409291245173099,"cold",NA,0,0,NA,NA,NA,NA
49974,"Solano",13.6733415839762,"Lookout Slough",0,2,-0.135945758410281,"cold",NA,0,0,NA,NA,NA,0
50038,"Sonoma",0.156860148073744,"Los Guillicos Preserve",0,1,0.072830894918405,"ns",NA,0,0,NA,0.0000000964714104156883,0.000000123532231555146,0
50084,"Sonoma",2.92264654771084,"Harold Richardson Redwoods Reserve",0,1,-0.267556772111086,"ns",NA,0,0,NA,0.00000138800760396407,0.00000210240591513866,0
50089,"Napa",6.09719073021294,"Grinsell Ranch Preserve",0,0,-0.409291245173099,"cold",NA,0,0,NA,NA,NA,NA
50091,"Napa",1.92567347187847,"Spencer Reserve",0,0,-0.474772620198558,"ns",NA,0,0,NA,NA,NA,NA
50302,"Napa",2.09693440905982,"Napa Headwaters",0,0,-0.409291245173099,"cold",NA,0,0,NA,0.000000200286095264346,0.000000522225377608265,NA
50316,"Sonoma",0.708660643753198,"Sonoma Mountain Vernal Pool Preserve",0,4,0.228513883605961,"ns",NA,0,0,NA,0.000000433007613764858,0.000000559199349936534,0
50329,"Alameda",13.9352589066212,"Tesla Park",2,8,0.0867794105439474,"ns",NA,2,0,0,NA,NA,1
50331,"Solano",1.77615266780987,"Napa -- Sonoma Marshes Wildlife Area",0,2,-0.409291245173099,"cold",NA,0,0,NA,0.00000116759736101812,0.00000194966628441762,0
50407,"Santa Cruz",0.461970500879427,"Santa Cruz Long-Toed Salamander Ecological Reserve",0,1,-0.577323037917083,"cold",NA,0,0,NA,0.000000543134660802025,0.0000010504412557566,0
50408,"Santa Clara",0.409119611776915,"Guadalupe Reservoir",0,2,0.300976823640995,"ns",NA,0,0,NA,0.0000000797886698933326,0.000000157639561848555,0
50423,"Contra Costa",0.123314355586129,"Ditmer",0,0,-0.278733208785284,"ns",NA,0,0,NA,0.000000188666064104837,0.000000221568967617713,NA
50432,"Contra Costa",0.583872469269759,"Pacheco Marsh",0,3,-0.409291245173099,"cold",NA,0,0,NA,NA,NA,0
50433,"Contra Costa",0.499986945944392,"Harvey Ranch",0,1,-0.0845132499026598,"ns",NA,0,0,NA,0.000000385892946042077,0.000000385892946042077,0
50471,"Santa Clara",7.52000510348013,"Lakeside Ranch",1,1,-0.0599876242220569,"ns",NA,1,0,0,0.0000000000000161301619169786,0.000000000000680637078816215,1
50479,"Alameda",0.915498115906916,"Five Canyons Open Space Regional Preserve",10,6,0.0683838638828753,"ns",NA,8,0,0,0.00000392593847209355,0.0000127051862364169,1
50483,"Contra Costa",2.87190892976395,"Tilden (Nature Area)",29,16,0.956297410433312,"ns",NA,29,0,0,0.0000000000902672311897668,0.00000000103405717322147,1
50486,"Alameda",2.52323233485693,"Lake Chabot Regional Park",1,10,-0.227422300301532,"ns",NA,1,0,0,0.000000812057692201051,0.0000020248216969776,1
50492,"Alameda",0.355660072465421,"Roberts Regional Recreation Area",0,2,-0.424221774394443,"ns",NA,0,0,NA,0.000000639951451830711,0.000000689767546191433,0
50493,"Contra Costa",0.132634553697072,"Roberts Regional Recreation Area",0,0,-0.404302724082969,"ns",NA,0,0,NA,0.000000596182530898659,0.000000626516396096122,NA
50500,"Alameda",0.228990689386616,"Martin Luther King Junior Regional Shoreline",0,15,-0.478019951338883,"cold",NA,0,0,NA,0.0000000521879286452531,0.000000099821278354284,0
50501,"Alameda",2.17089229694299,"Martin Luther King Junior Regional Shoreline",0,12,-0.492787622020552,"cold",NA,0,0,NA,0.0000000462492160124839,0.00000014085114230511,0
50505,"Alameda",0.171608050293641,"SF Bay Trail",0,1,-0.547435076252892,"cold",NA,0,0,NA,0.0000000270316000694493,0.000000284458650412489,0
50523,"Santa Clara",0.379568647391055,"Northern Coyote Valley Conservation Area",1,0,-0.0812848738526386,"ns",NA,1,0,0,0.0000000000522366004618302,0.000000000360950686006944,1
50529,"Alameda",0.231593153876866,"Bay Area Ridge Trail",0,0,-0.241737220432177,"ns",NA,0,0,NA,0.000000730531212411734,0.00000175119635059673,NA
50535,"Contra Costa",0.175381707044707,"Calaveras Ridge Trail",0,0,-0.373857626907596,"ns",NA,0,0,NA,0.000000346059465528015,0.000000452428736252841,NA
50543,"Alameda",2.03492638438772,"Coyote Hills Regional Park",0,14,-0.409291245173099,"cold",NA,0,0,NA,0.0000000107746283006804,0.000000047538136982439,0
50547,"Alameda",0.25971254333967,"Crown Memorial State Beach",0,13,-0.431623585835455,"cold",NA,0,0,NA,NA,NA,0
50549,"Alameda",0.150320300514579,"Dumbarton Quarry Campground on the Bay",0,3,-0.409291245173099,"cold",NA,0,0,NA,0.00000000219260831713086,0.00000000635634966883458,0
50562,"Alameda",0.135323304544085,"Mission Peak Regional Preserve",0,0,0.494266020597236,"ns",NA,0,0,NA,0.00000010112682957697,0.000000124813269053448,NA
50564,"Alameda",1.93024301491944,"Vargas Plateau Regional Park",0,1,-0.381178137760069,"ns",NA,0,0,NA,0.0000000119958016853161,0.0000000414792253877749,0
50571,"Contra Costa",2.9134914718856,"Vasco Caves Regional Preserve",0,1,-0.214406344712831,"ns",NA,0,0,NA,NA,NA,0
50573,"Alameda",7.15494337548781,"Brushy Peak Regional Preserve",3,12,-0.411787865433482,"ns",NA,3,0,0,NA,NA,1
50574,"Alameda",1.51660853054547,"Mission Peak Regional Preserve",1,4,0.442764180804569,"ns",NA,0,0,NA,0.00000033706857038851,0.000000432165649044691,1
50576,"Contra Costa",0.771173457232006,"Waterbird Regional Preserve",0,8,-0.457879256716469,"ns",NA,0,0,NA,NA,NA,0
50577,"Contra Costa",0.309315157039413,"Carquinez Strait Regional Shoreline",0,4,-0.577323037917083,"cold",NA,0,0,NA,NA,NA,0
50582,"Contra Costa",2.25135974348991,"Rancho Pinole Regional Preserve",1,6,-0.432616936403041,"ns",NA,1,0,0,0.0000000217421973758292,0.0000000807797135848887,1
50583,"Napa",4.45446630484874,"Pope Creek",0,2,-0.409291245173099,"cold",NA,0,0,NA,NA,NA,0
50584,"Napa",9.35796200860888,"Walt Ranch",0,1,-0.409291245173099,"cold",NA,0,0,NA,NA,NA,0
50598,"Marin",0.137437758304447,"Oakwood Open Space",0,0,-0.446567336755509,"ns",NA,0,0,NA,0.00000000015403958664173,0.00000000028148425257335,NA
50606,"Sonoma",2.07526912314338,"Monte Rio Redwoods Regional Park",0,3,0.0336289831456925,"ns",NA,0,0,NA,0.000000193726833686014,0.000000273158946129115,0
50776,"Sonoma",1.58871046811144,"Chanslor Ranch",1,4,0.0513457922784441,"ns",NA,0,0,NA,0.000000181012723032836,0.000000373983880308515,1
50779,"Alameda",1.4578431774241,"Alameda Creek Regional Trail",0,11,-0.411961110276036,"ns",NA,0,0,NA,0.000000110863560109919,0.00000026892587356997,0
50783,"Santa Clara",2.92749852926877,"Mount Madonna North",0,0,-0.42081347728328,"ns",NA,0,0,NA,0.00000000076550665806252,0.00000000897535290533824,NA
50784,"Santa Clara",4.55177442607947,"O'Connell Ranch Reserve",0,1,-0.285273581243837,"ns",NA,0,0,NA,0.000000000219855592065166,0.00000000345675088553321,0
50785,"Santa Clara",0.187451909311858,"Castle and Cooke Reserve",0,0,-0.333751771121411,"ns",NA,0,0,NA,0.000000029111680177607,0.0000000471328220896794,NA
50822,"Sonoma",0.878504699473839,"Fountaingrove II Open Space",1,4,-0.161255917314576,"ns",NA,0,0,NA,0.000000238787322359713,0.000000282792143480037,1
50828,"Solano",0.297042096582092,"Sackett Ranch",0,3,-0.364362988401607,"ns",NA,0,0,NA,NA,NA,0
50854,"Sonoma",1.49301686332724,"Russian River Redwoods",0,0,-0.356140817774844,"ns",NA,1,1,1,0.000000195310150274963,0.000000305720078586091,NA
50870,"Napa",0.31172902988939,"Howarth",0,0,-0.338424008642092,"ns",NA,0,0,NA,0.000000435996099668046,0.000000783767745815567,NA
50871,"Napa",5.37728389543323,"Mead Ranch",0,1,-0.409291245173099,"cold",NA,0,0,NA,NA,NA,0
50872,"Napa",0.240829666143886,"Zipser",0,1,-0.474772620198558,"ns",NA,0,0,NA,NA,NA,0
50873,"Napa",1.75096502129605,"McCormick Ranch",0,3,-0.162581196100063,"ns",NA,8,8,1,0.00000000910382436103419,0.000000049134747825974,0
50874,"Napa",0.166512418989169,"The Cove",0,0,-0.381060271244823,"ns",NA,0,0,NA,0.000000863073182699736,0.000000939098470098543,NA
50931,"Napa",1.65257468570772,"Harunk",0,1,-0.409291245173099,"cold",NA,0,0,NA,NA,NA,0
50932,"Santa Cruz",2.2171762544822,"Cascade Creek",0,0,0.260363582744574,"ns",NA,0,0,NA,0.0000000207247996542037,0.0000000819906347260257,NA
50940,"San Mateo",0.739892811829766,"Peters Creek",1,2,0.237567034454954,"ns",NA,0,0,NA,0.00000109470363440778,0.00000119531205200474,1
50999,"San Mateo",0.216496492632744,"Cloverdale Coastal Ranches",0,0,0.358688434012259,"ns",NA,0,0,NA,0.00000000408180600430796,0.00000000606474515052469,NA
51002,"San Mateo",13.0294424287536,"Cloverdale Ranch Open Space Preserve",6,6,0.248855409622673,"ns",NA,3,1,0.333333333333333,0.0000000332580931683424,0.000000122309543826304,1
51003,"San Mateo",7.35738641029335,"Cloverdale Ranch Open Space Preserve",10,10,0.515968170238891,"ns",NA,9,0,0,0.000000000678030964706977,0.00000000828314039580391,1
51015,"San Mateo",4.39367936203351,"Williams Sisters Ranch",3,14,0.718850920630819,"ns",NA,3,0,0,0.000000112093857751461,0.00000103527679584658,1
51016,"San Mateo",1.66124648644569,"Coal Mine Ridge",1,8,0.676468937715626,"ns",NA,1,0,0,0.00000683176631355309,0.0000140228021336952,1
51141,"Contra Costa",1.69412539720883,"Corteva Wetlands Preserve",0,7,-0.409291245173099,"cold",NA,0,0,NA,NA,NA,0
51147,"Alameda",0.190307430976828,"Bill Osborne Model Airplane Field",0,2,-0.452893046213247,"cold",NA,0,0,NA,NA,NA,0
51204,"Contra Costa",0.203252696679302,"Big Bend",1,0,-0.155697567375133,"ns",NA,0,0,NA,NA,NA,1
51222,"Santa Clara",0.158891941178367,"Barker",0,0,-0.42081347728328,"ns",NA,0,0,NA,0.0000000021842647690562,0.00000000240712805243959,NA
51229,"Contra Costa",1.27511889506309,"Marsh Creek Reservoir",0,1,-0.214406344712831,"ns",NA,0,0,NA,NA,NA,0
51253,"Marin",0.138030285245728,"Buck's Landing",0,1,-0.524594750285046,"ns",NA,0,0,NA,NA,NA,0
51267,"Santa Clara",0.792350513535293,"Redwood Ridge",0,0,-0.42081347728328,"ns",NA,0,0,NA,0.000000000627541907327611,0.00000000240712805243959,NA
51268,"Santa Clara",6.34364343398351,"Richmond Ranch",0,0,0.605732728475689,"ns",NA,0,0,NA,0.0000000095183221304751,0.000000115179418003208,NA
51269,"Santa Clara",0.203836794929082,"Almaden Quicksilver Park",0,3,0.689150921057504,"ns",NA,0,0,NA,0.0000000150558907563436,0.0000000496877774480708,0
51270,"Santa Clara",3.34038672903387,"Anderson Lake County Park",0,8,-0.150603314829886,"ns",NA,0,0,NA,0.00000000117705467594931,0.0000000230512053889242,0
51291,"Santa Clara",2.81635667260556,"Calero County Park",5,10,0.44375034415406,"ns",NA,5,1,0.2,0.0000000349480444583605,0.000000156856216904089,1
51304,"Solano",0.122970512355278,"Putah Creek Fishing Access",0,0,-0.338424008642092,"ns",NA,0,0,NA,NA,NA,NA
51311,"Santa Clara",0.249950667745,"Skyline Ridge Open Space Preserve",1,4,0.594139343422857,"ns",NA,1,0,0,0.0000000188012254653813,0.0000000253245211467856,1
51316,"Santa Cruz",1.07314834848375,"Mount Madonna County Park",0,1,-0.356140817774844,"ns",NA,0,0,NA,0.0000000154710786404166,0.0000000382028666479073,0
51361,"Contra Costa",1.54335018640436,"Magee Preserve",0,1,1.43325690463307,"ns",NA,0,0,NA,NA,NA,0
51363,"Contra Costa",0.414189413346186,"Kenneth Gerlack Preserve",0,1,-0.4726910341421,"ns",NA,0,0,NA,NA,NA,0
51365,"Contra Costa",0.504301157059932,"Barnett Ranch",0,0,-0.591510067545448,"ns",NA,0,0,NA,NA,NA,NA
51415,"Alameda",0.226198645935009,"Holdener Park",1,4,0.423398784066229,"ns",NA,1,0,0,0.000000602586965214869,0.000000672184398808895,1
51466,"Santa Cruz",0.765354861347814,"Big Basin Redwoods State Park",0,0,-0.267556772111086,"ns",NA,0,0,NA,0.000000000618940454444328,0.00000000235049957275635,NA
51536,"Santa Cruz",1.06176053846991,"Beach Ranch",0,3,-0.409291245173099,"cold",NA,0,0,NA,0.000000000288154666794327,0.00000000552959322774882,0
51736,"Sonoma",1.23856498070235,"Ayers",0,0,-0.409291245173099,"cold",NA,0,0,NA,0.000000344509942351579,0.000000473396568168027,NA
51737,"Sonoma",0.158778876358874,"Robinson",0,0,-0.409291245173099,"cold",NA,0,0,NA,0.000000272658638778012,0.000000321324648666632,NA
51739,"Sonoma",6.29434932345777,"Sonoma Coast Redwoods",2,2,0.122213028809451,"ns",NA,2,0,0,0.000000103495800374276,0.000000331301549749696,1
51741,"Santa Cruz",0.578751410580687,"weelili onyenmak",0,2,-0.507447097403933,"ns",NA,0,0,NA,0.00000000344741923896663,0.0000000121754126780615,0
51744,"Sonoma",0.138417836035088,"Bell Tower",3,5,0.0513457922784441,"ns",NA,0,0,NA,0.0000000332625589294366,0.000000053708365754801,1
51745,"Sonoma",0.764523131301398,"Unnamed Site - Sonoma County Regional Parks Dept., County of",0,2,-0.388733908353312,"ns",NA,1,1,1,0.0000000575445113781825,0.000000121327545343775,0
51769,"Sonoma",3.97016579622229,"Hood Mountain Regional Park and Open Space Preserve",0,7,-0.364362988401607,"ns",NA,11,11,1,0.0000000634238830343747,0.000000197508370547439,0
51781,"Santa Clara",0.216145748118844,"Silveira",0,0,-0.267556772111086,"ns",NA,0,0,NA,0.0000000000000000000000947241834448555,0.000000000000000000000152119607694172,NA
51782,"Santa Clara",1.00189972172802,"Coyote Ridge Property",0,0,-0.028060001232367,"ns",NA,0,0,NA,0.0000000571170772900587,0.000000113334678530919,NA
51822,"Santa Clara",1.69137777060696,"RWF Bufferlands",0,5,-0.313917540326221,"ns",NA,0,0,NA,0.0000000000183704301770504,0.000000000225036905776577,0
51823,"Santa Clara",0.567758249715809,"Richmond Ranch",0,1,-0.381060271244823,"ns",NA,0,0,NA,0.0000000474871946209987,0.000000115179418003208,0
51837,"San Mateo",0.140847159521482,"Wavecrest North",0,3,-0.079292842933816,"ns",NA,0,0,NA,0.0000000278704206380098,0.0000000465518752434946,0
51839,"San Mateo",0.184549175900465,"Wavecrest South",0,1,-0.0349898308888087,"ns",NA,0,0,NA,0.0000000236373214335117,0.0000000544137144231627,0
51844,"Santa Clara",0.29831898482032,"Guadalupe River Gardens",0,6,-0.34061455495836,"ns",NA,0,0,NA,0.000000444319113057645,0.000000581147162392881,0
51863,"Napa",0.641842716949318,"Cove Preserve",0,0,-0.388733908353312,"ns",NA,0,0,NA,0.000000660080843317701,0.000000771353541040298,NA
51891,"Contra Costa",3.89157639872897,"Deer Valley",0,1,-0.372694123888328,"ns",NA,0,0,NA,NA,NA,0
51937,"Santa Clara",0.752530629209643,"Bloomfield South",0,1,-0.356140817774844,"ns",NA,0,0,NA,0.000000000000000004712329662887,0.0000000000000000438730409587144,0
51940,"Santa Clara",0.841171912632026,"Calero Ridge East",0,0,0.129386623755751,"ns",NA,0,0,NA,0.000000000762900520534515,0.00000000448031434174823,NA
51941,"Santa Cruz",4.10007927730399,"Pescadero Ranch",1,3,-0.373857626907596,"ns",NA,0,0,NA,0.0000000000139009402946866,0.000000000166760646957975,1
52064,"Santa Clara",0.239627669746675,"Tilton Ranch",0,1,-0.183184463463108,"ns",NA,0,0,NA,0.0000000000000000775892304375637,0.000000000000000247872042385134,0
52069,"Santa Clara",7.89376617501316,"Richmond Ranch",2,8,-0.389413927248868,"ns",NA,1,0,0,0.000000048247287054437,0.000000241345162521611,1
52112,"Contra Costa",0.176998277376986,"Wilder Park",0,2,-0.123102846722635,"ns",NA,0,0,NA,0.00000674942884870688,0.00000875289970281301,0
52177,"Santa Cruz",0.1559016329754,"Valle del Pajaro County Park",0,2,-0.409291245173099,"cold",NA,0,0,NA,0.000000000000179717894212283,0.00000000000157324153704508,0
52189,"Sonoma",2.13301303300725,"Estero Americano Coast Reserve",6,8,0.0336289831456925,"ns",NA,3,0,0,0.000000325643071619197,0.00000121005530218099,1
52204,"Alameda",0.397453042303445,"Chabot Park",0,2,-0.276455417098425,"ns",NA,0,0,NA,0.00000189792876881256,0.00000241677753365366,0
52206,"Alameda",3.52695531357499,"Chabot Watershed",0,10,-0.241737220432177,"ns",NA,0,0,NA,0.000000767612050367461,0.00000162039918905066,0
52207,"Alameda",0.306526003156698,"Chabot Watershed",0,2,-0.283829338825584,"ns",NA,0,0,NA,0.00000159284763867618,0.00000173892669863562,0
52210,"Contra Costa",12.9864317983744,"Upper San Leandro Watershed",8,13,-0.0198188656586824,"ns",NA,7,0,0,0.000000435936385656532,0.00000326798340211099,1
52211,"Contra Costa",6.55085198484722,"Upper San Leandro Watershed",6,9,-0.193163701382858,"ns",NA,2,0,0,0.00000219784783439536,0.0000116992832772667,1
52212,"Contra Costa",0.810020797277397,"Gateway Area",0,5,-0.0965553288168779,"ns",NA,0,0,NA,0.00000438672304881038,0.00000703847081240383,0
52214,"Contra Costa",0.172345476128091,"Duffel Solar Project",0,1,0.598886984083941,"ns",NA,0,0,NA,NA,NA,0
52215,"Contra Costa",3.96590931178403,"Siesta Valley",6,10,0.148377332485623,"ns",NA,5,0,0,0.00000638130768493284,0.00000964469654718414,1
52216,"Contra Costa",8.27263201136589,"San Pablo Watershed",10,12,1.07874273027145,"ns",NA,10,0,0,0.00000000629913543548355,0.0000000547843619358446,1
52219,"Contra Costa",12.4956141243524,"Briones Watershed",8,10,0.123276342993791,"ns",NA,7,1,0.142857142857143,0.0000000000458396758051816,0.00000000856018722572571,1
52220,"Contra Costa",12.5308380379469,"San Pablo Watershed",1,5,0.985437446290548,"ns",NA,0,0,NA,0.000000000335101613124777,0.00000000919151688094644,1
52221,"Contra Costa",3.1463951142551,"Pinole Watershed",0,1,-0.137679883349357,"ns",NA,0,0,NA,0.00000000472032679610379,0.0000000531311137308421,0
52222,"Contra Costa",9.55418453534358,"Pinole Watershed",1,11,-0.267526103964706,"ns",NA,0,0,NA,0.0000000393482864069483,0.000000182453646857539,1
52225,"Santa Cruz",1.51252933228206,"San Vicente Redwoods Laguna Creek",0,1,0.582850066260994,"ns",NA,0,0,NA,0.00000000000000000000145729231041062,0.0000000000000000000164535222657133,0
52231,"Alameda",1.63996209489399,"Upper San Leandro Watershed",0,2,-0.191237191178534,"ns",NA,0,0,NA,0.000000375115661199743,0.000000708139509697503,0
52232,"Alameda",24.7238139652555,"Upper San Leandro Watershed",3,12,-0.216393822561064,"ns",NA,6,3,0.5,0.000000329923039998903,0.0000008495855468027,1
52238,"Santa Clara",0.203838817335566,"Lakeside Ranch",0,0,0.0351724912642371,"ns",NA,0,0,NA,0.000000000000000311923668004879,0.00000000000000323628398080469,NA
52256,"Contra Costa",2.41073239249296,"Hoover Ranch",0,0,-0.409291245173099,"cold",NA,0,0,NA,NA,NA,NA
52258,"Solano",0.182272671096511,"Point Buckler Island",0,0,-0.135945758410281,"cold",NA,0,0,NA,NA,NA,NA
52293,"Napa",1.28014411811777,"Scott Property",0,0,-0.452893046213247,"cold",NA,0,0,NA,0.0000000624622202849423,0.000000181292250545084,NA
52317,"Napa",0.350394230586261,"Wetlands Edge Park",0,6,-0.431623585835455,"cold",NA,0,0,NA,0.000000186438342097972,0.000000287004866095231,0
53022,"Santa Cruz",0.250903372259393,"Mini Ranch",0,0,-0.534105749969905,"cold",NA,0,0,NA,0.000000157546224954785,0.000000254527151355433,NA
53034,"Santa Clara",19.0895503690109,"Sargent Ranch",0,9,-0.373857626907596,"ns",NA,0,0,NA,0.00000000000203390190973984,0.000000000165169447563507,0
53035,"Santa Clara",7.72685432905546,"Mead Ranch",0,4,-0.228170692169933,"ns",NA,0,0,NA,0.000000000000373901484860412,0.0000000000206799820323678,0
53046,"Stanislaus",0.511353595106579,"Mount Stakes",0,0,1.80530989642086,"ns",NA,0,0,NA,NA,NA,NA
53047,"Santa Clara",4.64296061455412,"Mount Stakes",0,0,1.80530989642086,"ns",NA,0,0,NA,NA,NA,NA
53048,"Santa Clara",1.42826641079397,"Northern Coyote Valley Conservation Area",0,3,0.0195316013712691,"ns",NA,1,1,1,0.0000000000136517663493207,0.0000000000896708748920894,0
53049,"Santa Clara",2.59559139466091,"Coyote Valley Conservation Area",6,7,-0.0115773179552982,"ns",NA,6,0,0,0.0000000000954401141450845,0.000000000661345034291827,1
53050,"Santa Clara",0.162014769100977,"Coyote Valley Conservation Area",0,4,0.0330398862395248,"ns",NA,0,0,NA,0.0000000000201983083036872,0.0000000000720327131276122,0
53051,"Santa Clara",0.773945206108734,"Coyote Valley Conservation Area",0,0,-0.0143344110608026,"ns",NA,0,0,NA,0.000000000457579640844585,0.00000000413257250642118,NA
53055,"Alameda",0.731385742068065,"Bernal Open Space",11,7,0.0867794105439474,"ns",NA,11,0,0,0.00000955014547798783,0.0000143085380841512,1
53056,"Alameda",0.426644360996932,"Bernal Community Park",0,3,0.039200596201481,"ns",NA,0,0,NA,0.00000501565273225424,0.0000071279223448073,0
53057,"Alameda",0.219724486459886,"Bonde Ranch Open Space",0,0,-0.196689535580079,"ns",NA,0,0,NA,0.00000267030782197253,0.0000030304242955026,NA
53058,"Alameda",0.739523936668843,"Callippe Preserve Open Space",0,1,0.0513457922784441,"ns",NA,0,0,NA,0.000000747545357171475,0.00000158817147166701,0
53062,"Alameda",0.127537580897291,"The Preserve",2,1,-0.112986976891649,"ns",NA,1,0,0,0.00000092873830226381,0.0000014294940910986,1
53063,"Alameda",0.161460131542422,"Quint",0,0,-0.411787865433482,"ns",NA,0,0,NA,NA,NA,NA
53064,"Alameda",0.729893425149571,"Doolan South",0,0,-0.414808436476993,"ns",NA,0,0,NA,NA,NA,NA
53068,"Alameda",1.21431330207627,"Springtown Preserve",0,2,-0.404773692818296,"ns",NA,0,0,NA,NA,NA,0
53069,"Alameda",0.141338015261648,"Unnamed Site - Livermore, City of",0,0,-0.411787865433482,"ns",NA,0,0,NA,NA,NA,NA
53070,"Alameda",0.33040607846383,"Hartford Hills",0,0,-0.478019951338883,"cold",NA,0,0,NA,NA,NA,NA
53071,"Alameda",0.55205058001754,"Doolan North",0,0,-0.409291245173099,"cold",NA,0,0,NA,NA,NA,NA
53072,"Alameda",0.300078420743145,"Goeken Road",0,0,-0.388733908353312,"ns",NA,0,0,NA,NA,NA,NA
53073,"Alameda",0.503541160515961,"Greenville Road",0,1,-0.364362988401607,"ns",NA,0,0,NA,NA,NA,0
53100,"Santa Clara",0.284786264727205,"Bear Creek Redwoods Addition",0,2,-0.0987501133971544,"ns",NA,0,0,NA,0.0000000415869152448067,0.0000000834677820193974,0
53160,"Santa Cruz",0.424107000737667,"Cotoni-Coast Ridge",0,0,-0.178972726447328,"ns",NA,0,0,NA,0.00000000000000000978600490456167,0.00000000000000015947338113885,NA
53203,"Contra Costa",0.308463775253756,"Point Molate Regional Shoreline",0,1,-0.391574436040347,"ns",NA,0,0,NA,NA,NA,0
53204,"Contra Costa",0.794924412142653,"Thurgood Marshall Regional Park",0,0,-0.404773692818296,"ns",NA,0,0,NA,NA,NA,NA
53205,"Contra Costa",0.602126963298701,"Deer Valley Regional Park",0,0,-0.302990390376589,"ns",NA,0,0,NA,NA,NA,NA
53208,"Contra Costa",2.16703449038759,"Rancho Pinole Regional Preserve",0,1,-0.618277584513199,"cold",NA,0,0,NA,0.00000017038473743014,0.000000185410897302063,0
