"unit_id","county","hab_area_km2","unit_name","n_occ","effort_years","gistar_z","hotspot","q5_flag","n_total","n_obscured","obscured_frac","kde_mean","kde_max"
7,"Santa Clara",14.6733217172247,"Calero County Park",7,16,0.138822969961711,"ns",NA,9,2,0.222222222222222,0.000000154080780134791,0.000000178877996859228
16,"Santa Clara",46.9815833018012,"Sierra Azul Open Space Preserve",2,12,0.220021640348457,"ns",NA,4,2,0.5,0.0000000499597199166146,0.000000113687505631788
27,"Santa Clara",1.17027804380227,"Rancho San Antonio Open Space Preserve",0,14,0.220021640348457,"ns",NA,0,0,NA,0.000000120912417855834,0.000000164190893769955
32,"Santa Clara",8.69289478302082,"Rancho San Antonio Open Space Preserve",2,17,0.561778446710953,"hot","occ_hot_effort_hot_SUSPECT",2,0,0,0.000000262484292079534,0.000000397381768380001
69,"San Mateo",0.124577799596895,"Red Morton Community Park",0,3,-0.070302934520951,"ns",NA,0,0,NA,0.0000000256662673336905,0.0000000256920795749238
75,"Alameda",4.08655124469429,"Reinhardt Redwood Regional Park",1,12,-0.232109026930301,"ns",NA,1,0,0,0.0000000232573960090576,0.0000000419044425825632
79,"San Mateo",0.257042581102171,"Redwood Shores Ecological Reserve",0,11,-0.209863757372676,"cold",NA,0,0,NA,0.00000000885297524177986,0.0000000106271444977324
141,"Contra Costa",0.101481775778572,"Richmond",0,7,-0.209863757372676,"cold",NA,0,0,NA,0.00000000307430059187652,0.00000000336892669317024
166,"Marin",1.57464983352602,"Ring Mountain Open Space Preserve",0,14,-0.280696895853321,"cold",NA,0,0,NA,0.0000000287786416919289,0.0000000328788622994125
181,"Santa Clara",0.178453931382849,"River Oaks",0,1,-0.174094406214199,"ns",NA,0,0,NA,0.00000000780215536622109,0.00000000994600135584278
185,"Alameda",0.880183556756031,"Augustin Bernal Park",0,5,-0.187365701928555,"ns",NA,0,0,NA,0.0000000143430431975844,0.0000000159488386941575
198,"Solano",0.328066203859312,"River Park",0,2,-0.209863757372676,"cold",NA,0,0,NA,0.000000133272635594039,0.000000136318135446345
211,"Alameda",0.124880768597021,"Robert Livermore Park",0,1,-0.180617520732422,"ns",NA,0,0,NA,0.0000000000496241069070091,0.0000000000496241069070091
214,"Napa",16.3715139705841,"Robert Louis Stevenson State Park",0,10,-0.242654995909454,"cold",NA,1,1,1,0.000000125638138115391,0.000000157016458501857
218,"Alameda",0.395822990314039,"Robertson Park",1,5,-0.138325055055722,"ns",NA,0,0,NA,0.000000000132826805110398,0.000000000174107131489798
223,"Solano",2.95187931290062,"Rockville Hills Regional Park",0,14,-0.209863757372676,"cold",NA,0,0,NA,NA,NA
280,"Contra Costa",8.28006881647229,"Round Valley Regional Preserve",0,16,-0.209863757372676,"cold",NA,0,0,NA,NA,NA
289,"Alameda",0.183075466300017,"Rowell Ranch Rodeo Park",0,0,-0.0611277055853553,"ns",NA,0,0,NA,0.0000000815442504631392,0.0000000980419940788124
294,"Marin",1.1404198720217,"Roy's Redwoods Open Space Preserve",0,10,-0.135069979053104,"ns",NA,0,0,NA,0.0000000480827644366855,0.000000050458567102396
299,"Marin",1.97633624667861,"Rush Creek Open Space Preserve",0,5,-0.330037075964696,"cold",NA,0,0,NA,NA,NA
303,"Alameda",0.84865865985535,"Bethany Reservoir State Recreation Area",0,0,-0.209863757372676,"cold",NA,0,0,NA,NA,NA
308,"Solano",8.5847216412503,"Rush Ranch Open Space",0,15,-0.209863757372676,"cold",NA,0,0,NA,NA,NA
315,"Contra Costa",1.00090284632505,"Russell Research Station (UC)",0,4,-0.138325055055722,"ns",NA,0,0,NA,NA,NA
321,"San Mateo",4.92818962248237,"Russian Ridge Open Space Preserve",13,14,1.0584125786502,"hot","occ_hot_effort_hot_SUSPECT",14,1,0.0714285714285714,0.000000348845730968605,0.000000420700786207817
347,"Sonoma",18.0061184343355,"Salt Point State Park",0,15,-0.138325055055722,"ns",NA,0,0,NA,0.00000101897330750944,0.00000118296009077312
353,"San Mateo",3.21819504372464,"Sam McDonald Park",3,9,0.901202733461345,"hot","occ_hot_effort_not_TRUSTED",2,0,0,0.000000121468076486053,0.000000179319926019161
358,"Marin",10.3386239657238,"Samuel P. Taylor State Park",1,14,0.00475234957818558,"ns",NA,1,0,0,0.0000000356463338846424,0.0000000471669245882822
372,"San Mateo",0.117901239756017,"San Bruno City Park",0,4,-0.209863757372676,"cold",NA,0,0,NA,0.000000000576706293831108,0.000000000598404048535173
378,"San Mateo",0.378200061485235,"San Bruno Mountain Ecological Reserve",0,8,-0.209863757372676,"cold",NA,0,0,NA,NA,NA
393,"Sonoma",0.106900260289144,"San Francisco Archdiocese",0,0,-0.138325055055722,"ns",NA,0,0,NA,0.0000000147013263784856,0.0000000147033842878841
402,"Santa Clara",57.4303313498671,"San Francisco Watershed Lands",0,8,0.0762910518951394,"ns",NA,1,1,1,0.00000000467515359758863,0.0000000103731068179513
413,"San Mateo",1.05419759614862,"San Gregorio State Beach",0,3,0.00475234957818558,"ns",NA,0,0,NA,0.00000000625385832009329,0.0000000067805228098905
421,"San Mateo",0.730850871846965,"San Gregorio State Beach",0,3,0.00475234957818558,"ns",NA,0,0,NA,0.00000000578390180194788,0.0000000067805228098905
441,"Alameda",0.127439698005242,"San Lorenzo Community Park",0,1,-0.209863757372676,"cold",NA,0,0,NA,0.0000000625341201043739,0.0000000634371986052429
455,"San Mateo",0.447683975329434,"San Mateo Properties",0,2,-0.209863757372676,"cold",NA,0,0,NA,0.0000000107471560539807,0.0000000135585560556706
461,"Sonoma",3.06198838074724,"San Pablo Bay National Wildlife Refuge",0,6,-0.174094406214199,"ns",NA,0,0,NA,0.0000000302054203871194,0.000000035784886165402
470,"San Mateo",3.14247236177163,"Big Basin Redwoods State Park",0,4,-0.0855188663593018,"ns",NA,0,0,NA,0.00000002415413291601,0.000000045740673471073
491,"Marin",1.50564761191256,"San Pedro Mountain Open Space Preserve",0,4,-0.284012883923671,"ns",NA,0,0,NA,0.0000000048028101495845,0.00000000652787068844418
499,"San Mateo",5.16856200720077,"San Pedro Valley Park",0,16,0.0538463545660252,"ns",NA,1,1,1,0.00000000352330631336883,0.00000000450636150617356
516,"Santa Clara",0.666423803360394,"Lexington Reservoir",0,0,0.0617144259461704,"ns",NA,0,0,NA,0.0000000678800375908395,0.000000080235984967203
520,"Solano",0.146718555985344,"Sandy Beach Park",0,0,-0.209863757372676,"cold",NA,0,0,NA,NA,NA
542,"Santa Clara",6.69716848015362,"Santa Teresa County Park",0,14,-0.0805099906227829,"ns",NA,0,0,NA,0.00000015158543931193,0.000000175994415485548
546,"Marin",0.130853985680166,"Santa Venetia Marsh Open Space Preserve",0,1,-0.32297196499353,"ns",NA,0,0,NA,0.00000000364730001756186,0.00000000364730001756186
563,"Santa Clara",3.11156153531514,"Saratoga Gap Open Space Preserve",0,3,-0.044041975589402,"ns",NA,0,0,NA,0.000000102540369084636,0.000000135153726432691
581,"San Mateo",4.36466830250848,"Skyline Ridge Open Space Preserve",4,14,1.03589613242265,"ns",NA,4,0,0,0.000000283037678627807,0.000000359129671778646
586,"Alameda",1.03023835142162,"Quarry Lakes Regional Recreation Area",0,8,-0.262332310850271,"cold",NA,0,0,NA,0.0000000135237190335147,0.000000020425447999628
602,"Marin",0.2054120084314,"Scottsdale Marsh",0,2,-0.324812473768853,"ns",NA,0,0,NA,0.00000000593685767213969,0.00000000593685767213969
604,"Sonoma",2.96511468215771,"SCWA",1,10,-0.138325055055722,"ns",NA,0,0,NA,0.0000000360846037494866,0.000000252015752266743
606,"San Mateo",0.183277995308431,"Sea Cloud Park",0,4,-0.232220545851334,"cold",NA,0,0,NA,0.00000000770278951733872,0.00000000845904679636078
628,"Solano",1.67756541829494,"Serpas Ranch Open Space",0,0,-0.221314647118306,"cold",NA,0,0,NA,NA,NA
650,"Santa Cruz",0.839902608957724,"Santa Cruz Long-Toed Salamander Ecological Reserve",0,3,-0.262332310850271,"cold",NA,0,0,NA,0.00000000290071278108428,0.00000000438734204522007
669,"Santa Cruz",0.123943394420586,"Scott Creek Beach County Park",0,2,0.00475234957818558,"ns",NA,0,0,NA,0.000000000979759273711522,0.0000000016716225070823
678,"San Francisco",0.534101179241322,"SF Zoological Gardens",0,15,-0.252676457568109,"cold",NA,0,0,NA,0.00000000762908936025042,0.00000000796932475566337
714,"Santa Cruz",0.328879327445677,"Seacliff State Beach",0,9,0.147829754212093,"ns",NA,0,0,NA,0.00000000419113010963201,0.0000000057603730674316
734,"Contra Costa",1.49586703312118,"Bishop Ranch Regional Open Space Preserve",0,4,-0.242654995909454,"cold",NA,0,0,NA,0.0000000436252491908817,0.0000000536235980064248
741,"Contra Costa",5.519336029518,"Shell Ridge Open Space",0,11,-0.211107374837038,"ns",NA,0,0,NA,NA,NA
746,"Alameda",0.218957219205789,"Shepherd Canyon Park",0,3,-0.251674460407143,"ns",NA,0,0,NA,0.00000000606719696705227,0.00000000836449043362109
750,"Sonoma",3.41248001960474,"Shiloh Ranch Regional Park",1,13,-0.0310170015802914,"ns",NA,1,0,0,0.000000118350726552308,0.000000124996120121068
767,"Alameda",0.133834396782723,"Shoreline Park",0,8,-0.232220545851334,"cold",NA,0,0,NA,0.0000000199523881860841,0.0000000199647267606906
780,"Santa Clara",26.790477063653,"Sierra Azul Open Space Preserve",6,13,0.19160733032977,"ns",NA,10,4,0.4,0.0000000501730106350351,0.000000113687505631788
784,"Contra Costa",4.17513261279857,"Black Diamond Mines Regional Preserve",0,0,-0.221314647118306,"cold",NA,0,0,NA,NA,NA
805,"San Francisco",0.136708215529779,"Sigmund Stern Grove",0,8,-0.289465805365592,"cold",NA,0,0,NA,0.00000000737017824548047,0.00000000739696304208337
810,"San Mateo",0.18370575495287,"Sign Hill Park",0,3,-0.242654995909454,"cold",NA,0,0,NA,NA,NA
837,"Napa",3.59488676261639,"Silverado Trail Rector Dam Watershed",0,0,-0.209863757372676,"cold",NA,0,0,NA,0.000000131609681375267,0.000000152157909383277
876,"Santa Cruz",0.129247861824508,"Skypark",0,1,-0.118614735661046,"ns",NA,0,0,NA,0.0000000145826124509085,0.0000000196619591719127
884,"Contra Costa",0.94548461026365,"Sky Ranch",0,0,-0.284012883923671,"ns",NA,0,0,NA,NA,NA
896,"Solano",2.29209493415483,"Hiddenbrooke Open Space",0,6,-0.222861269378895,"ns",NA,0,0,NA,0.000000137528061827652,0.000000137777874442691
916,"Napa",4.13128271525897,"Skyline Wilderness Park",0,13,-0.187365701928555,"ns",NA,0,0,NA,NA,NA
926,"Santa Cruz",11.0607428322721,"Soquel Demonstration State Forest",0,5,0.147829754212093,"ns",NA,1,1,1,0.0000000155732244877527,0.0000000264533284166646
941,"Napa",1.75243194737016,"Missimer Snell Valley Wildflower Preserve",0,0,-0.209863757372676,"cold",NA,0,0,NA,NA,NA
945,"Contra Costa",1.10247229518538,"Sobrante Ridge Regional Preserve",0,9,-0.256837826723102,"ns",NA,0,0,NA,0.00000000347770257036473,0.00000000447376713452741
950,"Sonoma",0.176040542600176,"Soda Springs",0,1,-0.0667863527387683,"ns",NA,0,0,NA,NA,NA
967,"Solano",0.158990177110324,"Sommerset Open Space",0,0,-0.271661587897018,"cold",NA,0,0,NA,NA,NA
979,"San Mateo",0.157821950519578,"Sonntag",0,0,0.737131535415702,"hot","occ_hot_effort_not_TRUSTED",0,0,NA,0.000000174950301357057,0.000000183027466960084
992,"Sonoma",20.3712128536986,"Sonoma Coast State Park",1,16,0.433984563479909,"hot","occ_hot_effort_not_TRUSTED",2,1,0.5,0.0000000427416608772546,0.000000161030527578987
1008,"Sonoma",1.02935713034569,"Sonoma Valley Regional Park",0,11,0.255137807687524,"ns",NA,0,0,NA,0.000000409071873264111,0.000000414438147799956
1015,"Marin",3.48019096046107,"Soulajule Reservoir",0,3,-0.0697060784840234,"cold",NA,0,0,NA,0.00000000714915326938126,0.0000000108524327302462
1018,"Santa Cruz",0.142763648959164,"Buena Vista Park",0,0,-0.330037075964696,"cold",NA,0,0,NA,0.00000000120040943851762,0.00000000138674804972538
1044,"Sonoma",3.36381326026346,"Santa Rosa Plain Vernal Pool Ecological Reserve",0,2,-0.167453501319181,"ns",NA,0,0,NA,0.0000000169754734713479,0.00000011254109466563
1060,"Alameda",0.400744237978423,"Sports and Recreation Park",0,3,-0.211636258320938,"ns",NA,0,0,NA,0.0000000118510303792618,0.0000000148208583183873
1066,"Solano",0.326339566008776,"Sports Complex",0,0,-0.209863757372676,"cold",NA,0,0,NA,NA,NA
1079,"Sonoma",0.994572981912258,"Spring Lake Regional Park",0,14,0.112060403053616,"ns",NA,0,0,NA,0.0000000693244928129388,0.0000000839273539554597
1095,"Santa Clara",0.734026060824415,"St Joseph's Hill Open Space Preserve",0,10,0.0239679167486215,"ns",NA,0,0,NA,0.0000000474974406472484,0.0000000546736558248995
1105,"Marin",0.518876681350422,"North Antenna Field",0,0,-0.306295426308703,"cold",NA,0,0,NA,NA,NA
1118,"Marin",0.644048185608337,"Stafford Lake County Park",0,9,-0.167453501319181,"ns",NA,0,0,NA,0.0000000149272914029552,0.0000000163461795210651
1134,"Marin",3.20819177083969,"Stafford Lake Watershed",0,8,-0.153416756738804,"ns",NA,0,0,NA,0.0000000145265799389449,0.0000000242157458529846
1153,"Marin",7.11442952296513,"California State Lands Commission",0,5,-0.306295426308703,"cold",NA,0,0,NA,NA,NA
1162,"Napa",2.60405141478018,"California State Lands Commission",0,0,-0.242654995909454,"cold",NA,0,0,NA,0.0000000530793009545505,0.0000000629312140176808
1163,"Santa Cruz",2.30097719655289,"Watsonville Slough Ecological Reserve",0,6,-0.322303460108775,"cold",NA,0,0,NA,0.00000000052023391150513,0.000000000918806142280459
1165,"Sonoma",0.220369008414056,"Steelhead Beach Fishing Access",0,7,-0.174094406214199,"ns",NA,0,0,NA,0.0000000853364952035918,0.0000000859372519812496
1166,"Santa Cruz",0.437087298248943,"Struve Slough",0,10,-0.297991875693768,"cold",NA,0,0,NA,0.000000000448390352625339,0.000000000614236217444386
1177,"Santa Cruz",1.60316237063849,"Byrne-Milliron Forest",0,3,-0.174094406214199,"ns",NA,0,0,NA,0.0000000280362062454742,0.0000000317759329959699
1190,"Santa Clara",0.22886450698958,"Stevens Creek Shoreline Nature Study Area",0,4,-0.209863757372676,"cold",NA,0,0,NA,0.0000000203911412199886,0.0000000231396590777422
1196,"Santa Clara",22.616838824436,"Canada de los Osos Ecological Reserve",8,9,11.2005592621815,"hot","occ_hot_effort_not_TRUSTED",8,0,0,0.00000000439843805821738,0.000000016695690163715
1200,"Sonoma",0.758269651527946,"Stillwater Cove Regional Park",0,4,-0.209863757372676,"cold",NA,0,0,NA,0.00000108673452814401,0.00000112427380827285
1224,"Contra Costa",0.716474147267545,"Stoneman Park",0,0,-0.209863757372676,"cold",NA,0,0,NA,NA,NA
1235,"Solano",0.326050675416691,"Blue Rock Springs Corridor Park",0,3,-0.297991875693768,"cold",NA,0,0,NA,0.000000134256808337341,0.000000146882953799832
1244,"Santa Cruz",1.07308904379651,"Sunset State Beach",0,11,-0.271661587897018,"cold",NA,0,0,NA,0.0000000000490581464340778,0.000000000123098364834817
1250,"Contra Costa",0.747939437338607,"Sugarloaf Recreation Area",0,6,-0.243880253410086,"ns",NA,0,0,NA,NA,NA
1258,"Sonoma",18.2494998694804,"Sugarloaf Ridge State Park",3,16,0.147829754212093,"ns",NA,22,20,0.909090909090909,0.000000214127354070115,0.000000325895683772615
1279,"Santa Clara",0.876194209538305,"Sunnyvale Baylands Park",0,13,-0.209863757372676,"cold",NA,0,0,NA,0.00000000871287308967794,0.0000000114043361421068
1283,"Santa Clara",2.03388077832512,"Sunnyvale Baylands Park",0,14,-0.209863757372676,"cold",NA,0,0,NA,0.00000000855213766470797,0.0000000106846176350928
1295,"Alameda",12.2427696392547,"Sunol Regional Wilderness",4,13,0.112060403053616,"ns",NA,4,0,0,0.00000000569078517642652,0.00000000890211371284977
1318,"Napa",5.27898601607192,"Swartz Canyon",0,3,-0.271661587897018,"cold",NA,0,0,NA,0.0000000760875522587412,0.000000095453557946712
1319,"Santa Cruz",40.3726983487966,"The Forest of Nisene Marks State Park",8,11,0.219368456529047,"ns",NA,9,3,0.333333333333333,0.0000000142295908389656,0.0000000318462518578144
1339,"Sonoma",1.1948195684316,"Bodega Marine Reserve",0,14,-0.209863757372676,"cold",NA,0,0,NA,0.0000000381282951877893,0.0000000444628902585009
1367,"Alameda",3.39462619069421,"Sycamore Grove Park",1,12,0.112060403053616,"ns",NA,0,0,NA,0.000000000497472119054265,0.000000000731566363043612
1371,"Contra Costa",2.80122444260445,"Sycamore Valley Open Space Regional Preserve",0,4,-0.138325055055722,"ns",NA,0,0,NA,NA,NA
1387,"Santa Cruz",0.124887769512117,"Ellicott Slough National Wildlife Area",0,0,-0.280696895853321,"cold",NA,0,0,NA,0.00000000203607242177384,0.00000000247925435736818
1417,"Solano",0.243308852622235,"Alamo Terrace Open Space",0,0,-0.262332310850271,"cold",NA,0,0,NA,NA,NA
1421,"San Mateo",2.51134400505573,"Teague Hill Open Space Preserve",0,5,0.552333623540656,"hot","occ_hot_effort_hot_SUSPECT",0,0,NA,0.0000000497331242854671,0.0000000943028766187126
1433,"Alameda",0.168539775458813,"Temescal Regional Recreation Area",0,9,-0.266167093643342,"ns",NA,0,0,NA,NA,NA
1465,"Marin",4.38281886960074,"Terra Linda/Sleepy Hollow Divide Open Space Preserve",0,8,-0.317025312099692,"ns",NA,0,0,NA,0.0000000136350131185736,0.0000000234843042790089
1501,"Santa Clara",0.300633489759024,"Thompson Creek",0,2,-0.242654995909454,"cold",NA,0,0,NA,0.0000000385420335646813,0.0000000476655515058155
1502,"Santa Cruz",0.456719597721646,"Twin Lakes State Beach",0,12,-0.180617520732422,"ns",NA,0,0,NA,0.00000000348710571529409,0.00000000445234293877661
1533,"San Mateo",0.235149147157583,"Thornton State Beach",0,1,-0.232220545851334,"cold",NA,0,0,NA,0.00000000288610069176798,0.00000000327292215551722
1564,"Santa Cruz",1.61923721355683,"UC Santa Cruz Campus Natural Reserve",1,12,0.0454754243240263,"ns",NA,0,0,NA,0.00000000253581200482245,0.00000000357217588842218
1618,"Contra Costa",5.92075409355936,"Tilden Regional Park",0,16,-0.184987897994187,"ns",NA,0,0,NA,0.00000000028759439274495,0.000000000537465072447674
1665,"Marin",0.213176085940461,"Tomales Bay Fishing Access",0,1,-0.138325055055722,"ns",NA,0,0,NA,0.0000000146107259624273,0.0000000170899987494977
1673,"Marin",9.93889713315152,"Tomales Bay State Park",0,14,-0.138325055055722,"ns",NA,0,0,NA,0.0000000255650647318362,0.0000000672500632958872
1683,"Solano",0.672884533365034,"Tourtelot Open Space",0,0,-0.232220545851334,"cold",NA,0,0,NA,NA,NA
1700,"Sonoma",0.117835877981491,"Cloverdale River Park",0,1,-0.0310170015802914,"ns",NA,0,0,NA,NA,NA
1736,"San Francisco",0.221024831188495,"Twin Peaks Park",0,7,-0.297991875693768,"cold",NA,0,0,NA,0.0000000113448379579495,0.0000000114649010285461
1750,"Napa",0.162693016754377,"UC Agricultural Research Station",0,0,-0.209863757372676,"cold",NA,0,0,NA,0.000000181246889496833,0.000000190445192060906
1787,"Santa Clara",5.1819436857803,"Upper Stevens Creek County Park",1,10,0.498398380773762,"ns",NA,2,1,0.5,0.000000162532145964178,0.000000228693750159437
1793,"Alameda",0.48285390352161,"Livermore Monitoring Station",0,0,-0.222861269378895,"ns",NA,0,0,NA,NA,NA
1796,"Santa Clara",4.64305327738009,"Uvas Canyon County Park",0,9,0.147829754212093,"ns",NA,0,0,NA,0.0000000504519590549535,0.000000054951076577936
1800,"Santa Clara",1.89049823164714,"Uvas Reservoir",0,3,-0.242654995909454,"cold",NA,0,0,NA,0.0000000300623455018467,0.0000000340446852931109
1835,"Napa",11.2843974829043,"Lake Curry",0,1,-0.0697060784840234,"cold",NA,0,0,NA,NA,NA
1847,"Sonoma",0.109511320395725,"Grove of Old Trees",0,3,-0.102555703897245,"ns",NA,0,0,NA,0.0000000594159637046232,0.0000000642733937183948
1853,"Napa",6.68798793434725,"Bothe-Napa Valley State Park",1,9,-0.174094406214199,"cold",NA,12,11,0.916666666666667,0.0000000721935649039551,0.0000000883483011193675
1868,"Santa Cruz",30.9983769239803,"Wilder Ranch State Park",9,16,0.0675323799757062,"ns",NA,14,5,0.357142857142857,0.0000000024464201775487,0.00000000604010352844853
1875,"Marin",0.464441195365232,"Verissimo Hills Open Space Preserve",0,3,-0.193046081189682,"ns",NA,0,0,NA,0.0000000121107044392943,0.0000000134670044005247
1891,"Santa Clara",0.54300581826216,"Villa Montalvo Arboretum",0,2,-0.180617520732422,"ns",NA,0,0,NA,0.0000000366500323423224,0.0000000393847052748697
1942,"Contra Costa",3.97081786893671,"Lime Ridge Open Space",0,12,-0.281566626515903,"ns",NA,0,0,NA,NA,NA
1955,"Napa",2.82572543068722,"Wantrup Preserve",0,0,-0.138325055055722,"ns",NA,0,0,NA,0.0000000819675136654041,0.0000000857456043945604
1974,"San Mateo",0.188052900548995,"Water Dog Lake Canyon",0,2,-0.0310170015802914,"ns",NA,0,0,NA,0.00000000280811462971542,0.00000000345560358105956
1981,"Santa Clara",0.16407448196491,"Watson Park",0,0,-0.232220545851334,"cold",NA,0,0,NA,0.0000000224324416819854,0.0000000256062762105103
2004,"Sonoma",0.114951874543054,"West County Trail",0,1,-0.187365701928555,"ns",NA,0,0,NA,0.0000000110337792236237,0.000000023268276194699
2005,"Santa Cruz",0.280447560938045,"Younger Lagoon Reserve",0,12,0.0675323799757062,"ns",NA,0,0,NA,NA,NA
2057,"Marin",1.54565787941066,"White Hill Open Space Preserve",0,4,0.197563929755251,"ns",NA,0,0,NA,0.0000000319827471173539,0.0000000373474229320436
2063,"Solano",6.20082758918537,"Wilcox Ranch",0,0,-0.209863757372676,"cold",NA,0,0,NA,NA,NA
2071,"Marin",0.334371457877836,"Boyd Memorial Park",0,6,-0.317025312099692,"ns",NA,0,0,NA,0.00000000986221504462037,0.000000012033188667715
2078,"Contra Costa",9.55354109709566,"Wildcat Canyon Regional Park",0,13,-0.193046081189682,"ns",NA,0,0,NA,0.000000000557581258942008,0.00000000148490542084545
2138,"Solano",0.930984894556405,"Braito Open Space",0,1,-0.242654995909454,"cold",NA,0,0,NA,NA,NA
2221,"San Mateo",5.20470858640034,"Windy Hill Open Space Preserve",4,13,0.903397788114882,"hot","occ_hot_effort_hot_SUSPECT",3,0,0,0.000000372714794139029,0.000000461135158502657
2273,"San Mateo",3.77070811006144,"Wunderlich Park",1,13,0.661357927815219,"hot","occ_hot_effort_hot_SUSPECT",1,0,0,0.000000116969722796512,0.000000178496676994655
2314,"San Mateo",0.918218053641592,"Johnston Ranch",0,3,-0.233588795812426,"ns",NA,0,0,NA,0.0000000082487083830074,0.00000000951375334068416
2389,"San Mateo",1.20878221664097,"Bair Island Ecological Reserve",0,10,-0.132754915462356,"ns",NA,0,0,NA,0.0000000134329720680171,0.000000016153988369183
2394,"Napa",117.118335783033,"BLM",2,7,0.144147624256364,"hot","occ_hot_effort_hot_SUSPECT",3,1,0.333333333333333,0.000000125464765687866,0.000000245315874281005
3180,"Contra Costa",23.5467184355964,"Briones Regional Park",2,16,-0.204845280774581,"cold",NA,3,1,0.333333333333333,NA,NA
3227,"Sonoma",2.13491257041021,"Bouverie Wildflower Preserve",5,14,0.0268476322772787,"ns",NA,5,0,0,0.000000394840100170768,0.000000423336842914068
3238,"San Mateo",0.599759933277587,"Thornewood Open Space Preserve",0,8,0.594850918980478,"hot","occ_hot_effort_hot_SUSPECT",0,0,NA,0.000000200898853108811,0.000000252308410608748
3251,"Contra Costa",0.317721554548189,"Gustin Ranch",0,0,-0.337607087457896,"cold",NA,0,0,NA,NA,NA
3269,"Sonoma",1.81223126499067,"Fairfield Osborn Preserve",4,12,0.00475234957818558,"ns",NA,4,0,0,0.000000232473368555475,0.000000282723277678087
3289,"Sonoma",0.135236996734099,"Harrison Grade Ecological Reserve",1,0,-0.174094406214199,"cold",NA,0,0,NA,0.0000000311741352732042,0.0000000311741352732042
3421,"Contra Costa",0.152950433111909,"Hercules",0,0,-0.280696895853321,"cold",NA,0,0,NA,0.0000000157758055507884,0.0000000157758055507884
3447,"Contra Costa",0.141776438700475,"Point Isabel",0,3,-0.153416756738804,"ns",NA,0,0,NA,NA,NA
3831,"Napa",2.08148116598872,"Cedar Roughs Wildlife Area",1,1,-0.199837023585257,"cold",NA,1,0,0,NA,NA
3979,"Napa",0.416739385334775,"Audubon Cheyney Preserve",0,0,-0.174094406214199,"ns",NA,0,0,NA,0.0000000473022936375855,0.000000051115289778636
4022,"Sonoma",0.465708624779948,"Stone Farm",0,2,-0.211636258320938,"ns",NA,0,0,NA,0.0000000172751342120137,0.0000000173857905849673
4034,"Sonoma",1.82098858368997,"Brown Farm",0,3,-0.187365701928555,"ns",NA,0,0,NA,0.00000000794341303844703,0.0000000103154524921933
4179,"Alameda",0.853663209734447,"Brushy Peak",0,1,-0.187365701928555,"ns",NA,0,0,NA,NA,NA
4205,"Sonoma",1.72219930563929,"Alpha Farm",0,2,-0.199837023585257,"ns",NA,0,0,NA,0.00000000600828409247356,0.00000000854724202525858
4313,"Sonoma",0.365629289010505,"Freezeout Redwoods",0,0,0.433984563479909,"hot","occ_hot_effort_not_TRUSTED",0,0,NA,0.0000000365185108819333,0.0000000382992624281542
4390,"Sonoma",1.36320048837848,"Secret Pasture",0,0,0.0268476322772787,"ns",NA,0,0,NA,0.000000368643753745346,0.000000393131159626137
4392,"San Francisco",0.146154951175809,"Buena Vista Park",0,12,-0.262332310850271,"cold",NA,0,0,NA,0.0000000154857016099186,0.0000000155811825663932
4458,"Sonoma",0.390603989944365,"White Rock Preserve",0,0,0.00475234957818558,"ns",NA,0,0,NA,0.0000000957186543359967,0.00000010091821422975
4492,"Napa",0.405415197408748,"Bull Island",0,0,-0.174094406214199,"ns",NA,0,0,NA,0.0000000781440689934243,0.0000000859489901472443
4582,"Napa",0.59853965356344,"Bumpy Camp Nature Preserve",0,2,0.00549490479867423,"ns",NA,1,1,1,0.000000275320331866169,0.000000297650387892645
4664,"Sonoma",0.9595430055259,"Glen Oaks Ranch",1,8,0.0762910518951394,"ns",NA,0,0,NA,0.000000415780732510029,0.000000423336842914068
4698,"San Mateo",15.4229015823649,"Rancho Corral de Tierra",8,14,0.194551365270094,"ns",NA,4,0,0,0.00000000604996897024535,0.00000000709669745191377
4867,"San Mateo",5.48329445733375,"Burleigh H. Murray Ranch",1,16,-0.119229438948566,"ns",NA,0,0,NA,0.00000000453852644355379,0.00000000747814166146554
4870,"Solano",0.184086076328376,"Alan Witt Park",0,4,-0.232220545851334,"cold",NA,0,0,NA,NA,NA
4904,"Marin",0.219129070347766,"Cascade Canyon Open Space Preserve",0,0,-0.297991875693768,"cold",NA,0,0,NA,0.0000000380722582349335,0.000000039852384503547
5031,"San Mateo",18.7098751743121,"Butano State Park",1,13,-0.173051924583484,"ns",NA,2,1,0.5,0.000000013691910716318,0.0000000351901583428571
5032,"Santa Cruz",22.172172222924,"Castle Rock State Park",1,10,0.0156602361348128,"ns",NA,0,0,NA,0.000000068039163636513,0.0000000979112257937231
5050,"Sonoma",0.296722665064529,"Youth Community Park",0,4,-0.209863757372676,"cold",NA,0,0,NA,0.000000048934747809426,0.0000000522806011815646
5068,"Alameda",0.141434445812864,"Taper Park Property",0,0,-0.119467811549053,"ns",NA,0,0,NA,0.0000000775834934074737,0.0000000928396346466798
5074,"Santa Clara",0.40498887061337,"Byrne Reserve",0,6,0.811810457093345,"hot","occ_hot_effort_hot_SUSPECT",1,1,1,0.000000410541304063372,0.000000445544145577514
5085,"Contra Costa",0.197759841129804,"Paso Nogal Park",0,1,-0.180617520732422,"ns",NA,0,0,NA,NA,NA
5101,"Contra Costa",0.284016696799946,"Lafayette Community Park",0,2,-0.211636258320938,"ns",NA,0,0,NA,NA,NA
5106,"Sonoma",4.76659584284033,"Mark West Creek Regional Park & Open Space Preserve",4,7,0.00475234957818558,"ns",NA,4,0,0,0.000000116181411158323,0.000000128869984905577
5115,"Napa",0.131705320899121,"Department Of Transportation",0,0,-0.209863757372676,"cold",NA,0,0,NA,NA,NA
5121,"San Mateo",11.4849959832742,"Purisima Creek Redwoods Open Space Preserve",0,15,0.123998199075508,"ns",NA,1,1,1,0.00000000761906537860568,0.0000000216746638415088
5133,"Marin",0.807025702325573,"Bishop Pine Preserve",0,1,-0.174094406214199,"ns",NA,0,0,NA,0.0000000168732565697383,0.0000000180752621758984
5175,"Solano",0.595574285076395,"Gonzales Open Space",0,1,-0.280696895853321,"cold",NA,0,0,NA,NA,NA
5192,"Marin",0.262808266294872,"La Cresta Open Space",0,2,-0.306295426308703,"cold",NA,0,0,NA,0.0000000347320643356852,0.000000035502051076719
5195,"Marin",0.24152008888725,"Atkinson Open Space Purchase",0,1,-0.262332310850271,"cold",NA,0,0,NA,0.0000000295731759081264,0.0000000297420932326986
5225,"Marin",0.118131096984217,"Del Madera Subdivision Open Space",0,0,-0.242654995909454,"cold",NA,0,0,NA,0.0000000261394355050015,0.0000000301172740080347
5263,"Alameda",0.102942546481031,"Arroyo Mocho Bike Trail",0,1,-0.153416756738804,"ns",NA,0,0,NA,0.000000000692246981959244,0.000000000692246981959244
5275,"Sonoma",0.364021826073379,"Howarth Park",0,13,-0.0667863527387683,"ns",NA,0,0,NA,0.0000000606694072757819,0.0000000680684593135084
5305,"Santa Clara",0.110501963558599,"Timothy Hopkins Park",0,4,0.362445861162955,"ns",NA,0,0,NA,0.0000000530730837056126,0.0000000571852147857044
5324,"Sonoma",1.28300391864076,"Kruse Rhododendron State Natural Reserve",0,2,-0.209863757372676,"cold",NA,0,0,NA,0.0000010314757901142,0.00000113831481485249
5358,"Contra Costa",14.6995776292996,"Marsh Creek State Historic Park",0,12,-0.209863757372676,"cold",NA,0,0,NA,NA,NA
5363,"Marin",1.7433497659681,"Audubon Canyon Ranch",0,10,-0.209863757372676,"cold",NA,0,0,NA,0.0000000581096166740735,0.0000000745966417525779
5369,"Sonoma",1.23002523324484,"Riverfront Regional Park",0,9,-0.174094406214199,"ns",NA,0,0,NA,0.000000100482942855251,0.000000107577491803568
5373,"Sonoma",9.66990581670783,"Hood Mountain Regional Park and Open Space Preserve",5,13,0.186072695158706,"ns",NA,11,7,0.636363636363636,0.000000156002954554424,0.000000245224129002963
5385,"Sonoma",0.135386980769239,"Wohler Bridge Fishing Access",0,1,-0.174094406214199,"ns",NA,0,0,NA,0.0000000947200149425953,0.0000000952309520130257
5394,"San Francisco",0.122614460798117,"Pine Lake Park",0,5,-0.289465805365592,"cold",NA,0,0,NA,0.00000000743928740831734,0.00000000759672413863655
5806,"Solano",4.00405178058159,"Calhoun Cut Ecological Reserve",0,1,-0.209863757372676,"cold",NA,0,0,NA,NA,NA
6616,"Marin",0.692268461163226,"Camino Alto Open Space Preserve",0,3,-0.322303460108775,"cold",NA,0,0,NA,0.0000000356424791903009,0.0000000389560739222361
6857,"Marin",0.133234863908551,"Hawthorne Hills Town Open Space",1,0,0.0381564603635073,"ns",NA,0,0,NA,0.0000000184209678621983,0.0000000184209678621983
6869,"Marin",0.248272652437702,"Sorich Ranch Park",0,1,-0.32297196499353,"ns",NA,0,0,NA,0.0000000124552110847276,0.0000000152276697917841
6898,"Marin",2.60061090654618,"Harry A Barbier Memorial Park",0,8,-0.298760460208231,"ns",NA,0,0,NA,0.00000000537308642023504,0.00000000816959655480787
7007,"Sonoma",1.10274474024743,"Lafferty Ranch",0,3,0.00475234957818558,"ns",NA,0,0,NA,0.000000167679459650572,0.000000202216995148774
7020,"Sonoma",1.84460910678918,"Shollenberger Park",0,13,-0.209863757372676,"cold",NA,1,1,1,0.0000000123457146727901,0.0000000139604834359375
7172,"Sonoma",0.137056957043096,"Cloverdale River Park",0,2,-0.0310170015802914,"ns",NA,0,0,NA,NA,NA
7219,"San Francisco",0.371320221464315,"Candlestick Point State Recreation Area",0,12,-0.209863757372676,"cold",NA,0,0,NA,0.00000000579357717356288,0.0000000071344485874647
8156,"Contra Costa",4.373820016576,"Carquinez Strait Regional Shoreline",0,7,-0.330037075964696,"cold",NA,0,0,NA,0.0000000725062463402537,0.0000000725062463402537
8210,"Sonoma",5.19240392011328,"Calabazas Creek Open Space Preserve",2,7,0.0985511175642222,"ns",NA,9,7,0.777777777777778,0.000000364767316796133,0.000000419911543758644
8457,"Marin",2.09168489163341,"Cascade Canyon Open Space Preserve",0,7,0.1728397638939,"ns",NA,0,0,NA,0.0000000271405671270486,0.0000000308894030354168
8566,"San Mateo",14.1366820062329,"Año Nuevo State Park",1,17,-0.0141549520544008,"ns",NA,1,0,0,0.00000000663069377182524,0.00000000907823238804895
8784,"Contra Costa",0.615733846627682,"Dutra Ranch",0,2,-0.284012883923671,"ns",NA,0,0,NA,NA,NA
8824,"Solano",5.85802312082888,"Vallejo Swett",0,7,-0.271661587897018,"cold",NA,0,0,NA,0.000000132314795564525,0.000000132314795564525
8836,"Solano",4.66045671121173,"Eastern Swett",0,5,-0.232220545851334,"cold",NA,0,0,NA,NA,NA
8859,"Sonoma",0.112251605836584,"Keiser Park",0,0,-0.174094406214199,"ns",NA,0,0,NA,0.000000109772699374844,0.000000109772699374844
8871,"San Mateo",10.934630753249,"El Corte de Madera Creek Open Space Preserve",0,12,0.084225859589453,"ns",NA,1,1,1,0.000000037918486128774,0.000000104736493256041
8931,"Santa Clara",0.417821147061217,"Castle Rock State Park",0,1,-0.0590074283806956,"ns",NA,0,0,NA,0.000000076966067297235,0.00000008236840187692
9047,"Santa Clara",0.132156396538885,"Cataldi Park",0,1,-0.119467811549053,"ns",NA,0,0,NA,0.00000000716471237893757,0.00000000727422921897869
9277,"San Mateo",1.01648923049012,"Sweeney Ridge",0,0,-0.167453501319181,"ns",NA,0,0,NA,0.00000000136415090334907,0.00000000170585234826603
9314,"San Mateo",0.911889386939325,"Pillar Point Bluff",0,13,0.118174804779204,"ns",NA,0,0,NA,0.00000000663429400304949,0.00000000685178624948435
9357,"Contra Costa",0.285036439724056,"Delta Islands",0,0,-0.209863757372676,"cold",NA,0,0,NA,NA,NA
9433,"Alameda",0.56646961427139,"Byron Conservation Bank",0,0,-0.209863757372676,"cold",NA,0,0,NA,NA,NA
9456,"Alameda",21.424100185516,"Eden Landing Ecological Reserve",0,10,-0.209863757372676,"cold",NA,1,1,1,0.0000000298358600048232,0.0000000672357671760437
9627,"Solano",1.14109646001692,"Centennial Park",0,5,-0.232220545851334,"cold",NA,0,0,NA,NA,NA
9709,"Santa Clara",0.236706741024893,"Silver Creek Linear Park",0,3,-0.221314647118306,"cold",NA,0,0,NA,0.0000000484088538144078,0.0000000527072074874013
9772,"Napa",94.4750797594769,"Lake Berryessa",1,9,-0.174094406214199,"cold",NA,1,0,0,NA,NA
9819,"Sonoma",7.12569535288108,"Tolay Lake Regional Park",1,11,-0.138325055055722,"ns",NA,2,1,0.5,0.0000000399796853400858,0.0000000651189182576672
9831,"Sonoma",0.267993778309662,"Crinella Park",0,0,-0.209863757372676,"cold",NA,0,0,NA,0.0000000170712652902694,0.0000000198806695550502
9994,"San Mateo",1.23452424137667,"Coastside County Water District",0,3,0.0405217007366625,"ns",NA,0,0,NA,0.00000000199510408194215,0.00000000234267027998669
10425,"Sonoma",0.309602555977318,"A Place to Play Park",0,1,-0.199837023585257,"ns",NA,0,0,NA,0.0000000269381050799211,0.0000000273620024415777
11113,"Santa Clara",0.825916453159357,"Chesbro Reservoir County Park",0,2,-0.0384957104961882,"ns",NA,0,0,NA,0.0000000412295619867109,0.0000000513931439627413
11238,"Marin",5.00164666647521,"China Camp State Park",1,13,-0.253785653035861,"cold",NA,1,0,0,0.00000000327548344003503,0.00000000464779992270792
11320,"Contra Costa",0.10401125814092,"Dallas Ranch Park",0,1,-0.242654995909454,"cold",NA,0,0,NA,NA,NA
11523,"Contra Costa",0.175141723069437,"Sunset Park Athletic Complex",0,0,-0.209863757372676,"cold",NA,0,0,NA,NA,NA
11820,"Contra Costa",0.100884648208556,"Clayton Community Park",0,2,-0.252676457568109,"cold",NA,0,0,NA,NA,NA
11831,"Santa Clara",0.134108639909077,"Community Center",0,4,-0.209863757372676,"cold",NA,0,0,NA,0.0000000380084728135444,0.0000000381266112015055
12717,"Alameda",0.103813622052138,"Lakeshore Park",0,0,-0.242654995909454,"cold",NA,0,0,NA,0.00000000759819140938589,0.00000000759819140938589
12802,"Alameda",0.105022398833554,"Newark Sportsfield Park",0,0,-0.209863757372676,"cold",NA,0,0,NA,0.000000000882419581849092,0.000000000882419581849092
12859,"Marin",0.554280096667085,"Civic Center Lagoon Park",0,7,-0.300919630643503,"ns",NA,0,0,NA,0.00000000638757269300072,0.00000000812964895402501
13006,"Alameda",1.17797936855941,"Fremont Central Park",0,12,-0.232220545851334,"cold",NA,0,0,NA,0.00000000195624760834789,0.00000000281213052844009
13020,"Alameda",0.871270321653005,"Claremont Canyon Regional Reserve",1,13,-0.196411915652022,"ns",NA,1,0,0,0.00000000095828478485771,0.000000000970195257465889
13051,"Solano",0.465569486252126,"Unnamed Site - Vacaville, City of",0,2,-0.232220545851334,"cold",NA,0,0,NA,NA,NA
13052,"Santa Cruz",0.386487206124007,"Anna Jean Cummings Park",2,9,0.147829754212093,"ns",NA,0,0,NA,0.00000000709433400913895,0.00000000744774242278368
13078,"Contra Costa",16.503252175151,"Clayton Ranch Regional Preserve",0,1,-0.252676457568109,"cold",NA,0,0,NA,NA,NA
13101,"Napa",1.64357777484344,"Cleary Reserve",0,2,-0.232220545851334,"cold",NA,0,0,NA,0.0000000396219803633358,0.0000000451167316839474
13181,"San Mateo",5.09649375399656,"Cloverdale Coastal Ranches",0,8,0.112060403053616,"ns",NA,1,1,1,0.00000000207146522157586,0.00000000606794170465719
13243,"Alameda",0.217012440028906,"North Oakland Sports Center",0,3,-0.275217460307687,"ns",NA,0,0,NA,0.00000000220972928843821,0.00000000235363439848868
13259,"San Mateo",1.87996993214179,"Coal Creek Open Space Preserve",0,7,1.09027653392386,"hot","occ_hot_effort_hot_SUSPECT",0,0,NA,0.000000418974110516501,0.000000469025451366178
13326,"Santa Clara",0.185076988412247,"Almaden Lake",0,11,-0.0255238327898417,"ns",NA,0,0,NA,0.0000000570550398037994,0.000000066650947871949
13404,"Alameda",0.21824608475418,"Dunsmuir Estate Park",0,0,-0.226874410218402,"ns",NA,0,0,NA,0.0000000651794209716172,0.000000065429496487468
13421,"Napa",0.160829119441171,"Kimberly Park",0,1,-0.211636258320938,"ns",NA,0,0,NA,0.000000157644421960867,0.000000159476840622119
13478,"Sonoma",0.389787175774543,"Montini",0,6,-0.0310170015802914,"ns",NA,0,0,NA,0.000000236089704230835,0.000000258909608419344
13530,"Contra Costa",0.105925034990286,"Hillcrest Community Park",0,2,-0.209863757372676,"cold",NA,0,0,NA,NA,NA
13532,"Contra Costa",0.163322328059683,"Willow Pass Community Park",0,1,-0.209863757372676,"cold",NA,0,0,NA,NA,NA
13550,"Contra Costa",0.122039060531135,"Concord Community Park",0,1,-0.242654995909454,"cold",NA,0,0,NA,NA,NA
13556,"Contra Costa",1.07009855753528,"Lime Ridge Open Space",0,5,-0.271661587897018,"cold",NA,0,0,NA,NA,NA
13559,"Contra Costa",0.472927026380899,"Newhall Community Park",0,6,-0.280696895853321,"cold",NA,0,0,NA,NA,NA
13762,"Alameda",0.329026556210764,"Cesar Chavez Park",0,15,-0.138325055055722,"ns",NA,0,0,NA,NA,NA
13850,"Alameda",0.394919302461218,"Aquatic Park",0,9,-0.174094406214199,"ns",NA,0,0,NA,NA,NA
13861,"Santa Clara",16.0684698518608,"Almaden Quicksilver Park",5,14,0.0405217007366625,"ns",NA,6,1,0.166666666666667,0.000000114866374190115,0.00000016588543871876
13862,"Santa Cruz",0.330543910272836,"Arana Gulch",0,9,-0.180617520732422,"ns",NA,0,0,NA,0.00000000454578774622405,0.00000000520856024976979
13945,"San Mateo",0.171475308722917,"Stulsaft Park",0,7,0.625869656568994,"hot","occ_hot_effort_hot_SUSPECT",0,0,NA,0.0000000372043871266214,0.0000000431273399215115
13977,"San Mateo",1.9099032850087,"Edgewood Park and Natural Preserve",4,15,0.0538463545660252,"ns",NA,4,0,0,0.0000000130203190451539,0.0000000208682422453421
14017,"San Mateo",0.356278702607041,"Shoreline Bayfront Seal Point",0,10,-0.209863757372676,"cold",NA,1,1,1,0.00000000186408688485074,0.00000000186408688485074
14062,"San Mateo",0.956653098981631,"Laurelwood Park and Sugarloaf Mountain",0,12,-0.187365701928555,"ns",NA,0,0,NA,0.00000000199946881274116,0.00000000300058911051337
14075,"San Mateo",0.556399285226966,"Coyote Point Recreation Area",0,11,-0.209863757372676,"cold",NA,0,0,NA,NA,NA
14122,"Marin",0.125275241371901,"Natalie Coffin Greene Park",0,5,0.0399077707905076,"ns",NA,0,0,NA,0.0000000234030856915979,0.0000000234030856915979
14159,"Santa Clara",0.133418693898209,"Central Park",0,4,-0.174094406214199,"ns",NA,0,0,NA,0.0000000234717862923617,0.0000000235894610511878
14204,"Contra Costa",2.75635665232847,"Contra Loma Regional Park",0,9,-0.232220545851334,"cold",NA,0,0,NA,NA,NA
14331,"San Mateo",0.223285014083391,"Big Canyon Park",0,5,0.0538463545660252,"ns",NA,0,0,NA,0.0000000076949620009259,0.00000000958302592835025
14337,"San Mateo",0.264169917265675,"Eaton Park",1,3,0.0538463545660252,"ns",NA,0,0,NA,0.00000000921090048677797,0.00000000958302592835025
14487,"Santa Clara",1.0678930508326,"Stewart Ridge",0,0,-0.180617520732422,"ns",NA,0,0,NA,0.0000000462156961589244,0.0000000496504846125845
14504,"Santa Clara",4.41573956000401,"Mount Madonna County Park",2,14,-0.0855188663593018,"ns",NA,2,0,0,0.000000014489192956546,0.0000000220343157053549
14545,"Santa Clara",0.124790192563739,"Las Animas Park",0,1,-0.174094406214199,"ns",NA,0,0,NA,0.00000000522820009507541,0.00000000522820009507541
14563,"Marin",0.160122342747141,"Alta Bowl Open Space Preserve",0,3,-0.306295426308703,"cold",NA,0,0,NA,0.000000034582569696795,0.0000000349751552164435
14639,"Santa Clara",0.269978383223867,"Quarry Park",0,7,-0.133415704811255,"ns",NA,0,0,NA,0.0000000393600601000799,0.0000000395206676273574
14690,"Santa Clara",0.867918358004269,"Coyote Creek Parkchain I",1,9,-0.199837023585257,"cold",NA,0,0,NA,0.0000000233235422086864,0.0000000467244127833055
14720,"Santa Clara",6.98697622476484,"Coyote Creek Parkway",1,10,-0.272596885683331,"cold",NA,1,0,0,0.0000000879995454283744,0.000000112845818023288
14758,"Alameda",0.195315622600408,"Emerald Glen Park",0,2,-0.232220545851334,"cold",NA,0,0,NA,NA,NA
14914,"Sonoma",0.526013369257511,"Crane Creek",1,13,0.0405217007366625,"ns",NA,1,0,0,0.0000000928854859694184,0.000000104256884014831
14942,"Marin",0.110892123380254,"Hal Brown Park at Creekside",0,2,-0.33068182787541,"ns",NA,0,0,NA,0.0000000220822027330314,0.0000000237758914778397
14996,"Santa Clara",0.113100109931448,"Cardoza Park",0,0,-0.138325055055722,"ns",NA,0,0,NA,0.00000000217448636874451,0.00000000217448636874451
15030,"San Francisco",0.22851374793149,"Crocker Amazon Playground",0,4,-0.289465805365592,"cold",NA,0,0,NA,0.00000000403154398753713,0.00000000421678780782031
15036,"Sonoma",1.33930854496427,"Carrington Coast Ranch",0,5,-0.174094406214199,"ns",NA,0,0,NA,0.0000000636124681818728,0.0000000696927529020286
15087,"Alameda",0.136354646785555,"Crown Memorial Regional Shoreline",0,10,-0.232220545851334,"cold",NA,0,0,NA,NA,NA
15119,"Santa Clara",0.10176890214357,"Cuesta Park",0,10,0.18359910537057,"ns",NA,0,0,NA,0.000000105654912374575,0.000000119601921255708
15150,"Alameda",1.03212476793638,"Cull Canyon Regional Recreation Area",0,3,-0.0565425703783578,"ns",NA,0,0,NA,0.000000135314351723537,0.000000148520385323536
15183,"Santa Clara",2.56319278874887,"Alum Rock",1,15,-0.0667863527387683,"ns",NA,0,0,NA,0.00000000578308645415859,0.0000000087394083081449
15212,"Napa",0.161024552122387,"Dale Peters Clyde",0,2,0.0985511175642222,"ns",NA,0,0,NA,0.000000323366947441173,0.000000328827127304976
15246,"Solano",0.433491419730082,"Dan Foley Park",0,3,-0.243880253410086,"ns",NA,0,0,NA,0.000000157895712504796,0.000000161637032647377
15302,"San Mateo",0.101590391386888,"Orange Memorial Park",0,3,-0.209863757372676,"cold",NA,0,0,NA,NA,NA
15353,"Contra Costa",0.552980460019153,"Fernandez Ranch",0,5,-0.314394127622371,"cold",NA,0,0,NA,0.0000000116338547684336,0.0000000160743685029274
15367,"Contra Costa",0.138525024894672,"Osage Station Park",0,2,-0.242654995909454,"cold",NA,0,0,NA,0.0000000227292797916334,0.0000000250654199618339
15376,"Santa Clara",1.95138072243126,"Carnadero Preserve",0,0,-0.174094406214199,"ns",NA,0,0,NA,0.0000000000563207536163901,0.00000000011208691613751
15398,"Santa Cruz",0.495613543463759,"Ellicott Slough National Wildlife Refuge",0,3,-0.322303460108775,"cold",NA,0,0,NA,0.000000000430445429300264,0.000000000540218814126803
15481,"Alameda",0.167351329981249,"Middle Harbor Shoreline Park",0,11,-0.209863757372676,"cold",NA,0,0,NA,0.0000000121582894863081,0.0000000121582894863081
15523,"Marin",0.617955795466405,"Deer Island Open Space Preserve",0,7,-0.300919630643503,"ns",NA,0,0,NA,NA,NA
15586,"San Mateo",0.105640142864654,"Alto Loma",0,0,-0.252676457568109,"cold",NA,0,0,NA,0.00000000132644362160761,0.00000000132644362160761
15608,"Alameda",4.87050022363209,"Del Valle Regional Park",0,9,0.469753914638386,"hot","occ_hot_effort_not_TRUSTED",0,0,NA,0.000000000710010550353246,0.00000000101264463481243
15618,"Alameda",0.101245861288729,"Alden E. Oliver Sports Park",0,0,-0.138325055055722,"ns",NA,0,0,NA,0.0000000564033229011329,0.0000000699494293598946
15684,"Contra Costa",2.45000522480626,"Diablo Foothills Regional Park",0,13,-0.176101765736736,"ns",NA,0,0,NA,NA,NA
15693,"Contra Costa",0.128978699777886,"Diablo Vista Park",0,1,-0.209863757372676,"cold",NA,0,0,NA,NA,NA
15702,"Alameda",0.294018637561423,"Dimond Canyon Park",0,9,-0.232109026930301,"ns",NA,0,0,NA,0.00000000837619396065747,0.00000000941262356946027
15747,"Sonoma",0.617740588703917,"Doran Park",0,16,-0.209863757372676,"cold",NA,0,0,NA,0.0000000484017697033323,0.0000000618681994524195
15770,"Alameda",0.479791151417539,"Dougherty Hills Open Space",0,4,-0.262332310850271,"cold",NA,0,0,NA,0.0000000155981663141347,0.0000000191920115355515
15804,"Alameda",6.77987427355325,"Dry Creek Pioneer Regional Park",0,13,-0.119467811549053,"ns",NA,0,0,NA,0.0000000623414280198631,0.000000103819310481867
15882,"Santa Clara",8.50753576731188,"Edward R. Levin Park",1,13,-0.102555703897245,"ns",NA,1,0,0,0.00000000175248371370174,0.00000000298877878002202
15886,"Alameda",0.110145973107929,"Eden Greenway",0,0,0.050276914399702,"ns",NA,0,0,NA,0.000000116576579500816,0.000000134746969138178
15920,"Contra Costa",0.723253005930117,"Acalanes Ridge Open Space",0,5,-0.153416756738804,"ns",NA,0,0,NA,NA,NA
15977,"Napa",0.100342404446637,"Lower Reservoir",0,0,-0.138325055055722,"ns",NA,0,0,NA,0.0000000829447799333138,0.0000000831245614563159
15980,"Napa",0.437744209648681,"St Helena Wastewater Treatment Field",0,1,-0.174094406214199,"ns",NA,0,0,NA,0.000000100308746198152,0.000000116948477568712
15982,"Napa",0.605655726932628,"Bell Canyon Reservoir",0,3,-0.138325055055722,"ns",NA,1,1,1,0.0000000522633953892182,0.0000000536649551463597
15986,"Napa",1.10007239038874,"Kimball Reservoir",0,0,-0.211636258320938,"ns",NA,0,0,NA,0.000000143237869565382,0.000000149111414771141
15987,"Napa",1.4052384212482,"Veterans Home Open Space",0,0,-0.209863757372676,"cold",NA,0,0,NA,0.000000109905350598183,0.000000132905398686489
16001,"San Mateo",1.19563848265511,"San Bruno Mountain State Park",0,13,-0.297991875693768,"cold",NA,0,0,NA,0.00000000214001749654358,0.00000000305559177959935
16018,"Santa Clara",6.39103209179128,"El Sereno Open Space Preserve",0,7,-0.0771922464884915,"ns",NA,0,0,NA,0.0000000474008743367449,0.0000000659548504700069
16029,"Marin",0.165385912499367,"Novato Lands 008",0,0,-0.211107374837038,"ns",NA,0,0,NA,0.0000000139716735958473,0.000000018665181400479
16031,"Marin",0.780569886627446,"Anderson Rowe Open Space",0,2,-0.317025312099692,"ns",NA,0,0,NA,0.0000000076534432125186,0.0000000103529043116168
16055,"Marin",0.230308551857972,"Novato Lands 005",0,1,-0.322303460108775,"cold",NA,0,0,NA,NA,NA
16066,"Marin",0.123666312406389,"Novato Lands 001",0,0,-0.317025312099692,"ns",NA,0,0,NA,NA,NA
16073,"Marin",0.162460675190866,"Bayfront Park",0,3,-0.314394127622371,"cold",NA,0,0,NA,0.0000000392525549841594,0.000000040340076168377
16075,"Marin",2.60083713899799,"Blithedale Summit Open Space Preserve",0,5,-0.322303460108775,"cold",NA,0,0,NA,0.0000000341816281945739,0.0000000378024118674603
16089,"Marin",0.236548286954574,"San Rafael Lands 009",0,0,-0.233588795812426,"ns",NA,0,0,NA,0.00000000315204506939892,0.00000000364771390870544
16093,"Marin",0.302698106928309,"San Rafael Lands 013",0,3,-0.30399305268988,"ns",NA,0,0,NA,0.00000000779648345883288,0.00000000835344238225844
16095,"Marin",0.265877167082332,"Jerry Russom Memorial Park",0,2,-0.317025312099692,"ns",NA,0,0,NA,0.0000000108152988786969,0.0000000108153646039
16108,"Santa Cruz",0.139819914478278,"Freedom Lake Park",0,3,-0.297991875693768,"cold",NA,0,0,NA,0.000000003775176171672,0.00000000507459363419116
16111,"Santa Cruz",0.145227217788529,"Arroyo Seco Canyon",0,7,0.0454754243240263,"ns",NA,0,0,NA,NA,NA
16168,"Marin",0.312135193509802,"Muzzi Marsh",0,4,-0.322303460108775,"cold",NA,0,0,NA,0.0000000254661465248773,0.000000029429610748366
16205,"Santa Clara",0.138964341449097,"Evergreen Park",0,2,-0.209863757372676,"cold",NA,0,0,NA,0.0000000464790446130792,0.0000000467746765764332
16263,"San Mateo",0.199549644193698,"Mirada Surf Park",0,7,-0.0216295775146267,"ns",NA,0,0,NA,0.00000000688007828486548,0.00000000709699676804121
16271,"San Mateo",0.443883590688736,"Burlingame Lagoon Park",0,2,-0.0310170015802914,"ns",NA,0,0,NA,NA,NA
16273,"Sonoma",3.64329909500641,"Sears Point Ranch",0,2,-0.174094406214199,"ns",NA,0,0,NA,0.0000000284999845945322,0.0000000356478935259474
16287,"Sonoma",11.5891839203708,"Modini Mayacamas Preserves",0,9,-0.174094406214199,"ns",NA,0,0,NA,0.000000134444135824197,0.000000147831713093183
16320,"Sonoma",0.182734441556308,"Helen Putnam Regional Park",0,0,-0.209863757372676,"cold",NA,0,0,NA,NA,NA
16322,"Solano",9.40942324378524,"Vallejo Lakes",0,1,-0.209863757372676,"cold",NA,0,0,NA,NA,NA
16327,"Santa Clara",8.84281093532264,"Anderson Lake County Park",0,9,-0.174094406214199,"ns",NA,0,0,NA,0.0000000782232021379059,0.000000111497087118551
16339,"San Mateo",0.345986386872584,"Wavecrest Open Space Reserve",0,1,-0.233588795812426,"ns",NA,0,0,NA,0.0000000088071123727218,0.00000000948801037736757
16363,"Sonoma",0.262304811714702,"Sonoma State Historic Park",0,5,-0.0310170015802914,"ns",NA,0,0,NA,0.000000230062909167827,0.000000243199053784338
16376,"Santa Clara",0.17980856866578,"Felton Station",0,0,-0.0323841905475102,"ns",NA,0,0,NA,0.0000000827210158149683,0.0000000864421139112892
16377,"Santa Cruz",0.399976390358803,"Gallighan Slough",0,1,-0.297991875693768,"cold",NA,0,0,NA,0.000000000303146480140626,0.000000000407820444081608
16384,"Napa",2.72890848686078,"Snell Valley Fernandes Addition",0,0,-0.209863757372676,"cold",NA,0,0,NA,NA,NA
16385,"Santa Cruz",0.16937335260217,"Gallighan Slough",0,2,-0.314394127622371,"cold",NA,0,0,NA,0.000000000366346786240257,0.000000000407820444081608
16401,"Santa Clara",0.438849499887053,"Field Sports Park",0,0,-0.315090641230347,"ns",NA,0,0,NA,0.0000000992710127434293,0.000000103122175687531
16413,"San Mateo",2.6464821767863,"Filoli Center",0,11,0.105105800702453,"ns",NA,0,0,NA,0.00000000481813700048406,0.00000000698087632144961
16441,"San Mateo",0.149180326154734,"Fitzgerald Marine Reserve",0,15,0.112060403053616,"ns",NA,0,0,NA,0.00000000597925531309329,0.00000000636737951253963
16472,"Napa",3.22642013384498,"Foote Botanical Preserve",0,0,-0.209863757372676,"cold",NA,0,0,NA,NA,NA
16477,"Sonoma",0.851819129666563,"Foothill Regional Park",0,7,-0.0310170015802914,"ns",NA,0,0,NA,0.000000117211556016628,0.000000119089996530874
16498,"Santa Clara",5.27395293793604,"Foothills Park",5,15,0.930144563331336,"hot","occ_hot_effort_hot_SUSPECT",5,0,0,0.000000476748823530215,0.00000048816474418345
16510,"Sonoma",13.053906328632,"Fort Ross State Historic Park",0,12,0.326676510004478,"ns",NA,0,0,NA,0.000000619163245119125,0.000000850614412684081
16535,"Santa Clara",2.96240763822402,"Fremont Older Open Space Preserve",0,15,-0.149598783143906,"ns",NA,0,0,NA,0.0000000573226728306508,0.0000000745735135865289
16543,"Marin",1.61357220065514,"French Ranch Open Space Preserve",0,3,-0.102555703897245,"ns",NA,0,0,NA,0.0000000496158634177846,0.0000000508154052170084
16569,"Marin",0.126185697983547,"Gallinas Creek Marsh Restoration",0,0,-0.300919630643503,"ns",NA,0,0,NA,0.00000000584297055183924,0.00000000621710061210479
16633,"Marin",2.94340745574216,"Angel Island State Park",0,0,-0.209863757372676,"cold",NA,0,0,NA,0.0000000179246892884066,0.0000000219402878087749
16642,"Alameda",10.5515228815731,"Garin Regional Park",2,13,0.0762910518951394,"ns",NA,2,0,0,0.000000105273663564276,0.000000150289508837886
16651,"Marin",6.17828036207134,"Gary Giacomini Open Space Preserve",2,7,0.285915810405891,"ns",NA,1,0,0,0.0000000414107645951844,0.0000000461518077088385
16667,"San Mateo",11.1176388544776,"Golden Gate National Recreation Area",5,13,0.0825898696038703,"ns",NA,6,1,0.166666666666667,0.00000000593077853494606,0.0000000313143857511022
16679,"Sonoma",20.5708887702658,"Trione-Annadel State Park",4,14,0.112060403053616,"ns",NA,14,11,0.785714285714286,0.000000155064768136981,0.000000312596370122264
16695,"San Francisco",0.284301673019782,"Glen Canyon Park",0,12,-0.289465805365592,"cold",NA,0,0,NA,0.00000000855905213370534,0.00000000929845889174885
16711,"Marin",110.294519034627,"Golden Gate National Recreation Area",0,17,-0.209863757372676,"cold",NA,0,0,NA,0.0000000253594425458914,0.0000000704353624314535
16716,"San Francisco",1.82682006560659,"Golden Gate National Recreation Area",0,14,-0.252676457568109,"cold",NA,0,0,NA,0.0000000123380905492354,0.0000000202753831501923
16720,"San Francisco",4.13775700509434,"Golden Gate Park",0,17,-0.271661587897018,"cold",NA,0,0,NA,0.0000000156244368554326,0.0000000160734892062919
16755,"Santa Cruz",0.175300939370088,"Harkins Slough",0,0,-0.330037075964696,"cold",NA,0,0,NA,0.000000000647020659272357,0.000000000879306516488043
16777,"Alameda",0.663017103158823,"Greenbelt Hiking & Riding Trail",1,0,0.0268476322772787,"ns",NA,0,0,NA,0.000000151636371015229,0.000000160507639179741
16778,"Santa Cruz",0.178264243772941,"Harvey West Park",0,5,0.02510283952818,"ns",NA,0,0,NA,NA,NA
16780,"Alameda",0.185395214145913,"Greenridge Park",0,1,-0.0439701402436143,"ns",NA,0,0,NA,0.00000013834251433309,0.000000146510700460567
16789,"Solano",54.7586829507952,"Grizzly Island Wildlife Area",0,14,-0.209863757372676,"cold",NA,0,0,NA,NA,NA
16792,"Santa Clara",0.102973112073893,"Groesbeck Hill",0,7,-0.209863757372676,"cold",NA,0,0,NA,0.0000000308584802155565,0.0000000314892218966634
16796,"Alameda",13.0567446791944,"Anthony Chabot Regional Park",1,12,-0.160536249949289,"ns",NA,1,0,0,0.0000000827690058713415,0.000000126606153116882
16817,"Santa Clara",0.198805832754313,"Guadalupe Oak Grove",0,8,-0.0255238327898417,"ns",NA,0,0,NA,0.0000000524565813009303,0.0000000546318332794726
16823,"Santa Clara",1.80335776851639,"Guadalupe River Parkchain",0,13,-0.199837023585257,"ns",NA,0,0,NA,0.0000000225544223297902,0.0000000591957629580975
16824,"Santa Cruz",18.6955201576701,"Henry Cowell Redwoods State Park",0,17,-0.0494109120015591,"ns",NA,11,11,1,0.000000010381532966619,0.0000000270655942102849
16826,"Sonoma",0.635602157180735,"Gualala Point",4,9,0.358001326996751,"hot","occ_hot_effort_hot_SUSPECT",2,0,0,NA,NA
16846,"San Mateo",0.804830848880002,"Half Moon Bay State Beach",0,16,-0.0216295775146267,"ns",NA,0,0,NA,0.00000000750927942050339,0.0000000112676907804143
16852,"Solano",0.210169782252087,"Hall Memorial Park",0,1,-0.209863757372676,"cold",NA,0,0,NA,NA,NA
16891,"Santa Cruz",0.10349022110384,"Highlands Park",0,3,0.0321429944419077,"ns",NA,0,0,NA,0.0000000327991891424517,0.0000000368300376862862
16911,"Contra Costa",0.310504197093393,"Heather Farms",0,14,-0.271661587897018,"cold",NA,0,0,NA,NA,NA
16914,"Sonoma",0.841379787109188,"Helen Putnam Park",0,11,-0.209863757372676,"cold",NA,0,0,NA,0.000000000535852084926347,0.000000000545864908829685
16918,"Napa",3.59052790135467,"Lake Hennessey",0,1,-0.209863757372676,"cold",NA,0,0,NA,0.000000135942400447675,0.000000147716392007169
16924,"Santa Clara",237.383357140306,"Henry W. Coe State Park",311,16,33.1845446976462,"hot","occ_hot_effort_hot_SUSPECT",306,0,0,0.00000000781570719254887,0.0000000755357163484405
16945,"Santa Clara",6.32362055396122,"Hidden Villa (Duveneck Ranch)",9,12,1.04794259485937,"hot","occ_hot_effort_hot_SUSPECT",9,0,0,0.000000399590192046162,0.000000475998945148604
16950,"Solano",6.65281194653997,"Hill Slough Wildlife Area",0,5,-0.209863757372676,"cold",NA,0,0,NA,NA,NA
17002,"Contra Costa",0.958069651922971,"Huckleberry Botanic Regional Preserve",0,11,-0.261000787903158,"ns",NA,0,0,NA,0.00000000470912420169611,0.00000000600628791147528
17005,"San Mateo",3.85269095543408,"Huddart Park",1,10,0.0825898696038703,"ns",NA,1,0,0,0.000000023864870968282,0.0000000425456860853046
17018,"Marin",3.8755262608854,"Ignacio Valley Open Space Preserve",1,4,-0.247201895672895,"ns",NA,1,0,0,0.0000000129436683593553,0.0000000198961647157603
17025,"Marin",0.955834077435631,"Indian Tree Open Space Preserve",1,2,-0.153416756738804,"ns",NA,1,0,0,0.0000000221841798264677,0.0000000242157458529846
17030,"Marin",2.57990435345776,"Indian Valley Open Space Preserve",1,8,-0.251674460407143,"ns",NA,1,0,0,0.000000015007927345323,0.0000000218748805735913
17046,"Contra Costa",0.396875597449109,"Antioch Water Park",0,2,-0.209863757372676,"cold",NA,0,0,NA,NA,NA
17064,"Sonoma",5.99153789037553,"Jack London State Historic Park",0,11,0.0405217007366625,"ns",NA,0,0,NA,0.000000331548307030971,0.000000403507328883279
17067,"San Mateo",3.95353729957692,"Jasper Ridge Reserve",16,15,0.627408982625468,"ns",NA,17,1,0.0588235294117647,0.000000238212010117422,0.000000326151564422617
17078,"Solano",6.1010744486933,"Jepson Prairie Preserve",0,6,-0.209863757372676,"cold",NA,0,0,NA,NA,NA
17082,"Contra Costa",0.273539012222584,"Antioch Dunes National Wildlife Refuge",0,4,-0.209863757372676,"cold",NA,0,0,NA,NA,NA
17088,"Alameda",1.70752125585933,"Joaquin Miller Park",0,9,-0.270057748775247,"ns",NA,0,0,NA,0.0000000114572156206805,0.0000000162506008649643
17091,"Marin",1.13537737456345,"John F. McInnis County Park",0,11,-0.32297196499353,"ns",NA,0,0,NA,0.00000000431986846294308,0.00000000431986846294308
17116,"Santa Clara",44.1211260496529,"Joseph D. Grant Park",12,15,0.362445861162955,"ns",NA,13,1,0.0769230769230769,0.0000000224892584554937,0.0000000381177507335906
17128,"San Mateo",0.425064502383316,"Junipero Serra Park",0,6,-0.221314647118306,"cold",NA,0,0,NA,0.000000000601253324905571,0.000000000832378166393255
17154,"Solano",0.150129128459155,"Keating Park",0,0,-0.271661587897018,"cold",NA,0,0,NA,NA,NA
17167,"Santa Clara",0.613888954275592,"Kelley Park",0,11,-0.232220545851334,"cold",NA,0,0,NA,0.0000000346506894288723,0.0000000353409248532444
17172,"Contra Costa",0.882700100427034,"Kennedy Grove Regional Recreation Area",0,5,-0.216098918923153,"ns",NA,0,0,NA,0.00000000136200994926838,0.00000000181166126544952
17175,"Napa",0.795017028222917,"John F. Kennedy Park",0,5,-0.174094406214199,"ns",NA,0,0,NA,0.0000000435908091844794,0.0000000479963055965982
17176,"Santa Cruz",0.186472700579212,"Lodato Park",1,0,-0.0515699211695508,"ns",NA,0,0,NA,0.0000000142035334604884,0.0000000142531595415107
17184,"Santa Clara",2.66154847079195,"Enid Pearson-Arastradero Preserve",1,15,1.11868773065455,"hot","occ_hot_effort_hot_SUSPECT",1,0,0,0.000000428915399197649,0.000000485592352106323
17188,"Marin",0.428869691116593,"King Mountain Open Space Preserve",0,3,-0.314394127622371,"cold",NA,0,0,NA,0.0000000300880742543086,0.0000000327260174515231
17191,"Solano",5.217869421175,"King Ranch",0,8,-0.209863757372676,"cold",NA,0,0,NA,NA,NA
17194,"Alameda",0.313352950957925,"Kings Estate",0,1,-0.217940059664312,"ns",NA,0,0,NA,0.0000000461559004349965,0.0000000481784958594744
17197,"Alameda",1.92540428136694,"Knowland Park/Oakland Zoo",0,10,-0.199963167400943,"ns",NA,0,0,NA,0.0000000649157598786587,0.0000000793377594732192
17200,"Napa",83.2647494761314,"Knoxville Wildlife Area",3,8,0.251074475626557,"hot","occ_hot_effort_hot_SUSPECT",3,0,0,NA,NA
17217,"Contra Costa",0.110381879862319,"Arbolado Park",0,2,-0.211107374837038,"ns",NA,0,0,NA,NA,NA
17222,"San Mateo",9.34060435942138,"La Honda Creek Open Space Preserve",1,10,0.219368456529047,"ns",NA,2,1,0.5,0.000000123885214975417,0.000000265598856685756
17230,"Solano",1.90756277674483,"Lagoon Valley Hills Open Space",0,5,-0.280696895853321,"cold",NA,0,0,NA,NA,NA
17238,"Sonoma",2.07560707263622,"Laguna Wildlife Area",1,3,-0.187365701928555,"cold",NA,0,0,NA,0.0000000130767867645432,0.0000000642417532503714
17244,"Santa Clara",0.615484310212442,"Lake Cunningham",0,12,-0.262332310850271,"cold",NA,0,0,NA,0.0000000301856282192148,0.0000000322521991336089
17247,"Solano",2.09461871536591,"Lake Herman Recreation Area",0,5,-0.232220545851334,"cold",NA,0,0,NA,NA,NA
17255,"San Francisco",1.30193585033323,"Lake Merced Park",0,14,-0.271661587897018,"cold",NA,0,0,NA,0.00000000545159739573364,0.00000000796932475566337
17260,"Solano",0.296833535242207,"Lake Solano County Park",0,12,-0.138325055055722,"ns",NA,0,0,NA,NA,NA
17263,"Sonoma",21.9311462355986,"Lake Sonoma Recreation Area",0,8,0.0762910518951394,"ns",NA,0,0,NA,0.0000000203190424485911,0.000000034302864548863
17266,"Sonoma",33.0281624539332,"Lake Sonoma Wildlife Area",0,6,0.0405217007366625,"ns",NA,0,0,NA,0.00000000820901480125258,0.0000000277481237986876
17271,"Santa Clara",14.2583298830936,"Palassou Ridge Preserve",0,5,10.9144044529137,"hot","occ_hot_effort_not_TRUSTED",0,0,NA,0.00000000358149487844628,0.00000000923914100781076
17282,"Alameda",0.829369556866647,"Ardenwood Historic Farm",0,10,-0.242654995909454,"cold",NA,0,0,NA,0.000000010185458698686,0.0000000126516663812026
17303,"Contra Costa",15.393861831117,"Las Trampas Wilderness Regional Preserve",0,13,-0.187365701928555,"ns",NA,1,1,1,0.0000000391033907476412,0.000000056312689622473
17309,"Contra Costa",0.772322534326376,"Las Trampas/Diablo Regional Trail",0,0,-0.176101765736736,"ns",NA,0,0,NA,NA,NA
17321,"Sonoma",0.737878985581847,"Laufenberg Ranch",1,2,-0.0310170015802914,"ns",NA,0,0,NA,0.000000159816679001779,0.000000162740320774901
17324,"Solano",0.114963116509278,"Laurel Creek Park",0,1,-0.297991875693768,"cold",NA,0,0,NA,NA,NA
17341,"Alameda",0.212633847488473,"Leona Heights",0,8,-0.232109026930301,"ns",NA,0,0,NA,0.0000000214791615604781,0.0000000283161138980859
17342,"Santa Cruz",0.145494576846828,"Lighthouse Field State Beach",0,8,-0.232220545851334,"cold",NA,0,0,NA,NA,NA
17344,"Alameda",1.20322079907797,"Leona Heights Regional Open Space",0,6,-0.173051924583484,"ns",NA,0,0,NA,0.0000000393637904494426,0.0000000478332466968823
17347,"Sonoma",0.889338182048664,"Leonard Ranch",0,2,-0.280696895853321,"cold",NA,0,0,NA,NA,NA
17366,"Santa Clara",3.05952042368604,"Lexington Reservoir",2,11,0.129569855152738,"ns",NA,2,0,0,0.000000061267627415873,0.000000084580179304794
17374,"Santa Clara",14.1579994427075,"Lick Observatory UCSC",0,10,0.398215212321432,"ns",NA,1,1,1,0.000000015790332597021,0.000000024024732425687
17380,"Santa Cruz",11.4058442993941,"Loch Lomond Recreation Area",2,6,0.050276914399702,"ns",NA,4,3,0.75,0.0000000944354852094875,0.000000120818754112406
17396,"Marin",0.968310008789344,"Little Mountain Open Space Preserve",0,1,-0.167453501319181,"ns",NA,0,0,NA,0.00000000941881594940241,0.0000000134670044005247
17399,"Santa Cruz",3.10927755739169,"Long Ridge Open Space Preserve",1,12,0.50546545002113,"hot","occ_hot_effort_not_TRUSTED",1,0,0,0.000000112322005918486,0.000000164809122793486
17410,"Marin",2.0710420410504,"Loma Alta Open Space Preserve",0,4,0.0779275382004718,"ns",NA,0,0,NA,0.0000000295126696414627,0.0000000341059092079377
17413,"Sonoma",0.162861228063227,"Atascadero Creek Marsh Ecological Reserve",0,1,-0.174094406214199,"ns",NA,0,0,NA,0.0000000297922309044907,0.0000000353850531098487
17418,"Marin",1.12265129372071,"Loma Verde Open Space Preserve",0,1,-0.332438091086126,"ns",NA,0,0,NA,NA,NA
17427,"San Mateo",4.1831934399249,"Long Ridge Open Space Preserve",3,10,0.509754966853722,"ns",NA,3,0,0,0.000000165348652103603,0.000000218310631794338
17455,"Napa",3.41452535702045,"Las Posadas State Forest",0,5,-0.174094406214199,"ns",NA,3,3,1,0.0000000843530258975989,0.000000106670569266498
17460,"Santa Clara",0.761698583800591,"Los Trancos Open Space Preserve",0,12,1.09027653392386,"ns",NA,0,0,NA,0.000000424021152412024,0.000000462320656424708
17463,"San Mateo",0.359438459621205,"Los Trancos Open Space Preserve",0,11,1.09027653392386,"ns",NA,0,0,NA,0.000000404545971832704,0.000000445137629867531
17470,"Contra Costa",65.9937971444101,"Los Vaqueros Watershed",0,13,-0.174094406214199,"ns",NA,0,0,NA,NA,NA
17490,"Santa Clara",3.73751560783476,"Stevens Creek County Park",1,10,-0.0737853284328278,"ns",NA,1,0,0,0.0000000695414357210211,0.000000102734965423679
17495,"Marin",6.77695341339339,"Lucas Valley Open Space Preserve",0,4,-0.199963167400943,"ns",NA,0,0,NA,0.00000002204718896337,0.0000000341149934968143
17498,"Sonoma",0.152044701320853,"Lucchesi Park",0,0,-0.209863757372676,"cold",NA,0,0,NA,0.000000013595201409089,0.000000013595201409089
17506,"Solano",5.57345978608288,"Lynch Canyon",0,7,-0.211636258320938,"ns",NA,0,0,NA,0.000000128683865341372,0.000000146300592973603
17520,"Sonoma",22.6961424337903,"Austin Creek State Recreation Area",1,6,0.0762910518951394,"ns",NA,1,0,0,0.000000045694804384766,0.0000000854589075061085
17525,"Alameda",1.29131133487885,"Dublin Hills Regional Park",0,1,-0.132754915462356,"ns",NA,0,0,NA,0.0000000601844192260614,0.0000000765041292538626
17532,"Alameda",0.17630837960072,"Madeiros Parkway",0,2,-0.138325055055722,"ns",NA,0,0,NA,0.000000000258720100898557,0.000000000268826044758086
17537,"Santa Cruz",0.500009538745737,"Manresa State Beach",0,11,-0.297991875693768,"cold",NA,0,0,NA,0.000000000477000938747807,0.00000000135013000779338
17550,"Marin",0.229144595257891,"Marconi Conference Center State Historic Park",0,5,-0.174094406214199,"ns",NA,0,0,NA,0.0000000409943439194649,0.0000000448200978553359
17569,"Marin",0.588385332259417,"Marin Audubon- Simmons Slough Wildlife Corridor",0,0,-0.307024979944184,"ns",NA,0,0,NA,NA,NA
17572,"Marin",5.0771890451405,"Marin County Flood Control",0,2,-0.284012883923671,"ns",NA,0,0,NA,NA,NA
17586,"Marin",73.6067641188056,"Marin Municipal Water District Watershed",13,16,0.32186847591771,"ns",NA,13,0,0,0.0000000311720498302748,0.0000000448109744866088
17657,"Marin",3.07254854823836,"Marinwood Open Space",0,7,-0.287448687504692,"ns",NA,0,0,NA,0.0000000101654444861765,0.0000000140991307517879
17685,"Napa",12.4503547631126,"Dunn-Wildlake Ranch Preserve",0,9,-0.262332310850271,"cold",NA,5,5,1,0.0000000450115962280506,0.000000062370574482884
17693,"Napa",0.972916867510095,"Napa Airport Clear Zone",0,0,-0.138325055055722,"ns",NA,0,0,NA,0.000000104278981893913,0.000000118572188512189
17705,"Marin",0.314989779254688,"Homestead Valley",0,1,-0.314394127622371,"cold",NA,0,0,NA,0.0000000407119316037097,0.0000000408041032073925
17725,"Contra Costa",1.19155980120419,"Radke Martinez Regional Shoreline",0,10,-0.314394127622371,"cold",NA,0,0,NA,NA,NA
17738,"Marin",0.128609059789032,"Maurice Thorner Memorial Open Space Preserve",0,0,-0.119467811549053,"ns",NA,0,0,NA,0.0000000488776947804581,0.0000000490411160569693
17744,"Sonoma",0.318986446464482,"Maxwell Farms Regional Park",0,8,0.00475234957818558,"ns",NA,0,0,NA,0.000000250343788366081,0.000000252015752266743
17793,"Solano",0.599341925609428,"Lagoon Valley Open Space",0,0,-0.271661587897018,"cold",NA,0,0,NA,NA,NA
17806,"Solano",0.103011876797412,"McIntyre Ranch",0,0,-0.271661587897018,"cold",NA,0,0,NA,NA,NA
17811,"Santa Cruz",0.112862426621563,"Michael Gray Field Park",0,0,-0.132754915462356,"ns",NA,0,0,NA,0.0000000103466488710069,0.0000000140466891451752
17818,"San Francisco",1.34824540462148,"McLaren Park",0,13,-0.271661587897018,"cold",NA,0,0,NA,0.0000000044202601579002,0.00000000576144865149786
17826,"Marin",0.159219391217392,"McNears Beach County Park",0,0,-0.187365701928555,"ns",NA,0,0,NA,NA,NA
17830,"San Mateo",3.87681583099145,"Montara State Beach",1,14,0.0538463545660252,"ns",NA,1,0,0,0.00000000431557456437304,0.00000000576598013779517
17835,"Santa Cruz",1.6905308895614,"Miller Property County Park",1,3,0.112060403053616,"ns",NA,3,3,1,0.0000000641195043726839,0.0000000715468715384304
17846,"Marin",0.429921261247448,"Bald Hill Open Space Preserve",0,6,0.0399077707905076,"ns",NA,0,0,NA,0.000000021316028053775,0.0000000223770495466624
17847,"Santa Cruz",0.130195116527434,"Bert Scott Estate Park",0,0,-0.262332310850271,"cold",NA,0,0,NA,0.00000000507459363419116,0.00000000507459363419116
17866,"San Mateo",2.62329049864811,"Memorial Park",1,13,0.147829754212093,"ns",NA,1,0,0,0.0000000418048813344285,0.0000000570569618218997
17900,"Contra Costa",0.828514171042095,"Miller Knox Regional Shoreline",0,11,-0.209863757372676,"cold",NA,0,0,NA,0.00000000277760792144477,0.00000000323230464616131
17909,"Napa",6.76453436593952,"Milliken Reservoir Property",0,1,-0.209863757372676,"cold",NA,0,0,NA,NA,NA
17912,"San Mateo",0.125768345173419,"Mills Canyon Wildlife Area",0,2,0.00475234957818558,"ns",NA,0,0,NA,0.000000000722849502476919,0.00000000109294329142529
17926,"Marin",0.81652447994825,"Baltimore Canyon Open Space Preserve",0,3,-0.322303460108775,"cold",NA,0,0,NA,0.0000000302715754685323,0.0000000335252750005566
17946,"Alameda",7.03387663177564,"Mission Peak Regional Preserve",0,12,0.0762910518951394,"ns",NA,0,0,NA,0.00000000110773246131401,0.00000000174711745071221
17960,"Marin",0.153940923859344,"Miwok Park",0,2,-0.242053576653827,"ns",NA,0,0,NA,0.00000000630765129017163,0.00000000780494335828052
17984,"Santa Cruz",1.00414025869665,"Moore Creek Preserve",0,12,0.0454754243240263,"ns",NA,0,0,NA,NA,NA
17989,"Santa Clara",10.820943298498,"Monte Bello Open Space Preserve",7,15,1.0584125786502,"hot","occ_hot_effort_hot_SUSPECT",7,0,0,0.000000275893569323671,0.00000040538992607253
18012,"Santa Clara",0.292616868426836,"Montgomery Hill",0,7,0.186072695158706,"ns",NA,0,0,NA,0.0000000430917950211551,0.0000000456791156011604
18016,"Solano",0.936205240063641,"Calhoun Cut Ecological Reserve",0,0,-0.209863757372676,"cold",NA,0,0,NA,NA,NA
18032,"Contra Costa",0.172995497346139,"Moraga Commons Park",0,2,-0.199963167400943,"ns",NA,0,0,NA,0.0000000140670142201316,0.0000000140670142201316
18040,"Contra Costa",15.9372221528296,"Morgan Territory Regional Preserve",0,12,-0.209863757372676,"cold",NA,0,0,NA,NA,NA
18056,"Santa Clara",1.79667200748301,"Motorcycle County Park",0,3,-0.298760460208231,"ns",NA,0,0,NA,0.0000000868127258968343,0.0000000952365937223476
18065,"Contra Costa",75.0386293968089,"Mount Diablo State Park",2,16,-0.163230893000468,"ns",NA,3,1,0.333333333333333,NA,NA
18069,"Marin",25.5530630770019,"Mount Tamalpais State Park",0,16,0.255137807687524,"ns",NA,0,0,NA,0.0000000348836515229323,0.0000000407165572369195
18076,"Santa Clara",0.899821612512127,"Shoreline at Mountain View Park",0,14,-0.209863757372676,"cold",NA,0,0,NA,0.0000000266779434099362,0.0000000407312867878318
18081,"Santa Cruz",0.252133664082794,"Natural Bridges State Beach",0,14,0.0454754243240263,"ns",NA,0,0,NA,NA,NA
18088,"Santa Cruz",0.169746482739951,"Neary Lagoon Park",0,11,0.0454754243240263,"ns",NA,0,0,NA,NA,NA
18091,"Marin",8.25024084748007,"Mount Burdell Open Space Preserve",0,10,-0.247201895672895,"ns",NA,0,0,NA,0.00000000363448293683177,0.0000000087084393030068
18095,"San Francisco",0.164783039350126,"Mt. Davidson",0,6,-0.271661587897018,"cold",NA,0,0,NA,0.00000000814402767446154,0.00000000929845889174885
18100,"Santa Cruz",0.611283109215315,"New Brighton State Beach",0,15,0.147829754212093,"ns",NA,0,0,NA,0.00000000579710235371067,0.00000000602092997681325
18113,"Contra Costa",1.51775100517149,"John Muir National Historic Site",0,6,-0.247201895672895,"ns",NA,0,0,NA,NA,NA
18121,"Marin",2.14023310489497,"Muir Woods National Monument",0,17,-0.242654995909454,"cold",NA,0,0,NA,0.00000003884878552185,0.0000000407165572369195
18134,"San Mateo",0.587281486590828,"Mussel Rock Park",0,12,-0.221314647118306,"cold",NA,0,0,NA,0.00000000135291255976,0.00000000212726725123957
18146,"Santa Cruz",69.3237230698774,"Big Basin Redwoods State Park",4,16,-0.102686456787027,"cold",NA,12,9,0.75,0.0000000195798701696503,0.0000000600082827872939
18154,"Napa",2.65287067786073,"Riverfront Green",1,2,-0.174094406214199,"cold",NA,0,0,NA,0.0000000501856725065863,0.0000000639293560311671
18158,"Napa",0.253823910691771,"Napa River Ecological Reserve",0,1,-0.209863757372676,"cold",NA,0,0,NA,0.000000130651571339513,0.000000140901732947896
18165,"Sonoma",6.08582607537181,"Napa-Sonoma Marshes Wildlife Area",0,7,-0.138325055055722,"ns",NA,0,0,NA,0.000000101525913009937,0.000000128348148109581
18169,"Napa",30.4187569239,"Napa-Sonoma Marshes Wildlife Area",0,9,-0.209863757372676,"cold",NA,0,0,NA,0.0000000950792085063767,0.000000152242762396781
18191,"Sonoma",1.99900113645592,"Little Black Mountain",0,1,0.362445861162955,"ns",NA,0,0,NA,0.000000068008048970114,0.0000000869946177317615
18224,"San Mateo",0.629578569337498,"Bedwell Bayfront Park",0,11,-0.221314647118306,"cold",NA,0,0,NA,0.0000000160351607547682,0.0000000180589267984033
18229,"Solano",1.73578510421135,"Noonan Reservoir",0,0,-0.242654995909454,"cold",NA,0,0,NA,NA,NA
18235,"Stanislaus",2.48691412398935,"Henry W. Coe State Park",6,3,11.164789911023,"hot","occ_hot_effort_not_TRUSTED",6,0,0,NA,NA
18255,"Solano",1.69457313836284,"Northgate",0,1,-0.222861269378895,"ns",NA,0,0,NA,0.000000139575448088181,0.00000014819812577116
18259,"Sonoma",0.129641584928297,"Northwest Community Park",0,2,-0.209863757372676,"cold",NA,0,0,NA,0.0000000437590657043074,0.0000000437590657043074
18275,"Marin",1.22609855046976,"Novato Sanitation District",0,0,-0.314394127622371,"cold",NA,0,0,NA,NA,NA
18284,"Contra Costa",0.177401451915685,"Oak Hill Park",0,1,-0.149598783143906,"ns",NA,0,0,NA,NA,NA
18298,"Santa Clara",4.6003403886149,"Baylands Preserve",0,17,-0.209863757372676,"cold",NA,0,0,NA,0.0000000277320477692911,0.0000000501239441064172
18312,"Solano",0.161722344821906,"Octo-Inn",0,0,-0.209863757372676,"cold",NA,0,0,NA,NA,NA
18316,"Marin",0.414022221557863,"O'Hair Park",0,5,-0.204845280774581,"ns",NA,0,0,NA,0.00000000791604382044397,0.0000000096774179780823
18330,"Santa Cruz",0.321950185620754,"Pace Family Wilderness Park",0,0,-0.0323841905475102,"ns",NA,0,0,NA,0.0000000509665412096183,0.0000000520523464331291
18349,"Santa Cruz",0.134262857264455,"Pajaro River",0,1,-0.232220545851334,"cold",NA,0,0,NA,0.000000000397378824290584,0.000000000750349393729977
18352,"Marin",2.77714848612556,"Olompali State Historic Park",0,12,-0.262332310850271,"cold",NA,0,0,NA,0.00000000188381110710623,0.00000000194219751392666
18359,"Solano",1.65734207333546,"Brown's Valley Ridge Open Space",0,3,-0.232220545851334,"cold",NA,0,0,NA,NA,NA
18374,"Santa Clara",0.120812005686774,"Overfelt Botanical Gardens",0,6,-0.222861269378895,"ns",NA,0,0,NA,0.0000000177546013446772,0.000000021438580688482
18391,"Alameda",0.787617465639459,"Oyster Bay Regional Shoreline",0,7,-0.209863757372676,"cold",NA,0,0,NA,0.0000000263561084068442,0.0000000311384127371639
18423,"Santa Clara",2.16255557051053,"Pacheco State Park",0,6,11.2005592621815,"hot","occ_hot_effort_not_TRUSTED",0,0,NA,NA,NA
18427,"Marin",1.92225785256462,"Pacheco Valle Open Space Preserve",0,4,-0.324812473768853,"ns",NA,0,0,NA,0.0000000100022239379882,0.0000000136052804577957
18442,"San Mateo",0.557930816117352,"Pedro Point Headlands",0,2,-0.138325055055722,"ns",NA,0,0,NA,0.00000000221035789671475,0.00000000295937763183929
18452,"San Mateo",0.145990856327213,"Bean Hollow State Beach",0,8,0.0762910518951394,"ns",NA,0,0,NA,0.00000000137084110729546,0.00000000189474280709589
18507,"San Mateo",0.24931360408091,"Frontierland Park",0,2,0.0339330914592381,"ns",NA,0,0,NA,0.00000000235589903141431,0.00000000275276601513497
18511,"Santa Cruz",0.207800308028586,"Bear Creek Redwoods Open Space Preserve",0,1,-0.0141549520544008,"ns",NA,1,1,1,0.000000110598300295806,0.000000114712008780771
18562,"Santa Cruz",0.58464562602077,"Pinto Lake Park",0,10,-0.252676457568109,"cold",NA,0,0,NA,0.00000000500798646996259,0.00000000575876901720562
18591,"Solano",0.112737109457826,"Pena Adobe Park",0,7,-0.280696895853321,"cold",NA,0,0,NA,NA,NA
18604,"Sonoma",12.3548746759327,"Pepperwood Ranch Natural Preserve",0,17,0.00475234957818558,"ns",NA,3,3,1,0.00000014050334584681,0.000000149615360101052
18609,"San Mateo",24.7870079939978,"Pescadero Creek Park",6,9,0.593460037435717,"hot","occ_hot_effort_not_TRUSTED",7,2,0.285714285714286,0.0000000838796765378902,0.000000161834890377577
18614,"San Mateo",2.00644737461888,"Pescadero Marsh Natural Preserve",6,15,0.0762910518951394,"ns",NA,5,0,0,0.00000000337529826310856,0.00000000470853800393911
18617,"San Mateo",0.203480099572841,"Pescadero State Beach",0,7,0.0762910518951394,"ns",NA,0,0,NA,0.00000000319339976684319,0.0000000034464846532245
18620,"Sonoma",0.172695664153686,"Petaluma Adobe State Historic Park",0,2,-0.209863757372676,"cold",NA,0,0,NA,0.0000000337383099235922,0.0000000347975337433581
18623,"Marin",0.175723184473982,"Bel Marin Keys #5",0,0,-0.306295426308703,"cold",NA,0,0,NA,NA,NA
18643,"Marin",6.01454351241934,"Petaluma Marsh Wildlife Area",0,9,-0.322303460108775,"cold",NA,0,0,NA,NA,NA
18676,"Santa Clara",1.18748719049903,"Picchetti Ranch Open Space Preserve",0,11,-0.11858004555539,"ns",NA,1,1,1,0.0000000797864316837149,0.000000110655221874367
18677,"Santa Cruz",2.49598113298156,"Pogonip Open Space Preserve",0,14,-0.0115844676787291,"ns",NA,0,0,NA,0.00000000322339688274553,0.00000000369434549618575
18690,"Alameda",0.125842559422223,"Piedmont Park",0,2,-0.256837826723102,"ns",NA,0,0,NA,0.00000000585960435728339,0.00000000585960435728339
18695,"San Mateo",0.315088102880026,"Pigeon Point Light Station State Historic Park",0,15,-0.0667863527387683,"ns",NA,0,0,NA,0.0000000013106273843988,0.00000000173915748469256
18716,"Contra Costa",0.946941391462873,"Pinole Valley Park",0,2,-0.280696895853321,"cold",NA,0,0,NA,0.00000000564466473562675,0.00000000690532964142676
18720,"Marin",0.208483963131998,"Piper Park",0,5,-0.322303460108775,"cold",NA,0,0,NA,0.0000000247467522029865,0.0000000259918504497136
18757,"Santa Cruz",0.247954340010823,"Polo Grounds Park",0,4,0.050276914399702,"ns",NA,0,0,NA,0.00000000420141388346451,0.00000000426394652919271
18760,"Solano",0.176323228287389,"Benicia Community Park",0,1,-0.232220545851334,"cold",NA,0,0,NA,NA,NA
18778,"Alameda",17.8623646078821,"Pleasanton Ridge Regional Park",1,12,-0.187365701928555,"cold",NA,1,0,0,0.0000000342083588122932,0.000000102699317494626
18807,"Contra Costa",2.75164830361038,"Point Pinole Regional Shoreline",0,10,-0.209863757372676,"cold",NA,0,0,NA,0.00000000418115142508668,0.00000000418115142508668
18811,"Marin",215.642068560322,"Point Reyes National Seashore",3,17,0.469753914638386,"ns",NA,2,0,0,0.0000000232776837805204,0.000000076009598615201
18815,"Solano",1.85392330972142,"Benicia State Recreation Area",0,11,-0.262332310850271,"cold",NA,0,0,NA,NA,NA
18821,"San Mateo",1.55906444855798,"Pomponio State Beach",0,5,0.00475234957818558,"ns",NA,0,0,NA,0.00000000573242342483127,0.0000000067805228098905
18846,"Santa Cruz",0.285840877025422,"Quail Hollow Ecological Reserve",0,8,-0.0384957104961882,"ns",NA,0,0,NA,0.0000000393039627510916,0.0000000438796590174206
18849,"San Mateo",10.9679014167401,"Portola Redwoods State Park",3,9,0.75624778811948,"hot","occ_hot_effort_not_TRUSTED",3,2,0.666666666666667,0.000000119398237075075,0.000000185370566896381
18850,"Santa Cruz",0.916087671949679,"Quail Hollow Ranch Park",3,16,-0.0384957104961882,"ns",NA,3,1,0.333333333333333,0.0000000421862544897067,0.0000000557360380071259
18880,"San Francisco",5.30214430279896,"Presidio",0,17,-0.209863757372676,"cold",NA,0,0,NA,0.0000000219649063382121,0.0000000245651552432946
18897,"Santa Cruz",0.103405872342121,"Ramsay Park",0,2,-0.280696895853321,"cold",NA,0,0,NA,0.000000000556007295759997,0.000000000677961298212182
18900,"Santa Clara",0.153849939277101,"Emma Prusch Farm Park",0,3,-0.242654995909454,"cold",NA,0,0,NA,0.000000028432449283855,0.000000028432449283855
18908,"San Mateo",1.48678597967223,"Pulgas Ridge Open Space Preserve",0,12,0.0538463545660252,"ns",NA,0,0,NA,0.00000000719473769450474,0.0000000120738681275157
18918,"Santa Cruz",2.19183969279578,"Bonny Doon Ecological Reserve",4,10,0.0163279692099511,"ns",NA,5,1,0.2,0.00000000383857212682415,0.00000000680711664813316
18950,"Sonoma",0.626607697117478,"Ragle Ranch",0,13,-0.187365701928555,"ns",NA,0,0,NA,0.000000010532756000714,0.0000000128005535060538
20680,"Santa Clara",13.2754452788576,"San Antonio Valley Ecological Reserve",1,5,11.5940221249247,"hot","occ_hot_effort_not_TRUSTED",1,0,0,NA,NA
20707,"Sonoma",1.03388993820855,"Clover Springs",0,3,0.0405217007366625,"ns",NA,0,0,NA,0.0000000033361571283308,0.00000000395346511083972
21447,"Lake",0.36722551930986,"BLM",0,0,-0.209863757372676,"cold",NA,0,0,NA,0.000000104364850983529,0.000000152204464143324
21460,"Yolo",0.272113250033263,"BLM",0,0,-0.0697060784840234,"cold",NA,0,0,NA,NA,NA
21477,"Sonoma",30.5417369705722,"BLM",2,6,-0.102555703897245,"ns",NA,2,0,0,0.0000000792898333656922,0.00000018626705866609
21480,"San Mateo",0.32798083868885,"BLM",0,0,0.0365136423871903,"ns",NA,0,0,NA,0.0000000479965684974104,0.0000000728968032603916
21506,"Solano",8.09890420934078,"BLM",0,1,-0.216098918923153,"ns",NA,0,0,NA,NA,NA
21755,"Sonoma",6.72676984965766,"Tolay Creek Ranch",1,3,-0.138325055055722,"ns",NA,1,0,0,0.0000000377877178436847,0.0000000547800240724428
21914,"Solano",0.545089604272925,"Putah Creek Riparian Reserve",0,9,-0.0697060784840234,"cold",NA,0,0,NA,NA,NA
21918,"Santa Clara",3.41666767360514,"Diablo Foothills Preserve",0,7,0.112060403053616,"ns",NA,0,0,NA,0.000000000680627110227761,0.000000000893537521751142
21942,"San Mateo",8.4264504741907,"San Bruno Mountain State and County Park",0,12,-0.242654995909454,"cold",NA,0,0,NA,0.00000000147069589839788,0.00000000230702101866598
21945,"Contra Costa",0.167343823359578,"Central Park",0,0,-0.242654995909454,"cold",NA,0,0,NA,0.000000025327160813049,0.0000000287405104160143
21946,"Santa Clara",13.9708129933889,"Sanborn County Park",2,13,-0.11858004555539,"ns",NA,2,1,0.5,0.0000000606716099582627,0.0000000803354467393547
21948,"Santa Clara",4.91984158424816,"Upper Uvas Creek Preserve",0,2,0.219368456529047,"ns",NA,0,0,NA,0.0000000515171194592767,0.0000000594112670171398
21952,"Contra Costa",18.8031494860735,"Black Diamond Mines Regional Preserve",0,11,-0.209863757372676,"cold",NA,0,0,NA,NA,NA
21956,"Sonoma",0.140928308027349,"Spring Lake Regional Park",0,6,0.112060403053616,"ns",NA,0,0,NA,0.0000000774675470438524,0.0000000774675470438524
21965,"Napa",0.432359683718363,"Westwood Hills Park",0,2,-0.174094406214199,"ns",NA,0,0,NA,0.0000000425461053055187,0.0000000431922551058506
21976,"Contra Costa",0.308272673036215,"Wright Property",0,0,-0.209863757372676,"cold",NA,0,0,NA,NA,NA
21997,"Alameda",0.361413820753381,"Lakeside Park",0,15,-0.232220545851334,"cold",NA,0,0,NA,NA,NA
21998,"Solano",2.65457347330676,"Putah Creek Wildlife Area",1,7,-0.193046081189682,"ns",NA,1,0,0,NA,NA
22001,"Napa",0.173381263168348,"Lake Berryessa",0,0,-0.209863757372676,"cold",NA,0,0,NA,NA,NA
22030,"Santa Clara",17.2894651741362,"Coyote Lake - Harvey Bear Ranch County Park",0,11,-0.209863757372676,"cold",NA,0,0,NA,0.0000000146012482105107,0.0000000430360920233852
22039,"Sonoma",0.121252264313322,"Doran Regional Park",0,4,-0.209863757372676,"cold",NA,0,0,NA,0.0000000497781158514954,0.0000000559424222501548
22045,"Marin",0.173557195176822,"San Rafael Lands 002",0,1,-0.300919630643503,"ns",NA,0,0,NA,0.00000000431986846294308,0.00000000431986846294308
22049,"Solano",0.282311850526243,"Fairfield Linear Park",0,3,-0.252676457568109,"cold",NA,0,0,NA,NA,NA
22072,"Solano",0.800889248032418,"Lagoon Valley Park",0,10,-0.289465805365592,"cold",NA,0,0,NA,NA,NA
22080,"Alameda",0.732464377979489,"Dublin Hills Regional Park",0,1,-0.0737853284328278,"ns",NA,0,0,NA,0.0000000590056501437175,0.0000000658559287103344
22084,"Contra Costa",0.361465059728025,"Hidden Lakes Park",0,4,-0.242654995909454,"cold",NA,0,0,NA,NA,NA
22253,"San Mateo",8.86782744005691,"Russian Ridge Open Space Preserve",0,11,0.831229364160133,"hot","occ_hot_effort_hot_SUSPECT",0,0,NA,0.000000273524022986749,0.000000420700786207817
22284,"Contra Costa",5.15238408030467,"Crockett Hills Regional Park",0,7,-0.297991875693768,"cold",NA,0,0,NA,0.0000000366012677943672,0.0000000572638256812752
22288,"Solano",0.800103344394542,"Lagoon Valley Gateway Open Space",0,0,-0.271661587897018,"cold",NA,0,0,NA,NA,NA
22289,"Alameda",3.60004996958758,"Los Vaqueros Watershed",0,1,-0.222861269378895,"ns",NA,0,0,NA,NA,NA
22292,"Santa Clara",2.67900415505489,"Monte Bello Open Space Preserve",1,2,0.082932974462781,"ns",NA,0,0,NA,0.000000138501633273336,0.000000289024484345646
23001,"Sonoma",5.73834852095982,"Robert Louis Stevenson State Park",0,0,-0.209863757372676,"cold",NA,0,0,NA,0.000000159632151053302,0.000000164071366270946
23002,"Alameda",82.974679528478,"San Francisco Watershed Lands",1,12,0.612831319272294,"hot","occ_hot_effort_not_TRUSTED",3,2,0.666666666666667,0.00000000359939811289678,0.0000000121575824962861
23004,"Alameda",39.4325757772459,"Don Edwards National Wildlife Refuge",0,14,-0.209863757372676,"cold",NA,0,0,NA,0.00000000349513529229739,0.0000000147486964863219
23005,"San Mateo",5.61628006164199,"Don Edwards National Wildlife Refuge",0,5,-0.209863757372676,"cold",NA,0,0,NA,0.000000011979775393911,0.0000000162122226754491
23019,"Sonoma",0.779588568211206,"Bothe-Napa Valley State Park",0,1,0.00475234957818558,"ns",NA,0,0,NA,0.000000087749874921883,0.0000000914010840347146
23048,"Alameda",1.47239814967577,"Carnegie State Vehicular Recreation Area",0,1,0.00475234957818558,"ns",NA,0,0,NA,NA,NA
23049,"San Mateo",0.192593909252572,"Castle Rock State Park",0,0,0.0153267751387301,"ns",NA,0,0,NA,0.000000080019802339848,0.0000000912359823246334
23060,"Alameda",0.836548761206384,"EBMUD",0,3,-0.204845280774581,"ns",NA,0,0,NA,0.000000125115107607598,0.000000145793492833945
23062,"Napa",1.04068069053408,"Vallejo Lakes",0,0,-0.209863757372676,"cold",NA,0,0,NA,NA,NA
23069,"Alameda",1.20592555821507,"Las Trampas Wilderness Regional Preserve",0,0,-0.102555703897245,"ns",NA,0,0,NA,0.000000053883457695747,0.0000000589434812070522
23074,"Solano",9.91309936462512,"Napa-Sonoma Marshes Wildlife Area",0,1,-0.209863757372676,"cold",NA,0,0,NA,0.000000101310696720702,0.000000158021776996975
23459,"San Mateo",4.78832830002528,"Bair Island Ecological Reserve",0,8,-0.199837023585257,"ns",NA,0,0,NA,0.0000000124112400357035,0.0000000140278242355407
23559,"Lake",0.266566347695738,"California State Lands Commission",0,0,-0.209863757372676,"cold",NA,0,0,NA,0.000000115200677441862,0.000000121561427590677
23590,"Santa Clara",5.72106138672853,"BLM",0,0,-0.0697060784840234,"cold",NA,0,0,NA,0.0000000570998643922849,0.0000000811091496188965
23598,"Solano",0.113904868523448,"Decker Island Wildlife Area",0,1,-0.209863757372676,"cold",NA,0,0,NA,NA,NA
23599,"Alameda",0.26859285497133,"Christensen Road Burrowing Owl Site",0,0,-0.209863757372676,"cold",NA,0,0,NA,NA,NA
23602,"Solano",0.141128133096929,"Miner Slough Wildlife Area",0,0,-0.209863757372676,"cold",NA,0,0,NA,NA,NA
23685,"Contra Costa",0.11389511663013,"Gaylord Sports Park",0,0,-0.209863757372676,"cold",NA,0,0,NA,NA,NA
24228,"Santa Clara",4.70320495848771,"Rancho Cañada del Oro Open Space Preserve",2,14,0.315682280683834,"ns",NA,2,0,0,0.000000126005289757813,0.000000153252884160793
24425,"Solano",0.640613779578163,"Peytonia Slough Ecological Reserve",0,3,-0.209863757372676,"cold",NA,0,0,NA,NA,NA
24429,"Napa",4.09144891849652,"Duff Ranch",0,0,-0.252676457568109,"cold",NA,0,0,NA,0.0000000726778992543586,0.0000000844072829409015
24434,"Santa Clara",1.71284836576852,"Mount Madonna County Park",0,8,-0.102555703897245,"ns",NA,0,0,NA,0.00000000507753883383089,0.00000000699466617959388
24438,"Santa Cruz",0.818949687781419,"Randall Morgan Sandhills",0,2,-0.0611277055853553,"ns",NA,0,0,NA,0.0000000206036734340387,0.000000026202222613847
24771,"Santa Cruz",1.99945853006372,"Watsonville Slough Farms",0,6,-0.280696895853321,"cold",NA,0,0,NA,0.00000000021949263240284,0.000000000324654830796689
24947,"Napa",5.20478028410817,"Moore Creek Wilderness Park",0,5,-0.174094406214199,"ns",NA,0,0,NA,0.000000111182465900583,0.00000012604364485469
24949,"San Mateo",0.144058225248441,"Welden",0,0,-0.0898712206232004,"ns",NA,0,0,NA,0.0000000143832235011132,0.0000000157009125700824
24950,"San Mateo",0.151127141240654,"Cobb/Mahoney",0,0,-0.0737853284328278,"ns",NA,0,0,NA,0.0000000171554663808138,0.0000000189671833794591
24951,"San Mateo",0.145081279367156,"Santos",0,0,-0.0737853284328278,"ns",NA,0,0,NA,0.0000000140863187780838,0.0000000168440426051575
24952,"Santa Cruz",0.463174679643489,"Minton",0,0,0.0405217007366625,"ns",NA,0,0,NA,0.0000000450218919922918,0.0000000505117903060182
24956,"Santa Cruz",0.159853328876652,"Isacson",0,0,-0.0667863527387683,"ns",NA,0,0,NA,0.0000000665079866735141,0.0000000685225671759326
24961,"Santa Cruz",0.153374275457176,"Katz",0,0,-0.0667863527387683,"ns",NA,0,0,NA,0.00000000947407841067616,0.00000000947407841067616
25116,"Contra Costa",3.11865069970124,"Reinhardt Redwood Regional Park",0,10,-0.270057748775247,"ns",NA,0,0,NA,0.0000000120044045814893,0.0000000297925453196513
25173,"Santa Cruz",0.171250300886572,"Greyhound Rock Fishing Access",0,4,-0.0310170015802914,"ns",NA,0,0,NA,0.00000000385070419994804,0.00000000526431565006646
25196,"Santa Clara",6.16541328764846,"Sierra Vista Open Space Preserve",1,13,0.0762910518951394,"ns",NA,0,0,NA,0.00000000530937560583311,0.0000000105834345731637
25203,"San Mateo",9.93352171747619,"Purisima Creek Redwoods Open Space Preserve",0,8,-0.199837023585257,"ns",NA,1,1,1,0.00000000749244666309323,0.0000000166882809793378
25241,"Sonoma",7.97789864417977,"Petaluma Marsh Wildlife Area",0,0,-0.138325055055722,"ns",NA,0,0,NA,NA,NA
25254,"Santa Clara",0.755349893366687,"Cottonwood Creek Wildlife Area",0,0,11.2005592621815,"hot","occ_hot_effort_not_TRUSTED",0,0,NA,NA,NA
25279,"Alameda",0.247911803910511,"Sibley Volcanic Regional Preserve",0,1,-0.266167093643342,"ns",NA,0,0,NA,0.00000000270235123167595,0.000000003472890863776
25289,"Alameda",4.1355453193931,"Don Edwards National Wildlife Refuge",0,9,-0.209863757372676,"cold",NA,0,0,NA,0.00000000125199084433092,0.0000000332582352768895
25311,"Santa Cruz",1.71968331501009,"Lompico",0,2,0.105105800702453,"ns",NA,1,1,1,0.000000105593166210838,0.000000109037202378204
25312,"Santa Cruz",0.177095243346853,"Fall Creek",0,0,0.0339330914592381,"ns",NA,0,0,NA,0.0000000180573103136794,0.0000000270655942102849
25329,"Marin",3.43769632241943,"Petaluma Marsh Wildlife Area",0,1,-0.272596885683331,"ns",NA,0,0,NA,NA,NA
25330,"Contra Costa",2.98110544695207,"Point Edith Wildlife Area",0,0,-0.209863757372676,"cold",NA,0,0,NA,NA,NA
25346,"Sonoma",1.59225107028987,"Kelly Farm",0,6,-0.187365701928555,"ns",NA,0,0,NA,0.0000000117329701510016,0.000000013703767898221
25347,"Sonoma",3.13437041744257,"Armstrong Redwoods State Natural Reserve",0,9,-0.174094406214199,"ns",NA,0,0,NA,0.0000000661890595665682,0.0000000854589075061085
25801,"Napa",1.97925819517732,"Milliken Reservoir Property",0,2,-0.209863757372676,"cold",NA,0,0,NA,NA,NA
25815,"Marin",0.572768128256061,"San Pablo Bay Wildlife Area",0,2,-0.315090641230347,"ns",NA,0,0,NA,NA,NA
25816,"Napa",0.998869780598529,"California State Lands Commission",0,0,-0.242654995909454,"cold",NA,0,0,NA,0.000000060497399090309,0.000000072237931192376
25818,"Napa",1.41418250955385,"Rector Reservoir Wildlife Area",0,0,-0.209863757372676,"cold",NA,0,0,NA,0.000000110675046016695,0.000000141317840984811
25824,"Santa Cruz",0.16672433659826,"Struve Slough - California Coastal Conservancy",0,0,-0.297991875693768,"cold",NA,0,0,NA,0.000000000542128175684553,0.000000000542128175684553
25864,"Sonoma",0.144001328342745,"Stillwater Cove",0,2,-0.209863757372676,"cold",NA,0,0,NA,0.00000105851188436645,0.00000106009031242138
25900,"Santa Clara",0.114274628525924,"San Francisco Bay",0,1,-0.199837023585257,"ns",NA,0,0,NA,0.00000000455378668107187,0.00000000455378668107187
26044,"Contra Costa",1.9119875143847,"Franklin Canyon",0,5,-0.314394127622371,"cold",NA,0,0,NA,0.0000000162842024309384,0.0000000222716902698039
26058,"Santa Clara",0.26991923750323,"El Sereno Open Space Preserve",0,0,0.0617144259461704,"ns",NA,0,0,NA,0.0000000614167845469638,0.0000000911546820248077
26059,"San Mateo",9.16925268859053,"Miramontes Ridge Open Space Preserve",0,8,-0.0176209759797999,"ns",NA,0,0,NA,0.00000000484063944483637,0.00000000951375334068416
26061,"Santa Clara",0.457256187337314,"Penitencia Creek Park",0,9,-0.102686456787027,"ns",NA,0,0,NA,0.0000000117311751424154,0.0000000187479081148467
26069,"Sonoma",1.61608800883873,"Riddell Preserve",5,3,0.464928178366944,"hot","occ_hot_effort_not_TRUSTED",4,0,0,0.0000000670324524776333,0.000000074495467572433
26070,"Sonoma",0.237514900042178,"Laguna de Santa Rosa Wetlands Preserve",0,5,-0.187365701928555,"ns",NA,0,0,NA,0.00000000904047059435698,0.00000000988853798844502
26072,"Sonoma",0.164001043649601,"Cedars Gateway",0,0,-0.102555703897245,"ns",NA,0,0,NA,0.0000000571985410147136,0.0000000742981782764218
27031,"Contra Costa",0.980171673865237,"Deer Valley",0,0,-0.209863757372676,"cold",NA,0,0,NA,NA,NA
28108,"Contra Costa",6.52213058745508,"Las Trampas Wilderness Regional Preserve",0,4,-0.167453501319181,"ns",NA,0,0,NA,0.0000000375150541742642,0.0000000589434812070522
28112,"Alameda",18.255007812337,"Pleasanton Ridge Regional Park",0,6,-0.187365701928555,"ns",NA,0,0,NA,0.0000000258509498252124,0.0000000701870419561601
28121,"Contra Costa",0.592030249946814,"Briones Regional Park",0,0,-0.167453501319181,"ns",NA,0,0,NA,NA,NA
28123,"Contra Costa",3.0378563211105,"Crockett Hills Regional Park",0,0,-0.337607087457896,"cold",NA,0,0,NA,0.0000000507719732922851,0.0000000684097685166307
28142,"San Mateo",0.118190602702757,"Smith Field",0,0,-0.233588795812426,"ns",NA,0,0,NA,0.00000000946216616171114,0.00000000948801037736757
28207,"Sonoma",0.225592165533652,"Petaluma Urban Separator",0,4,-0.209863757372676,"cold",NA,0,0,NA,0.0000000183481283499987,0.0000000225626006766788
28256,"Santa Cruz",12.9423198925866,"Swanton Pacific Ranch",0,13,-0.138325055055722,"ns",NA,0,0,NA,0.00000000197941329993512,0.0000000045763619560546
28258,"Santa Cruz",7.85158109144892,"San Lorenzo Valley Water District",3,7,0.0405217007366625,"ns",NA,7,7,1,0.0000000314975672210949,0.0000000937503727982403
28268,"Santa Cruz",3.58010496365469,"Santa Cruz, City of - Closed Area",3,3,0.0592311545433552,"ns",NA,2,1,0.5,0.0000000689171955059464,0.0000000937503727982403
28279,"Santa Cruz",0.544672942190825,"Center For Natural Lands Management",0,3,-0.242654995909454,"cold",NA,0,0,NA,0.00000000212885242767413,0.00000000248297293836686
28288,"Sonoma",0.397432028174877,"Bear Canyon",0,0,0.00475234957818558,"ns",NA,0,0,NA,0.00000013269952603423,0.000000139803759680035
28296,"Santa Cruz",0.552640770815381,"Soquel Creek Watershed District Land",1,0,0.290907158846001,"ns",NA,0,0,NA,0.0000000166490305986144,0.000000023742993349174
28305,"Solano",0.141602411619209,"Al Patch Park",0,0,-0.262332310850271,"cold",NA,0,0,NA,NA,NA
28318,"San Francisco",0.387045185064348,"Farallon National Wildlife Refuge",0,0,-0.0697060784840234,"cold",NA,0,0,NA,0.00000000000013183554183234,0.000000000000195952398729902
28340,"Santa Clara",0.159296587526319,"Coyote Creek Park",0,0,-0.242654995909454,"cold",NA,0,0,NA,0.0000000380899152219172,0.0000000382151554845223
29079,"Marin",0.112276572804358,"Mount Tamalpais State Park",0,9,0.0151789709977068,"ns",NA,0,0,NA,0.0000000339100587609664,0.0000000339100587609664
29105,"San Mateo",1.61605967084483,"Bair Island Ecological Reserve",0,5,-0.209863757372676,"cold",NA,0,0,NA,0.0000000129645032487247,0.0000000140278242355407
29118,"Santa Clara",2.80202159499109,"Bear Creek Redwoods Open Space Preserve",0,11,-0.0565425703783578,"ns",NA,1,1,1,0.0000000951367269408365,0.000000114712008780771
29127,"Napa",4.89056616989954,"Lake Hennessey",0,7,-0.209863757372676,"cold",NA,0,0,NA,0.00000013254108921501,0.00000014107467904978
29128,"Contra Costa",3.50618929681763,"Sibley Volcanic Regional Preserve",0,12,-0.275217460307687,"ns",NA,0,0,NA,0.00000000315249271132245,0.00000000748946860085198
29145,"Santa Clara",0.216215632299719,"Guadalupe River Park",0,8,-0.199837023585257,"ns",NA,0,0,NA,0.000000026944853459554,0.0000000306847454112358
29159,"Solano",1.40183239229204,"Rolling Hills Open Space",0,2,-0.262332310850271,"cold",NA,0,0,NA,NA,NA
29160,"Solano",0.107726845417673,"Spyglass Open Space",0,0,-0.221314647118306,"cold",NA,0,0,NA,NA,NA
29162,"Contra Costa",0.303425775997224,"Delta De Anza Regional Trail",0,0,-0.209863757372676,"cold",NA,0,0,NA,NA,NA
29388,"Sonoma",3.95289009319041,"Saddle Mountain Open Space Preserve",0,5,-0.0667863527387683,"ns",NA,0,0,NA,0.0000000750891402390153,0.0000000822073218387231
29389,"Sonoma",0.634619670170452,"Healdsburg Ridge Open Space Preserve",0,6,-0.0310170015802914,"ns",NA,0,0,NA,0.0000000803623052547664,0.0000000812315903431227
29405,"Contra Costa",0.277230364292303,"Carquinez Strait Regional Shoreline",0,0,-0.314394127622371,"cold",NA,0,0,NA,NA,NA
29412,"Contra Costa",7.88899128329277,"Byron Vernal Pools Regional Preserve",0,1,-0.174094406214199,"ns",NA,0,0,NA,NA,NA
29415,"Contra Costa",0.151453747160686,"Briones/Las Trampas Trail",0,1,-0.252676457568109,"cold",NA,0,0,NA,NA,NA
29420,"Alameda",3.61460244431376,"Mission Peak Regional Preserve",0,11,-0.0667863527387683,"ns",NA,0,0,NA,0.000000000601580452119777,0.00000000117191156778773
29544,"Alameda",22.0248688944581,"Ohlone Regional Wilderness",7,8,0.469753914638386,"ns",NA,7,0,0,0.0000000113739622165099,0.0000000120229755040668
29545,"Alameda",11.8818229967893,"Sunol Regional Wilderness",4,14,0.0762910518951394,"ns",NA,4,0,0,0.00000000500698371652675,0.0000000111882645370542
29556,"Contra Costa",0.648562276784077,"Carquinez Strait Regional Shoreline",0,0,-0.330037075964696,"cold",NA,0,0,NA,NA,NA
29557,"Contra Costa",0.166742204113223,"BLM",0,0,-0.221806905662458,"ns",NA,0,0,NA,NA,NA
29584,"Santa Clara",3.29845050706549,"Saratoga Gap Open Space Preserve",0,2,0.2353029145254,"ns",NA,0,0,NA,0.0000000837419307231357,0.000000118817474970001
29585,"San Mateo",3.57378188937645,"Skyline Ridge Open Space Preserve",10,5,1.16090553362549,"ns",NA,10,0,0,0.000000243926393750371,0.000000355164274878916
29586,"Santa Clara",0.108001136007614,"Don Edwards National Wildlife Refuge",0,0,-0.209863757372676,"cold",NA,0,0,NA,0.000000013671199283749,0.000000017372796534687
29590,"Sonoma",13.654529435629,"Sonoma Coast State Park",2,9,-0.102555703897245,"ns",NA,2,0,0,0.0000000499202919002073,0.0000000654129266308701
29615,"Alameda",1.79840036031631,"Coyote Hills Regional Park",0,15,-0.209863757372676,"cold",NA,0,0,NA,0.00000000893427554160553,0.0000000127704318231281
29617,"Alameda",7.45682906282421,"Garin Regional Park",0,3,-0.149598783143906,"ns",NA,0,0,NA,0.0000000588989976790799,0.000000147971363162469
29629,"Contra Costa",8.71151133463738,"Morgan Territory Regional Preserve",0,0,-0.209863757372676,"cold",NA,0,0,NA,NA,NA
29664,"Marin",0.259689628230044,"Vince Mulroy Memorial Woodland Nature Preserve",0,2,-0.330037075964696,"cold",NA,0,0,NA,NA,NA
29687,"Napa",7.60307288949583,"Spanish Valley Park",0,2,-0.199837023585257,"ns",NA,0,0,NA,NA,NA
29694,"Alameda",0.131107058955303,"McLaughlin Eastshore State Park",0,9,-0.138325055055722,"ns",NA,0,0,NA,NA,NA
29753,"Contra Costa",1.81723955261605,"CNWS to Black Diamond",0,0,-0.242654995909454,"cold",NA,0,0,NA,NA,NA
29756,"San Mateo",0.804034260412663,"Gregerson",0,1,0.194551365270094,"ns",NA,0,0,NA,0.00000000567742786117265,0.00000000602804295368742
29761,"Marin",0.131395730587164,"Mill Valley/Sausalito Path",0,5,-0.262332310850271,"cold",NA,0,0,NA,0.0000000382423550604472,0.0000000400379427389908
29767,"San Mateo",0.156505053772002,"Krvavica",0,0,-0.104973580975424,"ns",NA,0,0,NA,0.0000000143193084056747,0.0000000157009125700824
29768,"San Mateo",0.606231011727832,"Sinnott",0,0,0.050276914399702,"ns",NA,0,0,NA,0.0000000222104610259066,0.0000000255475285371176
29771,"Sonoma",0.510369946886204,"Estero Americano Preserve",0,1,-0.209863757372676,"cold",NA,0,0,NA,0.0000000603986975988846,0.0000000636989767599516
29772,"Sonoma",0.107991178779604,"Lower Pitkin Marsh",0,0,-0.174094406214199,"ns",NA,0,0,NA,0.0000000350627260559122,0.0000000429305124782786
29773,"Santa Clara",0.567758756866504,"Tulare Hill Land Bank",0,2,-0.290280610632857,"ns",NA,0,0,NA,0.00000011541709454832,0.000000135791921707096
29774,"Santa Clara",0.646083699028135,"Moody Gulch Land Bank",1,0,0.194551365270094,"ns",NA,0,0,NA,0.0000000896277967399328,0.0000000991651276649463
29779,"Santa Clara",11.8830596955023,"Blue Oak Ranch Reserve",4,16,0.469753914638386,"ns",NA,4,0,0,0.00000000722633242133952,0.0000000125983143917097
29780,"Napa",2.80443452924199,"Crystal Flats",0,2,-0.209863757372676,"cold",NA,0,0,NA,NA,NA
29781,"Napa",0.885793196700959,"Stone Corral Park",0,0,-0.187365701928555,"ns",NA,0,0,NA,NA,NA
29782,"Napa",0.127579960110316,"Trancas Crossing Park",0,5,-0.174094406214199,"ns",NA,0,0,NA,NA,NA
29784,"Sonoma",1.66642177303805,"Live Oaks Ranch",0,0,-0.174094406214199,"ns",NA,0,0,NA,0.000000157005032974666,0.00000016110045919504
29785,"Napa",0.733350684462506,"Live Oaks Ranch",0,0,-0.174094406214199,"ns",NA,0,0,NA,0.000000153572699446158,0.000000158284294116129
29800,"Santa Cruz",0.140732213266142,"Quail Hollow Quarry Conservation Areas",0,1,0.0399077707905076,"ns",NA,0,0,NA,0.0000000255150869321596,0.0000000312091614773635
31035,"Contra Costa",0.236360145423785,"Ridgeview Open Space",0,0,-0.193046081189682,"ns",NA,0,0,NA,NA,NA
31201,"Santa Cruz",0.319143329826505,"Quail Hollow Quarry Conservation Areas",0,0,-0.0384957104961882,"ns",NA,0,0,NA,0.0000000313284473918429,0.0000000408885867386743
31204,"Alameda",0.705416959280423,"Las Trampas Wilderness Regional Preserve",0,0,-0.138325055055722,"ns",NA,0,0,NA,0.0000000573178446927614,0.0000000624367544332927
31205,"Solano",7.60196196476525,"Wilcox Ranch",0,0,-0.209863757372676,"cold",NA,0,0,NA,NA,NA
31207,"Santa Clara",0.473211030588516,"Tulare Hill",0,4,-0.145940307800594,"ns",NA,0,0,NA,0.00000012013872208172,0.000000124278827229318
34900,"Contra Costa",0.462963641705766,"Mokelumne Trail",0,0,-0.209863757372676,"cold",NA,0,0,NA,NA,NA
34926,"Santa Clara",2.55216735184791,"Bear Creek Redwoods Open Space Preserve",3,7,0.105105800702453,"ns",NA,6,3,0.5,0.000000097622496753047,0.000000109883409038503
34960,"Santa Clara",0.354805493577484,"Heintz Open Space",0,9,0.0268476322772787,"ns",NA,0,0,NA,0.0000000244134685800645,0.000000026685157195061
34961,"Santa Clara",0.235843636086544,"Santa Rosa Open Space",0,7,0.00549490479867423,"ns",NA,0,0,NA,0.0000000277748331001249,0.0000000313491952397271
34999,"Napa",2.53662905790022,"Newell Open Space Preserve",1,3,-0.199837023585257,"cold",NA,1,0,0,0.000000144975984994744,0.000000155170312154951
35002,"Alameda",1.98431101524808,"Doolan Canyon Regional Preserve",0,0,-0.209863757372676,"cold",NA,0,0,NA,NA,NA
35003,"Contra Costa",0.167126936905101,"Oak Hill Lane",0,0,-0.209863757372676,"cold",NA,0,0,NA,NA,NA
35010,"Contra Costa",1.14911556830985,"Doolan Canyon Regional Preserve",0,1,-0.209863757372676,"cold",NA,0,0,NA,NA,NA
35027,"Contra Costa",0.718851785118118,"Viera-North Peak",0,0,-0.209863757372676,"cold",NA,0,0,NA,NA,NA
35030,"Contra Costa",0.868562520602304,"Mangini Ranch",0,3,-0.232109026930301,"ns",NA,0,0,NA,NA,NA
35041,"Santa Clara",0.158656730372336,"El Torro Preserve",0,0,-0.263346328522741,"ns",NA,0,0,NA,0.0000000323531850199288,0.0000000373155017996396
35054,"Sonoma",12.4562984475665,"San Pablo Bay National Wildlife Refuge",0,3,-0.174094406214199,"ns",NA,0,0,NA,0.0000000719729769116384,0.0000000890985205614925
35057,"Santa Clara",0.389139968164352,"Silicon Valley Land Conservancy",0,0,-0.275217460307687,"ns",NA,0,0,NA,0.0000000967129096807184,0.000000102651121380859
35058,"San Mateo",0.354115705328369,"El Corte de Madera Creek Open Space Preserve",0,3,0.0762910518951394,"ns",NA,0,0,NA,0.0000000122817933601027,0.0000000159927395770865
35074,"Contra Costa",3.27467836315366,"Lafayette Reservoir",0,11,-0.221806905662458,"ns",NA,0,0,NA,0.00000000365639185595512,0.00000000365639163391052
35076,"Solano",0.121414067342322,"Alpine Open Space",0,0,-0.280696895853321,"cold",NA,0,0,NA,NA,NA
35092,"San Francisco",0.236626154270902,"Fort Mason",0,10,-0.209863757372676,"cold",NA,0,0,NA,0.0000000196494411852655,0.0000000196494411852655
35095,"San Francisco",0.188993992559161,"Baker Beach",0,13,-0.209863757372676,"cold",NA,0,0,NA,0.0000000217908411315193,0.0000000245651552432946
35097,"San Francisco",0.344598047999825,"Crissy Field",0,11,-0.209863757372676,"cold",NA,0,0,NA,0.0000000236592168079142,0.0000000244485018896512
35102,"Marin",2.56142048277642,"Hamilton Wetlands",0,6,-0.345024299343557,"cold",NA,0,0,NA,NA,NA
35104,"Solano",2.67503130004731,"Meins Landing",0,1,-0.209863757372676,"cold",NA,0,0,NA,NA,NA
35110,"Contra Costa",4.79267706914274,"Dutch Slough",0,6,-0.209863757372676,"cold",NA,0,0,NA,NA,NA
35111,"Solano",2.39797864714128,"Stebbins Cold Canyon Reserve",1,3,-0.226874410218402,"ns",NA,0,0,NA,NA,NA
35113,"Contra Costa",0.154348749783995,"Mount Diablo Gateway",0,3,-0.211107374837038,"ns",NA,0,0,NA,NA,NA
35115,"Marin",0.101137227816361,"San Geronimo Ridge Acq",0,0,-0.119467811549053,"ns",NA,0,0,NA,0.0000000461518077088385,0.0000000461518077088385
35116,"Solano",6.05573184183562,"Patwino Worrtla Kodoi Dihi Open Space Park",0,4,-0.209863757372676,"cold",NA,0,0,NA,NA,NA
35121,"Alameda",0.135247588426749,"Niles Community Park",0,7,-0.242654995909454,"cold",NA,0,0,NA,0.00000000899262708742299,0.0000000103123376504755
35125,"San Mateo",1.45157684283183,"Long Ridge Open Space Preserve",0,0,0.54004279465064,"hot","occ_hot_effort_not_TRUSTED",0,0,NA,0.00000012858741627042,0.000000218310631794338
35146,"Sonoma",2.18612133268258,"Bohemia Ecological Preserve",0,5,-0.102555703897245,"ns",NA,0,0,NA,0.0000000426034105771578,0.0000000462805083145668
35157,"Sonoma",0.456984157874469,"Petaluma Marsh Acquisition, Enhancement and Access",0,3,-0.209863757372676,"cold",NA,0,0,NA,0.0000000131145814208367,0.0000000139604834359375
35364,"Santa Cruz",0.28612970808358,"Unnamed Site - Scotts Valley, City of",0,2,0.140076899679561,"ns",NA,0,0,NA,0.0000000115553815405178,0.0000000174599161795186
35477,"Napa",0.6948965624943,"Unnamed site - California Department of General Services",0,0,-0.262332310850271,"cold",NA,0,0,NA,0.0000000632669596711821,0.0000000634725765280564
35702,"Napa",0.481795564461277,"Unnamed site - California Department of General Services",0,0,-0.262332310850271,"cold",NA,0,0,NA,0.0000000563401556519239,0.0000000634725765280564
35709,"Napa",0.233136296486043,"Unnamed site - California Department of General Services",0,0,-0.174094406214199,"ns",NA,0,0,NA,0.000000108229400552773,0.000000136222311653
35922,"Napa",0.177401285722475,"Unnamed site - Napa, City of",0,0,-0.174094406214199,"ns",NA,0,0,NA,0.0000000503745667401745,0.0000000568689202395944
35999,"Santa Cruz",2.78798693170704,"Sierra Azul Open Space Preserve",1,3,0.112060403053616,"ns",NA,1,0,0,0.0000000331641132333971,0.000000041227039559999
36254,"Marin",0.760572292085668,"Petaluma Marsh",0,0,-0.174094406214199,"ns",NA,0,0,NA,NA,NA
36351,"Contra Costa",0.109003969771536,"City Park",0,0,-0.209863757372676,"cold",NA,0,0,NA,NA,NA
36504,"Santa Cruz",0.779240539279265,"City Open Space",1,4,0.0163279692099511,"ns",NA,2,1,0.5,0.00000000608141226265957,0.00000000960868185018171
36505,"Santa Cruz",0.945914598219723,"Unnamed site - Watsonville, City of",0,4,-0.138325055055722,"ns",NA,0,0,NA,0.0000000343942545555365,0.0000000391234777907812
36536,"Santa Clara",1.17057512470697,"Unnamed Site - Morgan Hill, City of",0,3,-0.221314647118306,"cold",NA,0,0,NA,0.0000000369845842840277,0.0000000493706373561054
36628,"Santa Cruz",0.27868578927932,"City Open Space",0,0,0.0675323799757062,"ns",NA,0,0,NA,0.00000000737536298700547,0.00000000737536254291626
36638,"Santa Clara",0.120770795915536,"Morgan Hill Community Park",0,1,-0.243880253410086,"ns",NA,0,0,NA,0.0000000292096853371504,0.0000000306249603454489
36695,"Santa Clara",0.462769474673684,"Stevens Creek County Park",0,7,-0.135069979053104,"ns",NA,1,1,1,0.0000000761456107056802,0.0000000912208690806438
36697,"Santa Clara",0.327307806960599,"Vasona Lake County Park",0,13,-0.232220545851334,"cold",NA,0,0,NA,0.0000000196930134421791,0.0000000239183890471395
36698,"Santa Clara",0.244422899231531,"Los Gatos Creek Park",0,8,-0.209863757372676,"cold",NA,0,0,NA,0.00000001686275119539,0.0000000180560864038171
36699,"Santa Clara",0.184872686872025,"Los Gatos Creek Trail",0,11,-0.209863757372676,"cold",NA,0,0,NA,0.0000000218735252133229,0.0000000310578620599244
37025,"Napa",0.157620886281396,"Stebbins Cold Canyon Reserve",0,0,-0.204845280774581,"ns",NA,0,0,NA,NA,NA
37026,"Santa Clara",10.3940930102439,"Mount Madonna County Park",1,13,-0.0667863527387683,"ns",NA,1,0,0,0.0000000146669600908922,0.0000000257290366789675
38000,"Santa Clara",1.45337956518974,"Sunnyvale Baylands Park",0,10,-0.209863757372676,"cold",NA,0,0,NA,0.00000000777757680481272,0.0000000114043361421068
38013,"Santa Clara",0.171836705899581,"Ulistac Natural Area",0,14,-0.174094406214199,"ns",NA,0,0,NA,0.00000000921425247213392,0.0000000103181383437345
38031,"Santa Clara",0.266337899072533,"Sierra Vista Open Space Preserve",0,0,0.0405217007366625,"ns",NA,0,0,NA,0.0000000103255812788916,0.0000000107948219252307
38032,"Santa Clara",1.45285521233397,"Seven Oaks Hill",0,0,-0.252676457568109,"cold",NA,0,0,NA,0.0000000260978367805365,0.0000000293548332308546
38037,"Santa Cruz",0.333313081350014,"Lachenbruch",0,0,0.0239679167486215,"ns",NA,0,0,NA,0.0000000113386020572648,0.0000000128584423109146
42002,"Santa Cruz",33.1318558569776,"San Vicente Redwoods",1,12,0.112060403053616,"ns",NA,31,30,0.967741935483871,0.00000000789601539707974,0.0000000239396147350135
43096,"Napa",0.161948169733845,"Unnamed site - California Department of General Services",0,0,-0.252676457568109,"cold",NA,0,0,NA,0.0000000850530099683056,0.0000000945097298199471
43105,"San Mateo",0.123965563730097,"La Honda Creek Open Space Preserve",0,0,0.00475234957818558,"ns",NA,0,0,NA,0.0000000533667510183022,0.0000000559409834011149
43107,"Alameda",0.431095893556791,"Cull Canyon Regional Recreation Area",0,4,-0.0379194122548744,"ns",NA,0,0,NA,0.000000151015996152637,0.000000155219325392864
44005,"Napa",0.648523392059268,"Alston Park",0,3,-0.174094406214199,"ns",NA,0,0,NA,0.0000000454314381670429,0.0000000568689202395944
44307,"Napa",0.263487179624364,"United States Bureau of Reclamation",0,0,-0.199837023585257,"ns",NA,0,0,NA,NA,NA
44308,"Napa",0.960168831810665,"United States Bureau of Reclamation",0,1,-0.199837023585257,"ns",NA,0,0,NA,NA,NA
44309,"Napa",0.835875806305504,"United States Bureau of Reclamation",0,0,-0.209863757372676,"cold",NA,0,0,NA,NA,NA
44410,"San Mateo",1.42171536952403,"Alpine Ranch",0,1,0.944895320739224,"hot","occ_hot_effort_not_TRUSTED",0,0,NA,0.000000146568979175754,0.000000174097436911325
44413,"San Mateo",0.647050054828476,"Butano Crest West",0,0,0.00615175697230565,"ns",NA,0,0,NA,0.0000000149236178970114,0.0000000175103203048366
44457,"San Mateo",0.107820190160519,"Cowell-Purisima Coastal Trail",0,3,-0.199837023585257,"ns",NA,0,0,NA,0.0000000104612407625382,0.0000000112676907804143
44493,"Sonoma",5.48221705264759,"San Pablo Bay National Wildlife Refuge",0,2,-0.209863757372676,"cold",NA,0,0,NA,0.0000000743609547271262,0.0000000967102593563141
44529,"Santa Clara",0.197905590821938,"Coyote Creek Parkchain",0,2,-0.232220545851334,"cold",NA,0,0,NA,0.000000032016913564803,0.0000000347223796381968
44702,"Mendocino",0.1453742610325,"Gualala River Forest",0,0,-0.0667863527387683,"ns",NA,0,0,NA,NA,NA
44706,"Contra Costa",4.14004774234541,"Curry Canyon Ranch",0,8,-0.209863757372676,"cold",NA,0,0,NA,NA,NA
44708,"Contra Costa",0.421169587774266,"Highland Springs",0,0,-0.209863757372676,"cold",NA,0,0,NA,NA,NA
44709,"Contra Costa",1.11231623320566,"Morgan Territory",0,0,-0.209863757372676,"cold",NA,0,0,NA,NA,NA
44716,"Contra Costa",1.75636284214338,"City of Clayton Open Space",0,1,-0.252676457568109,"cold",NA,0,0,NA,NA,NA
44755,"Sonoma",2.17407065380454,"California State Lands Commission",0,0,-0.0697060784840234,"cold",NA,0,0,NA,NA,NA
44758,"Napa",0.259524395940287,"California State Lands Commission",0,0,-0.209863757372676,"cold",NA,0,0,NA,0.000000103351354141523,0.000000121561427590677
44803,"Santa Clara",0.395465194043915,"Gonzales Farm",0,0,-0.174094406214199,"ns",NA,0,0,NA,0.000000000268503524969432,0.00000000035395106290359
44916,"Solano",0.337678676044475,"Mare Island Shoreline Heritage Preserve",0,2,-0.209863757372676,"cold",NA,0,0,NA,0.000000103534816275896,0.000000105763916735668
44917,"Sonoma",1.00431818413377,"Lakeville Property",0,0,-0.211636258320938,"ns",NA,0,0,NA,NA,NA
44925,"Santa Clara",1.05711428113101,"Triple Buck Ranch",0,0,-0.102686456787027,"ns",NA,0,0,NA,0.000000018553146574618,0.0000000227114202999701
44926,"Napa",3.81596377066134,"USBR",0,1,-0.174094406214199,"ns",NA,0,0,NA,NA,NA
44934,"San Mateo",3.19377706851425,"Scarper Ridge",1,4,0.222626067918286,"ns",NA,1,0,0,0.00000000491648055600535,0.00000000585981307921202
44956,"Contra Costa",0.493870606290448,"Mulholland Open Space Preserve",0,2,-0.242053576653827,"ns",NA,0,0,NA,0.00000000867474359012022,0.000000011396563692756
44957,"Contra Costa",0.45745374365478,"Mulholland Open Space Preserve",0,0,-0.270057748775247,"ns",NA,0,0,NA,0.0000000060773919230428,0.00000000790730148025887
44959,"Sonoma",79.3640801871935,"Buckeye Forest",0,2,-0.0697060784840234,"cold",NA,1,1,1,0.000000363209977649603,0.00000065303430574204
45113,"Solano",6.21647171421994,"Prospect Island",0,1,-0.209863757372676,"cold",NA,0,0,NA,NA,NA
45281,"Marin",4.09044534494691,"Martin Griffin Preserve",0,13,0.433984563479909,"hot","occ_hot_effort_not_TRUSTED",0,0,NA,0.0000000223988276815135,0.0000000252119161103792
45286,"Santa Cruz",2.35302171457217,"Star Creek Ranch",0,8,-0.174094406214199,"ns",NA,0,0,NA,0.000000000184827583793457,0.000000000408620332015275
45300,"San Mateo",0.447566489670841,"Mori Point",0,14,-0.153416756738804,"ns",NA,0,0,NA,0.00000000106941722144427,0.00000000117004839150781
45337,"Alameda",0.575921060997707,"Dublin Hills Regional Park",0,0,-0.146140681766025,"ns",NA,0,0,NA,0.0000000642195203681695,0.0000000658559287103344
45369,"Santa Clara",0.430747844086157,"Dennis Debell Uvas Creek Preserve",0,4,-0.174094406214199,"ns",NA,0,0,NA,0.00000000315000914241637,0.00000000482202588969471
45370,"Santa Clara",0.278460859667957,"Christmas Hill Park",0,1,-0.174094406214199,"ns",NA,0,0,NA,0.00000000205835859468095,0.00000000285720469506145
45375,"Contra Costa",1.39414480045317,"Diablo Foothills Regional Park",0,7,-0.188317584436221,"ns",NA,0,0,NA,NA,NA
45382,"Napa",5.51445205259527,"Sutro Ranch",0,0,-0.209863757372676,"cold",NA,0,0,NA,NA,NA
45390,"Santa Clara",0.71821954420308,"Hellyer County Park",0,10,-0.209863757372676,"cold",NA,0,0,NA,0.0000000545332170531765,0.0000000584893271593501
45401,"Santa Clara",2.42364158053537,"Star Creek Ranch",0,8,-0.174094406214199,"ns",NA,0,0,NA,0.000000000461983867827698,0.000000000813062284166222
45422,"Napa",0.158389167408705,"Randy Lee Johnson Donation",0,0,-0.271661587897018,"cold",NA,0,0,NA,0.0000000736675787038621,0.0000000736675787038621
45467,"San Mateo",1.14793143327822,"Burns Valley",0,3,0.18359910537057,"ns",NA,0,0,NA,0.0000000552415393428873,0.0000000657853007623999
45518,"Santa Clara",0.877891626358974,"Upper Penitencia Creek Property",0,0,0.0762910518951394,"ns",NA,0,0,NA,0.00000000485274220807241,0.00000000574242609019393
45655,"Santa Clara",0.155589702360004,"San Pedro Ponds Park",0,3,-0.222861269378895,"ns",NA,0,0,NA,0.0000000411186604765135,0.0000000415865564207252
45720,"Contra Costa",0.844798097866602,"Lime Ridge Open Space",0,6,-0.297991875693768,"cold",NA,0,0,NA,NA,NA
45940,"Alameda",4.1730390753786,"Hill Face Open Space City of Fremont",0,2,-0.0667863527387683,"ns",NA,0,0,NA,0.000000000745223771581038,0.00000000117164311586038
46017,"Alameda",0.126747924977183,"Crown Memorial Regional Shoreline",0,7,-0.232220545851334,"cold",NA,0,0,NA,NA,NA
46803,"Santa Clara",9.34409494984529,"Coyote Canyon",0,1,-0.209863757372676,"cold",NA,0,0,NA,0.0000000218278994879029,0.0000000493706373561054
46805,"Santa Clara",1.89697447470344,"Coyote Highlands",0,0,-0.221314647118306,"cold",NA,0,0,NA,0.0000000288501293965737,0.0000000366145016528208
46842,"Contra Costa",13.9562766137808,"Deer Valley Regional Park",0,1,-0.221314647118306,"cold",NA,0,0,NA,NA,NA
46880,"Contra Costa",1.45304082969748,"Wildcat Canyon Regional Park",0,1,-0.216098918923153,"ns",NA,0,0,NA,0.00000000101319641565567,0.00000000151540435755493
46886,"Sonoma",0.962589781288356,"Pole Mountain",0,0,0.362445861162955,"ns",NA,0,0,NA,0.0000000687355310446947,0.0000000815695884170964
46888,"Contra Costa",0.142227346028731,"Unnamed site - Concord, City of",0,0,-0.262332310850271,"cold",NA,0,0,NA,NA,NA
46890,"San Mateo",0.39365255500873,"Devil's Slide Trail",0,9,-0.138325055055722,"ns",NA,0,0,NA,0.00000000295106050707261,0.00000000347450135329552
46894,"San Mateo",1.79579858319756,"Quarry Park",0,4,0.221148765873738,"ns",NA,0,0,NA,0.00000000644944053718177,0.00000000692092960719037
46918,"San Mateo",0.409148529601967,"Carlsen Property",0,0,-0.133415704811255,"ns",NA,0,0,NA,0.0000000116900675806164,0.0000000137523494814218
46919,"San Mateo",0.234419927027445,"Mohr",0,1,-0.209863757372676,"cold",NA,0,0,NA,0.0000000133445841044022,0.0000000140278242355407
46924,"San Mateo",0.110384331065514,"Ocean View Farms",0,1,0.0985511175642222,"ns",NA,0,0,NA,0.00000000485344520129161,0.00000000541013189803152
46925,"San Mateo",0.421949371930113,"Ross Property",0,1,-0.209863757372676,"cold",NA,0,0,NA,0.0000000133971198579275,0.0000000143427634213822
46936,"Solano",3.34414286688099,"Bradmoor Island",0,0,-0.209863757372676,"cold",NA,0,0,NA,NA,NA
46942,"Alameda",0.468059782359793,"Clifton Court Forebay",0,0,-0.209863757372676,"cold",NA,0,0,NA,NA,NA
46947,"Alameda",0.658265871996957,"Brushy Peak Regional Preserve",0,1,-0.211636258320938,"ns",NA,0,0,NA,NA,NA
46954,"Contra Costa",0.638525056146408,"Carquinez Strait Regional Shoreline",0,4,-0.337607087457896,"cold",NA,0,0,NA,NA,NA
46955,"Contra Costa",1.05019941870214,"Briones Regional Park",0,2,-0.284012883923671,"ns",NA,0,0,NA,NA,NA
46956,"Alameda",0.330015840497479,"Del Valle Regional Park",0,0,0.326676510004478,"ns",NA,0,0,NA,NA,NA
46957,"Contra Costa",2.48264786775517,"Bishop Ranch Regional Open Space Preserve",0,1,-0.242654995909454,"cold",NA,0,0,NA,0.0000000506188300164467,0.0000000649865441459951
46962,"Alameda",3.47413224412563,"Sunol Regional Wilderness",0,1,0.0762910518951394,"ns",NA,0,0,NA,0.00000000175205783214949,0.0000000024477950777424
46968,"Alameda",0.827327393567042,"Quarry Lakes Regional Recreation Area",0,6,-0.242654995909454,"cold",NA,0,0,NA,0.000000011062727622857,0.0000000178322121513474
46973,"Alameda",14.5943707923898,"Ohlone Regional Wilderness",0,2,0.577061968113817,"hot","occ_hot_effort_hot_SUSPECT",0,0,NA,0.0000000104591180161151,0.0000000120229755040668
46977,"Santa Clara",0.554652377824371,"Martial Cottle Park",0,10,-0.221314647118306,"cold",NA,0,0,NA,0.0000000621569569148051,0.0000000697123070381167
46978,"Santa Clara",0.608862524899831,"Martial Cottle Park",0,10,-0.209863757372676,"cold",NA,0,0,NA,0.0000000640402646467919,0.0000000669567796762749
46980,"Contra Costa",0.231158875752784,"San Pablo Bay Regional Shoreline",0,2,-0.209863757372676,"cold",NA,0,0,NA,0.0000000107841993113311,0.000000013947099475331
46989,"Contra Costa",14.1609277015882,"Vasco Hills Regional Preserve",0,2,-0.209863757372676,"cold",NA,0,0,NA,NA,NA
46990,"Alameda",1.1803011001945,"Coyote Hills Regional Park",0,12,-0.221314647118306,"cold",NA,0,0,NA,0.00000000946249389954801,0.0000000127704318231281
46991,"Contra Costa",0.369033225941643,"Crockett Hills Regional Park",0,0,-0.262332310850271,"cold",NA,0,0,NA,0.0000000558943220596575,0.0000000607222716553224
46992,"Alameda",3.16991802965074,"Vargas Plateau Regional Park",0,7,-0.221314647118306,"cold",NA,0,0,NA,0.00000000575039882377837,0.0000000121575824962861
46993,"Contra Costa",0.188006386055807,"Diablo Foothills Regional Park",0,2,-0.199963167400943,"ns",NA,0,0,NA,NA,NA
46995,"Contra Costa",4.01894810142299,"Delta Access Regional Recreation Area",0,0,-0.209863757372676,"cold",NA,0,0,NA,NA,NA
47046,"Santa Clara",0.143195998348346,"Morgan Hill Outdoor Sports Center",0,0,-0.222861269378895,"ns",NA,0,0,NA,0.0000000351680498056339,0.0000000351680498056339
47060,"Napa",0.742037780417712,"Sugarloaf Ridge State Park",0,1,-0.0310170015802914,"ns",NA,0,0,NA,0.000000215329151842525,0.000000245315874281005
47062,"Santa Clara",6.30295981746993,"Rancho Canada de Pala",1,2,0.0762910518951394,"ns",NA,1,0,0,0.00000000384516685159042,0.00000000560192559007078
47068,"Alameda",2.542679504226,"Bethany Reservoir State Recreation Area",0,3,-0.209863757372676,"cold",NA,0,0,NA,NA,NA
47072,"Santa Clara",3.55584553760388,"Coyote Creek Parkway",0,12,-0.209863757372676,"cold",NA,0,0,NA,0.0000000169013691930786,0.000000112711553867939
47073,"Santa Clara",0.259281122370927,"Gilroy Sports Park",1,0,-0.174094406214199,"cold",NA,0,0,NA,0.00000000115321707738758,0.00000000174329040092402
47085,"Santa Clara",1.14420338659509,"Pajaro River Agricultural Preserve",0,1,-0.174094406214199,"ns",NA,0,0,NA,0.000000000244089970458106,0.00000000041614817147817
47114,"San Mateo",8.78128032040541,"Tunitas Creek Open Space Preserve",0,7,-0.174094406214199,"ns",NA,1,1,1,0.00000000816482437215882,0.0000000114878098145255
47140,"Alameda",0.163416645412706,"Pacific Commons Sports Park",0,4,-0.209863757372676,"cold",NA,0,0,NA,0.000000000286585255526717,0.00000000029331070905414
47141,"Alameda",0.149588344244494,"Isherwood Park",0,2,-0.252676457568109,"cold",NA,0,0,NA,0.00000002037538671118,0.000000020425447999628
47147,"Alameda",0.448866504193077,"Sabercat Historic Park",0,8,-0.209863757372676,"cold",NA,0,0,NA,0.000000000336706496018024,0.000000000380438291980312
47200,"Marin",0.130845139148185,"Reservoir Hill",0,5,-0.338231709620758,"ns",NA,0,0,NA,NA,NA
47229,"San Mateo",0.33176295314075,"Crestmoor Canyon",0,3,-0.209863757372676,"cold",NA,0,0,NA,0.000000000439333430746203,0.000000000626985852125728
47230,"San Mateo",0.162931746484398,"Bay Marshes Open Space",0,3,-0.209863757372676,"cold",NA,0,0,NA,0.00000000224120078051726,0.00000000284164469732673
47292,"Solano",0.192338844058997,"Cordelia Community Park",0,0,-0.209863757372676,"cold",NA,0,0,NA,NA,NA
47344,"Sonoma",2.17554745531562,"North Sonoma Mountain Regional Park and Open Space Preserve",0,12,0.00475234957818558,"ns",NA,0,0,NA,0.000000239503862076162,0.00000030570765829907
47346,"Sonoma",1.10330290382205,"North Sonoma Mountain Regional Park and Open Space Preserve",1,1,0.00475234957818558,"ns",NA,1,0,0,0.000000270998071982831,0.00000030570765829907
47347,"Sonoma",0.272954499384761,"Auberge Ceanothus Preserve",0,0,0.186072695158706,"ns",NA,0,0,NA,0.000000234677841604025,0.000000264231061919418
47457,"San Mateo",0.379616452857683,"Pebble Beach Farm",0,0,0.0762910518951394,"ns",NA,0,0,NA,0.00000000169427016860624,0.00000000189474280709589
47512,"San Mateo",2.67129691294,"Año Nuevo State Park",6,17,0.0762910518951394,"ns",NA,6,0,0,0.00000000620622753189082,0.00000000823063306398808
47513,"San Mateo",1.74524345674635,"Cascade Ranch",0,5,0.0405217007366625,"ns",NA,0,0,NA,0.00000000750599493670734,0.00000000811326383853839
47514,"San Francisco",0.197250932838692,"Candlestick Point State Recreation Area",0,11,-0.209863757372676,"cold",NA,0,0,NA,0.00000000590616666684696,0.0000000071344485874647
47518,"Solano",0.644454327199698,"Grizzly Island Wildlife Area",0,0,-0.209863757372676,"cold",NA,0,0,NA,NA,NA
47526,"Napa",24.3340343731586,"Cedar Roughs Area of Critical Environmental Concern",0,0,-0.174094406214199,"ns",NA,0,0,NA,NA,NA
47527,"Alameda",15.6709403090233,"Lake Del Valle State Recreation Area",6,14,0.362445861162955,"ns",NA,7,1,0.142857142857143,0.000000000648355036325654,0.000000000992519288978144
47537,"Contra Costa",0.400072263523537,"Hillside Natural Area",0,8,-0.180617520732422,"ns",NA,0,0,NA,0.000000000202566310947283,0.000000000234751107441866
47544,"Sonoma",0.314681850564969,"Oken",0,0,-0.138325055055722,"ns",NA,0,0,NA,0.0000000599033711523589,0.0000000617241653344536
47546,"Sonoma",0.117778224524257,"Ho",0,0,0.00475234957818558,"ns",NA,0,0,NA,0.0000000643467785721441,0.0000000643467785721441
47547,"Sonoma",0.182068669039337,"Young-Armos",0,0,-0.138325055055722,"ns",NA,0,0,NA,0.0000000453540032196997,0.0000000485602456024026
47551,"Sonoma",4.5839167722425,"Taylor Mountain Regional Park and Open Space Preserve",0,13,-0.0310170015802914,"ns",NA,0,0,NA,0.0000000549519008075094,0.0000000762468488346713
47552,"Sonoma",5.3054582843032,"Wright Hill (Poff) Ranch Preserve",0,1,-0.102555703897245,"ns",NA,0,0,NA,0.000000053715510262009,0.0000000660285195408505
47580,"Sonoma",22.6780040668215,"Jenner Headlands Preserve",15,8,0.433984563479909,"ns",NA,4,0,0,0.0000000439186962353233,0.0000000893347902319874
47610,"Contra Costa",0.672025835685775,"Bay Area Ridge Trail Land Bank",0,2,-0.226874410218402,"ns",NA,0,0,NA,0.00000000219875873064268,0.00000000299918911927932
47646,"Santa Clara",0.144626715597054,"Alamitos Creek Parkchain",0,5,-0.0875613079668738,"ns",NA,0,0,NA,0.000000145281234154027,0.00000016588543871876
47650,"Santa Clara",0.605383580300143,"Guadalupe Creek Parkchain",0,6,-0.167453501319181,"ns",NA,0,0,NA,0.000000042438049518978,0.0000000491348828290938
47666,"Napa",1.59226938251796,"Archer Taylor Preserve",0,0,-0.0310170015802914,"ns",NA,0,0,NA,0.000000193102252410426,0.000000221322167703875
47675,"Napa",2.83447544898665,"Suscol Headwaters Preserve",0,1,-0.174094406214199,"ns",NA,0,0,NA,NA,NA
47680,"Napa",1.2557956077822,"Berryessa Vista Wilderness Park",0,0,-0.209863757372676,"cold",NA,0,0,NA,NA,NA
47684,"Napa",0.496946645478245,"Okin",0,0,-0.174094406214199,"ns",NA,0,0,NA,0.0000000850979091637782,0.0000000878304931006824
47687,"Napa",0.894750818004916,"Mayacamas Preserve",0,1,-0.00553588998879786,"ns",NA,0,0,NA,0.000000205969726607691,0.000000235668139225709
47697,"Santa Clara",0.756555203711297,"Foothills Open Space Preserve",1,6,1.04794259485937,"hot","occ_hot_effort_hot_SUSPECT",1,0,0,0.000000452432118436263,0.000000475998945148604
47698,"Santa Clara",0.151696246133586,"Foothills Open Space Preserve",0,0,0.930144563331336,"hot","occ_hot_effort_hot_SUSPECT",0,0,NA,0.000000469834873229047,0.000000475998945148604
47702,"Marin",0.944608080012625,"Old Saint Hilary's Open Space Preserve",0,6,-0.209863757372676,"cold",NA,0,0,NA,0.000000021783886694493,0.000000027508686883948
47718,"San Mateo",0.346767482645673,"Windy Hill Open Space Preserve",0,4,1.06874699046267,"hot","occ_hot_effort_hot_SUSPECT",0,0,NA,0.000000447732674047074,0.000000461129474160771
47722,"Marin",0.208030120699653,"Horse Hill Open Space Preserve",0,1,-0.314394127622371,"cold",NA,0,0,NA,0.000000035048525859338,0.0000000375353828019342
47750,"Santa Cruz",0.191135617252198,"Santa Cruz Riverwalk",0,13,0.0617144259461704,"ns",NA,0,0,NA,NA,NA
47761,"Santa Clara",7.40899885016472,"Coyote Ridge Open Space Preserve",1,9,-0.33068182787541,"cold",NA,1,0,0,0.000000094523258553636,0.000000111997366047945
47762,"Santa Clara",1.42602730715705,"Coyote Valley Open Space Preserve",0,12,0.0434834457584303,"ns",NA,0,0,NA,0.000000103987730426525,0.000000116405736605429
47764,"Santa Clara",1.11697442539424,"Little Uvas Preserve",0,8,0.0156602361348128,"ns",NA,0,0,NA,0.0000000420401455869523,0.0000000436382734392282
47765,"Santa Clara",2.23574042983343,"Mount Chual Preserve",0,3,0.469753914638386,"ns",NA,1,1,1,0.0000000688531258674629,0.0000000873732730610755
47775,"Santa Clara",17.6966781449349,"Rancho Cañada del Oro Open Space Preserve",9,10,0.283996929837735,"ns",NA,10,1,0.1,0.0000000987901387361489,0.000000153252884160793
47776,"Santa Clara",0.249616160330948,"Santa Teresa Foothills Open Space Preserve",0,2,-0.0255238327898417,"ns",NA,0,0,NA,0.0000000906016168755741,0.00000010429743468876
47777,"Santa Clara",2.23798541787172,"Coyote Ridge",0,1,-0.266167093643342,"ns",NA,0,0,NA,0.0000000988826442949176,0.000000108782181484912
47778,"Santa Clara",3.76425403660688,"Coyote Ridge Property",0,1,-0.226874410218402,"ns",NA,0,0,NA,0.000000103218859237586,0.000000114782608306996
47797,"Contra Costa",0.388178648379166,"Anderson Ranch",0,1,-0.209863757372676,"cold",NA,0,0,NA,NA,NA
47799,"Marin",0.651732062477804,"San Geronimo County Park",0,6,-0.119467811549053,"ns",NA,0,0,NA,0.0000000478397730319102,0.0000000490411160569693
47809,"San Mateo",0.204301623905266,"Tunitas Creek Beach",0,2,-0.209863757372676,"cold",NA,0,0,NA,0.00000000583765880080023,0.00000000604372107915196
47844,"Sonoma",0.100740104347767,"Petaluma Community Sports Fields",0,0,-0.209863757372676,"cold",NA,0,0,NA,0.0000000260313282041125,0.0000000281946004321298
47847,"Sonoma",0.168776367977992,"Santa Rosa Creek Redwoods",0,0,-0.0515699211695508,"ns",NA,0,0,NA,0.000000104591350691408,0.000000123717995847983
47848,"Santa Clara",0.793203085950997,"Croy Redwoods Preserve",0,0,0.112060403053616,"ns",NA,0,0,NA,0.0000000519675751320392,0.0000000538067652655627
47868,"San Francisco",0.256619739491607,"Mount Sutro Open Space Reserve",0,4,-0.289465805365592,"cold",NA,0,0,NA,0.0000000134311699540035,0.0000000137642572894947
47876,"Alameda",0.102795111034041,"University of California Botanical Garden at Berkeley",0,15,-0.184987897994187,"ns",NA,0,0,NA,0.000000000692343182784327,0.000000000692343182784327
47944,"San Mateo",16.3582548908866,"La Honda Creek Open Space Preserve",1,11,0.188765243607661,"ns",NA,2,2,1,0.000000115857702098765,0.000000211346602441154
47978,"Napa",1.23700459410612,"Napa-Sonoma Marshes Wildlife Area",0,1,-0.174094406214199,"ns",NA,0,0,NA,0.0000000718818284894951,0.0000000881239756722607
48020,"San Mateo",0.199266960548271,"Wavecrest Open Space Reserve",0,7,-0.211636258320938,"ns",NA,0,0,NA,0.00000000931468591147677,0.00000000948801037736757
48234,"San Mateo",1.23763015145405,"Gazos Creek Redwoods",0,2,-0.204845280774581,"ns",NA,0,0,NA,0.0000000117025731327658,0.0000000143993474921444
48347,"Alameda",0.264105792925174,"Fallon Sports Park",0,1,-0.221314647118306,"cold",NA,0,0,NA,NA,NA
48478,"Napa",4.48967493323097,"Quail Ridge Reserve",0,6,-0.199837023585257,"ns",NA,0,0,NA,NA,NA
48480,"Napa",1.84493019727616,"Quail Ridge Reserve",0,0,-0.233588795812426,"ns",NA,0,0,NA,NA,NA
48483,"Napa",2.13235136284073,"Quail Ridge Reserve",0,0,-0.204845280774581,"ns",NA,0,0,NA,NA,NA
48561,"Contra Costa",0.647788693590495,"Old Ranch Open Space",0,4,-0.252676457568109,"cold",NA,0,0,NA,0.0000000171834209083954,0.0000000191920115355515
48612,"Napa",0.130048024193663,"Huber Ranch",0,0,-0.204845280774581,"ns",NA,0,0,NA,NA,NA
48613,"Solano",0.495875245624331,"Huber Ranch",0,0,-0.226874410218402,"ns",NA,0,0,NA,NA,NA
48622,"Solano",0.282898711516355,"Cold Canyon Headwaters Property",0,0,-0.226874410218402,"ns",NA,0,0,NA,NA,NA
48630,"Napa",0.218960189037014,"Cooks Flat",0,0,-0.174094406214199,"ns",NA,0,0,NA,0.0000000778226834086126,0.0000000827239077239028
48636,"San Mateo",0.14297876250838,"Poplar Beach",0,8,-0.222861269378895,"ns",NA,0,0,NA,0.00000000825398149828516,0.0000000086077331928891
48637,"San Mateo",0.114851982592777,"Poplar Beach",0,3,-0.222861269378895,"ns",NA,0,0,NA,0.0000000086077331928891,0.0000000086077331928891
48638,"Napa",0.396454786696103,"McLaughlin Natural Reserve",0,1,-0.0697060784840234,"cold",NA,0,0,NA,NA,NA
48920,"Contra Costa",0.362497974727213,"Dougherty Valley Ridge Trail",0,1,-0.232220545851334,"cold",NA,0,0,NA,0.0000000166735425466413,0.0000000179266308464321
48974,"San Mateo",88.580962965742,"SFPUC Peninsula Watershed",5,16,0.290907158846001,"ns",NA,9,5,0.555555555555556,0.00000000285995493953806,0.0000000313143857511022
48977,"Napa",0.163449769650484,"Henry",0,0,-0.187365701928555,"ns",NA,0,0,NA,NA,NA
49041,"Contra Costa",10.3029084949874,"Thurgood Marshall Regional Park",0,2,-0.271661587897018,"cold",NA,0,0,NA,NA,NA
49043,"Santa Clara",1.37262313123008,"Northern Coyote Valley Conservation Area",0,3,-0.168605624543341,"ns",NA,0,0,NA,0.000000113860060935167,0.000000125060395816945
49046,"Alameda",0.382869654935056,"Don Castro Regional Recreation Area",0,8,-0.0379194122548744,"ns",NA,0,0,NA,0.000000163130124519739,0.000000163446557621683
49048,"San Mateo",0.137791777275669,"Rising Acres",0,0,-0.174094406214199,"ns",NA,0,0,NA,0.0000000095424157464663,0.0000000110677751408161
49049,"Santa Clara",0.550972040773703,"Calero Lakeview",0,1,-0.0868734611033357,"ns",NA,0,0,NA,0.000000160784537683867,0.000000168013741586037
49050,"Santa Cruz",1.44913732467022,"Filice Ranch",0,2,-0.0310170015802914,"ns",NA,2,2,1,0.00000000501567365418509,0.00000000645982556335412
49051,"Santa Clara",0.65712538937794,"Pacheco Creek Open Space Regional Reserve",0,0,0.0762910518951394,"ns",NA,0,0,NA,0.0000000180123098658669,0.000000020295992442243
49052,"Santa Clara",2.42567842676916,"Baird Open Space Regional Reserve",0,1,-0.290280610632857,"ns",NA,1,1,1,0.0000000509064541631687,0.0000000611759602975326
49053,"Santa Clara",0.377610728926767,"Davidson Open Space Regional Reserve",0,0,-0.298760460208231,"ns",NA,0,0,NA,0.0000000445854162478554,0.0000000516604146127975
49054,"Santa Clara",0.151806545048082,"Tulare Hill Wedge Open Space Regional Reserve",0,3,-0.298760460208231,"ns",NA,0,0,NA,0.00000011290497070604,0.000000124278827229318
49055,"Santa Clara",1.42043957068128,"Uvas South Open Space Regional Reserve",0,1,-0.102686456787027,"ns",NA,0,0,NA,0.000000028878309521474,0.000000032147319473097
49068,"Contra Costa",0.10915301197774,"Smith Canyon",0,0,-0.209863757372676,"cold",NA,0,0,NA,NA,NA
49079,"Sonoma",0.693535882144811,"Fitch Mountain Park Open Space Preserve",0,0,0.00475234957818558,"ns",NA,0,0,NA,0.0000000910864059733285,0.0000000978201342149987
49177,"Contra Costa",3.2019990226013,"Quimby Island",0,0,-0.209863757372676,"cold",NA,0,0,NA,NA,NA
49178,"Solano",2.99301267877229,"Denverton Property",0,1,-0.209863757372676,"cold",NA,0,0,NA,NA,NA
49186,"Solano",3.7084240926028,"Grizzly Ranch",0,2,-0.209863757372676,"cold",NA,0,0,NA,NA,NA
49211,"Santa Cruz",0.525497498862016,"Bigler",0,0,0.112060403053616,"ns",NA,0,0,NA,0.0000000226078000764574,0.0000000250066065632382
49219,"Santa Clara",7.81191979632141,"Tilton Ranch",0,2,0.0451724984104522,"ns",NA,0,0,NA,0.0000000734677527702843,0.000000107127831938669
49221,"Santa Clara",6.15666235865376,"Coyote Ridge (East)",0,6,-0.298760460208231,"ns",NA,0,0,NA,0.0000000945740126212513,0.00000011199772842474
49331,"Napa",7.88331164186338,"Wragg Ridge",0,0,-0.242654995909454,"cold",NA,0,0,NA,NA,NA
49423,"Alameda",0.444655901597087,"Martin Luther King Junior Regional Shoreline",0,11,-0.242654995909454,"cold",NA,0,0,NA,0.0000000214154844968562,0.0000000254037821889597
49426,"Alameda",0.185814394861065,"Martin Luther King Junior Regional Shoreline",0,4,-0.252676457568109,"cold",NA,0,0,NA,0.0000000200957988027994,0.0000000262971635578424
49465,"Marin",0.117326881222009,"Marinwood Park",0,0,-0.309065257690051,"ns",NA,0,0,NA,0.00000000768111707571961,0.00000000768111707571961
49493,"San Mateo",0.732062258352416,"Hidden Canyon Park",0,10,-0.070302934520951,"ns",NA,0,0,NA,0.00000000407697697824005,0.00000000508151831724035
49528,"Napa",1.70923128830782,"Cedar Roughs Wilderness",0,0,-0.174094406214199,"ns",NA,0,0,NA,NA,NA
49529,"Napa",6.4798564529697,"Chiles Valley",0,0,-0.209863757372676,"cold",NA,0,0,NA,NA,NA
49530,"Napa",0.564485533010985,"Ghisletta Wetlands and Open Space",0,5,-0.174094406214199,"ns",NA,0,0,NA,0.0000000433861622184395,0.0000000446868000381073
49531,"Napa",0.231820468352621,"Ghisletta Wetlands and Open Space",0,0,-0.174094406214199,"ns",NA,0,0,NA,0.0000000434098232915403,0.0000000446868000381073
49533,"Napa",0.64323323855339,"Hangman",0,0,-0.242654995909454,"cold",NA,0,0,NA,0.000000143849121059247,0.000000149930954762567
49534,"Napa",0.322886604503441,"B&B Wendel Preserve",0,0,-0.174094406214199,"ns",NA,0,0,NA,NA,NA
49546,"Contra Costa",0.941018268441037,"City of Antioch Trail",0,1,-0.209863757372676,"cold",NA,0,0,NA,NA,NA
49547,"Napa",0.733886211439667,"Linda Falls Preserve",1,3,-0.174094406214199,"cold",NA,3,3,1,0.0000000613098407598045,0.0000000631341592338686
49549,"Napa",5.85078316721512,"PUC Demonstration and Experimental Forest",0,11,-0.174094406214199,"ns",NA,9,9,1,0.0000000595277818149498,0.0000000802003228272952
49550,"San Mateo",0.393823985687275,"Pedro Point Headlands",1,5,-0.138325055055722,"ns",NA,1,0,0,0.00000000227226082394338,0.00000000282653367378316
49629,"Contra Costa",1.10138605533244,"Almond Ranch",0,1,-0.256837826723102,"ns",NA,0,0,NA,NA,NA
49630,"Contra Costa",0.351590685569654,"Painted Rock",0,1,-0.211636258320938,"ns",NA,0,0,NA,NA,NA
49760,"Santa Cruz",23.3887615803334,"Cotoni-Coast Dairies",1,13,0.326676510004478,"ns",NA,14,13,0.928571428571429,0.000000000479428940991511,0.00000000107513398184267
49792,"Alameda",2.63349712475067,"Mendoza Ranch",0,0,-0.209863757372676,"cold",NA,0,0,NA,NA,NA
49809,"Contra Costa",1.21918106519691,"Mount Diablo State Park",1,8,-0.188317584436221,"ns",NA,1,0,0,NA,NA
49822,"Napa",1.30225622574588,"American Canyon",0,1,-0.233588795812426,"ns",NA,0,0,NA,0.00000015737258252102,0.000000163020700938432
49886,"Contra Costa",21.6897724180357,"Webb Tract",0,0,-0.209863757372676,"cold",NA,0,0,NA,NA,NA
49887,"Contra Costa",11.4987876091242,"Holland Tract",0,0,-0.209863757372676,"cold",NA,0,0,NA,NA,NA
49907,"Solano",0.114125066914125,"Lake Dalwigk",0,1,-0.221314647118306,"cold",NA,0,0,NA,0.000000118559519535211,0.000000128220818851332
49911,"Solano",0.159190040102453,"Pond C Biofiltration and Habitat Restoration Project",0,0,-0.209863757372676,"cold",NA,0,0,NA,NA,NA
49918,"Contra Costa",0.195789035757503,"Anticoch Community Park",0,0,-0.221314647118306,"cold",NA,0,0,NA,NA,NA
49968,"Solano",3.43965981346943,"Chipps Island",0,0,-0.209863757372676,"cold",NA,0,0,NA,NA,NA
49969,"Contra Costa",2.42441699659012,"Winter Island",0,0,-0.209863757372676,"cold",NA,0,0,NA,NA,NA
49970,"Solano",0.59714592079899,"Decker Island",0,1,-0.209863757372676,"cold",NA,0,0,NA,NA,NA
49972,"Solano",1.54425681715326,"Arnold Slough",0,0,-0.209863757372676,"cold",NA,0,0,NA,NA,NA
49973,"Solano",1.12785166883354,"Wings Landing",0,0,-0.209863757372676,"cold",NA,0,0,NA,NA,NA
49974,"Solano",13.6733415839762,"Lookout Slough",0,2,-0.0697060784840234,"cold",NA,0,0,NA,NA,NA
50038,"Sonoma",0.156860148073744,"Los Guillicos Preserve",0,1,0.186072695158706,"ns",NA,0,0,NA,0.00000019305090859234,0.000000193086520994257
50084,"Sonoma",2.92264654771084,"Harold Richardson Redwoods Reserve",0,1,-0.209863757372676,"cold",NA,0,0,NA,0.00000112207283109456,0.00000115688362711808
50089,"Napa",6.09719073021294,"Grinsell Ranch Preserve",0,0,-0.209863757372676,"cold",NA,0,0,NA,NA,NA
50091,"Napa",1.92567347187847,"Spencer Reserve",0,0,-0.216098918923153,"ns",NA,0,0,NA,NA,NA
50302,"Napa",2.09693440905982,"Napa Headwaters",0,0,-0.174094406214199,"ns",NA,0,0,NA,0.000000149898099266466,0.000000155692447378897
50316,"Sonoma",0.708660643753198,"Sonoma Mountain Vernal Pool Preserve",0,4,0.112060403053616,"ns",NA,0,0,NA,0.00000030529801620105,0.000000324728176792632
50329,"Alameda",13.9352589066212,"Tesla Park",0,8,0.00475234957818558,"ns",NA,0,0,NA,NA,NA
50331,"Solano",1.77615266780987,"Napa -- Sonoma Marshes Wildlife Area",0,2,-0.174094406214199,"ns",NA,0,0,NA,0.000000143419057963001,0.000000158021776996975
50407,"Santa Cruz",0.461970500879427,"Santa Cruz Long-Toed Salamander Ecological Reserve",0,1,-0.314394127622371,"cold",NA,0,0,NA,0.000000000509605690979242,0.000000000540218814126803
50408,"Santa Clara",0.409119611776915,"Guadalupe Reservoir",0,2,0.188765243607661,"ns",NA,0,0,NA,0.0000000780718067971975,0.0000000932087118599156
50423,"Contra Costa",0.123314355586129,"Ditmer",0,0,-0.314394127622371,"cold",NA,0,0,NA,0.0000000213060005194166,0.0000000222716902698039
50432,"Contra Costa",0.583872469269759,"Pacheco Marsh",0,3,-0.209863757372676,"cold",NA,0,0,NA,NA,NA
50433,"Contra Costa",0.499986945944392,"Harvey Ranch",0,1,-0.176101765736736,"ns",NA,0,0,NA,0.0000000240079298663431,0.0000000240079298663431
50471,"Santa Clara",7.52000510348013,"Lakeside Ranch",0,1,0.128445824120026,"ns",NA,0,0,NA,0.0000000682927705497605,0.0000000962217399091969
50479,"Alameda",0.915498115906916,"Five Canyons Open Space Regional Preserve",5,6,-0.0141549520544008,"ns",NA,2,0,0,0.000000153082368115065,0.000000159525143317296
50483,"Contra Costa",2.87190892976395,"Tilden (Nature Area)",2,16,-0.188317584436221,"ns",NA,2,0,0,0.000000000173230915723188,0.000000000287950691069128
50486,"Alameda",2.52323233485693,"Lake Chabot Regional Park",0,10,-0.180617520732422,"ns",NA,0,0,NA,0.000000110282442733478,0.000000131285176507845
50492,"Alameda",0.355660072465421,"Roberts Regional Recreation Area",0,2,-0.270057748775247,"ns",NA,0,0,NA,0.0000000148413281664261,0.0000000202056344988932
50493,"Contra Costa",0.132634553697072,"Roberts Regional Recreation Area",0,0,-0.261000787903158,"ns",NA,0,0,NA,0.0000000107864517318035,0.0000000131943158621084
50500,"Alameda",0.228990689386616,"Martin Luther King Junior Regional Shoreline",0,15,-0.252676457568109,"cold",NA,0,0,NA,0.000000022671182264844,0.0000000234147830013853
50501,"Alameda",2.17089229694299,"Martin Luther King Junior Regional Shoreline",0,12,-0.252676457568109,"cold",NA,0,0,NA,0.0000000211902460023339,0.0000000262971635578424
50505,"Alameda",0.171608050293641,"SF Bay Trail",0,1,-0.280696895853321,"cold",NA,0,0,NA,0.0000000182479098498334,0.0000000482851056915479
50523,"Santa Clara",0.379568647391055,"Northern Coyote Valley Conservation Area",0,0,-0.189786926973296,"ns",NA,0,0,NA,0.000000115862441418813,0.000000125942918316468
50529,"Alameda",0.231593153876866,"Bay Area Ridge Trail",0,0,-0.0737853284328278,"ns",NA,0,0,NA,0.000000153386039869474,0.000000158627898372288
50535,"Contra Costa",0.175381707044707,"Calaveras Ridge Trail",0,0,-0.209863757372676,"cold",NA,0,0,NA,0.0000000490211036208166,0.0000000546730518635741
50543,"Alameda",2.03492638438772,"Coyote Hills Regional Park",0,14,-0.209863757372676,"cold",NA,0,0,NA,0.00000000906647468212896,0.0000000126300898628529
50547,"Alameda",0.25971254333967,"Crown Memorial State Beach",0,13,-0.221314647118306,"cold",NA,0,0,NA,NA,NA
50549,"Alameda",0.150320300514579,"Dumbarton Quarry Campground on the Bay",0,3,-0.209863757372676,"cold",NA,0,0,NA,0.00000000567668001494326,0.00000000628670893121352
50562,"Alameda",0.135323304544085,"Mission Peak Regional Preserve",0,0,-0.0667863527387683,"ns",NA,0,0,NA,0.00000000114764775460685,0.00000000114764775460685
50564,"Alameda",1.93024301491944,"Vargas Plateau Regional Park",0,1,-0.221314647118306,"cold",NA,0,0,NA,0.00000000739494243617855,0.0000000121575824962861
50571,"Contra Costa",2.9134914718856,"Vasco Caves Regional Preserve",0,1,-0.174094406214199,"ns",NA,0,0,NA,NA,NA
50573,"Alameda",7.15494337548781,"Brushy Peak Regional Preserve",1,12,-0.211636258320938,"cold",NA,1,0,0,NA,NA
50574,"Alameda",1.51660853054547,"Mission Peak Regional Preserve",0,4,-0.0855188663593018,"ns",NA,0,0,NA,0.000000000440433273185548,0.000000000547345557766477
50576,"Contra Costa",0.771173457232006,"Waterbird Regional Preserve",0,8,-0.242654995909454,"cold",NA,0,0,NA,NA,NA
50577,"Contra Costa",0.309315157039413,"Carquinez Strait Regional Shoreline",0,4,-0.314394127622371,"cold",NA,0,0,NA,NA,NA
50582,"Contra Costa",2.25135974348991,"Rancho Pinole Regional Preserve",0,6,-0.380126246369345,"cold",NA,0,0,NA,0.00000000870764615967801,0.000000015365344552265
50583,"Napa",4.45446630484874,"Pope Creek",0,2,-0.174094406214199,"ns",NA,0,0,NA,NA,NA
50584,"Napa",9.35796200860888,"Walt Ranch",0,1,-0.209863757372676,"cold",NA,0,0,NA,NA,NA
50598,"Marin",0.137437758304447,"Oakwood Open Space",0,0,-0.324812473768853,"ns",NA,0,0,NA,0.0000000165258331463747,0.0000000166815148361366
50606,"Sonoma",2.07526912314338,"Monte Rio Redwoods Regional Park",0,3,-0.0667863527387683,"ns",NA,0,0,NA,0.000000041539362172216,0.0000000425523900560165
50776,"Sonoma",1.58871046811144,"Chanslor Ranch",0,4,-0.209863757372676,"cold",NA,0,0,NA,0.0000000680907490391292,0.0000000751594200210093
50779,"Alameda",1.4578431774241,"Alameda Creek Regional Trail",0,11,-0.262332310850271,"cold",NA,0,0,NA,0.0000000158522492910151,0.0000000354060425422631
50783,"Santa Clara",2.92749852926877,"Mount Madonna North",0,0,-0.102686456787027,"ns",NA,2,2,1,0.000000026321357537995,0.0000000344850938915897
50784,"Santa Clara",4.55177442607947,"O'Connell Ranch Reserve",0,1,0.0762910518951394,"ns",NA,0,0,NA,0.0000000143870773072763,0.0000000216463895696961
50785,"Santa Clara",0.187451909311858,"Castle and Cooke Reserve",0,0,-0.33068182787541,"ns",NA,0,0,NA,0.000000097719798475282,0.00000010083716972531
50822,"Sonoma",0.878504699473839,"Fountaingrove II Open Space",0,4,-0.0310170015802914,"ns",NA,0,0,NA,0.0000000675593483379089,0.0000000774098012357172
50828,"Solano",0.297042096582092,"Sackett Ranch",0,3,-0.153416756738804,"ns",NA,0,0,NA,NA,NA
50854,"Sonoma",1.49301686332724,"Russian River Redwoods",0,0,-0.102555703897245,"ns",NA,0,0,NA,0.0000000520542862147977,0.0000000562133770642959
50870,"Napa",0.31172902988939,"Howarth",0,0,-0.174094406214199,"ns",NA,0,0,NA,0.000000105115070425654,0.000000114012394192287
50871,"Napa",5.37728389543323,"Mead Ranch",0,1,-0.209863757372676,"cold",NA,0,0,NA,NA,NA
50872,"Napa",0.240829666143886,"Zipser",0,1,-0.216098918923153,"ns",NA,0,0,NA,NA,NA
50873,"Napa",1.75096502129605,"McCormick Ranch",0,3,0.050276914399702,"ns",NA,3,3,1,0.000000144060891216213,0.000000160064900001089
50874,"Napa",0.166512418989169,"The Cove",0,0,0.00549490479867423,"ns",NA,0,0,NA,0.000000228176261884983,0.00000023042605334922
50931,"Napa",1.65257468570772,"Harunk",0,1,-0.174094406214199,"ns",NA,0,0,NA,NA,NA
50932,"Santa Cruz",2.2171762544822,"Cascade Creek",0,0,0.0752906125132398,"ns",NA,0,0,NA,0.00000000837914004847562,0.00000000969164037911696
50940,"San Mateo",0.739892811829766,"Peters Creek",1,2,1.01650803677696,"hot","occ_hot_effort_not_TRUSTED",2,1,0.5,0.000000142971785521695,0.000000152322940039085
50999,"San Mateo",0.216496492632744,"Cloverdale Coastal Ranches",0,0,0.084225859589453,"ns",NA,0,0,NA,0.00000000188398185940741,0.00000000230938934642211
51002,"San Mateo",13.0294424287536,"Cloverdale Ranch Open Space Preserve",2,6,0.0365136423871903,"ns",NA,2,1,0.5,0.00000000336382011134617,0.00000000541258105002385
51003,"San Mateo",7.35738641029335,"Cloverdale Ranch Open Space Preserve",0,10,0.00615175697230565,"ns",NA,0,0,NA,0.00000000269555266996235,0.00000000480197215324552
51015,"San Mateo",4.39367936203351,"Williams Sisters Ranch",3,14,0.930309030932341,"hot","occ_hot_effort_hot_SUSPECT",3,0,0,0.00000031566284519613,0.000000412380330772066
51016,"San Mateo",1.66124648644569,"Coal Mine Ridge",0,8,1.02905976250254,"hot","occ_hot_effort_hot_SUSPECT",0,0,NA,0.000000456789280178782,0.000000483110113691509
51141,"Contra Costa",1.69412539720883,"Corteva Wetlands Preserve",0,7,-0.209863757372676,"cold",NA,0,0,NA,NA,NA
51147,"Alameda",0.190307430976828,"Bill Osborne Model Airplane Field",0,2,-0.232220545851334,"cold",NA,0,0,NA,NA,NA
51204,"Contra Costa",0.203252696679302,"Big Bend",0,0,-0.262332310850271,"cold",NA,0,0,NA,NA,NA
51222,"Santa Clara",0.158891941178367,"Barker",0,0,-0.102686456787027,"ns",NA,0,0,NA,0.0000000215903437350562,0.0000000224555787298186
51229,"Contra Costa",1.27511889506309,"Marsh Creek Reservoir",0,1,-0.209863757372676,"cold",NA,0,0,NA,NA,NA
51253,"Marin",0.138030285245728,"Buck's Landing",0,1,-0.315090641230347,"ns",NA,0,0,NA,NA,NA
51267,"Santa Clara",0.792350513535293,"Redwood Ridge",0,0,-0.102686456787027,"ns",NA,0,0,NA,0.0000000220914415649531,0.0000000248286617932081
51268,"Santa Clara",6.34364343398351,"Richmond Ranch",0,0,0.188765243607661,"ns",NA,0,0,NA,0.0000000555878827412926,0.0000000709179417412997
51269,"Santa Clara",0.203836794929082,"Almaden Quicksilver Park",0,3,0.362445861162955,"ns",NA,0,0,NA,0.000000127129354154931,0.000000154470455981937
51270,"Santa Clara",3.34038672903387,"Anderson Lake County Park",0,8,-0.211636258320938,"ns",NA,0,0,NA,0.0000000774793491586934,0.000000112992459833094
51291,"Santa Clara",2.81635667260556,"Calero County Park",0,10,0.0399077707905076,"ns",NA,0,0,NA,0.000000162255687996549,0.000000178877996859228
51304,"Solano",0.122970512355278,"Putah Creek Fishing Access",0,0,-0.138325055055722,"ns",NA,0,0,NA,NA,NA
51311,"Santa Clara",0.249950667745,"Skyline Ridge Open Space Preserve",1,4,1.00016809600809,"hot","occ_hot_effort_hot_SUSPECT",1,0,0,0.000000311244576778336,0.000000359129671778646
51316,"Santa Cruz",1.07314834848375,"Mount Madonna County Park",1,1,-0.0667863527387683,"ns",NA,0,0,NA,0.0000000227066774272089,0.0000000284019048280015
51361,"Contra Costa",1.54335018640436,"Magee Preserve",0,1,-0.102555703897245,"ns",NA,0,0,NA,NA,NA
51363,"Contra Costa",0.414189413346186,"Kenneth Gerlack Preserve",0,1,-0.284012883923671,"ns",NA,0,0,NA,NA,NA
51365,"Contra Costa",0.504301157059932,"Barnett Ranch",0,0,-0.337607087457896,"cold",NA,0,0,NA,NA,NA
51415,"Alameda",0.226198645935009,"Holdener Park",0,4,0.0762910518951394,"ns",NA,0,0,NA,0.000000000186616097574976,0.000000000186616083697189
51466,"Santa Cruz",0.765354861347814,"Big Basin Redwoods State Park",0,0,0.0762910518951394,"ns",NA,0,0,NA,0.0000000302443901034621,0.0000000319165636142316
51536,"Santa Cruz",1.06176053846991,"Beach Ranch",0,3,-0.209863757372676,"cold",NA,0,0,NA,0.0000000000155579524957483,0.0000000000231744172463078
51736,"Sonoma",1.23856498070235,"Ayers",0,0,-0.174094406214199,"ns",NA,0,0,NA,0.0000000538973949915089,0.0000000603989747105516
51737,"Sonoma",0.158778876358874,"Robinson",0,0,-0.174094406214199,"ns",NA,0,0,NA,0.0000000533867492436002,0.0000000573892648958463
51739,"Sonoma",6.29434932345777,"Sonoma Coast Redwoods",0,2,0.326676510004478,"ns",NA,0,0,NA,0.000000359414599415686,0.000000566866503959318
51741,"Santa Cruz",0.578751410580687,"weelili onyenmak",0,2,-0.280696895853321,"cold",NA,0,0,NA,0.00000000137546318779158,0.00000000175078329611722
51744,"Sonoma",0.138417836035088,"Bell Tower",0,5,-0.209863757372676,"cold",NA,0,0,NA,0.0000000617122424273475,0.0000000617122424273475
51745,"Sonoma",0.764523131301398,"Unnamed Site - Sonoma County Regional Parks Dept., County of",0,2,-0.0379194122548744,"ns",NA,0,0,NA,0.0000000885189805899245,0.00000010070156264419
51769,"Sonoma",3.97016579622229,"Hood Mountain Regional Park and Open Space Preserve",0,7,-0.0176209759797999,"ns",NA,7,7,1,0.000000103271105444946,0.00000018626705866609
51781,"Santa Clara",0.216145748118844,"Silveira",0,0,-0.209863757372676,"cold",NA,0,0,NA,0.0000000204604635456462,0.0000000226515393109139
51782,"Santa Clara",1.00189972172802,"Coyote Ridge Property",0,0,-0.153416756738804,"ns",NA,0,0,NA,0.00000011197191440715,0.000000123713689959004
51822,"Santa Clara",1.69137777060696,"RWF Bufferlands",0,5,-0.187365701928555,"ns",NA,0,0,NA,0.00000000481100448368466,0.00000000584663339964209
51823,"Santa Clara",0.567758249715809,"Richmond Ranch",0,1,-0.211636258320938,"ns",NA,0,0,NA,0.0000000698060560466729,0.0000000751393756104335
51837,"San Mateo",0.140847159521482,"Wavecrest North",0,3,-0.222861269378895,"ns",NA,0,0,NA,0.00000000956336076995967,0.0000000102986144057127
51839,"San Mateo",0.184549175900465,"Wavecrest South",0,1,-0.222861269378895,"ns",NA,0,0,NA,0.00000000979481473706301,0.0000000102986144057127
51844,"Santa Clara",0.29831898482032,"Guadalupe River Gardens",0,6,-0.199837023585257,"ns",NA,0,0,NA,0.0000000268597553088057,0.0000000283902075182141
51863,"Napa",0.641842716949318,"Cove Preserve",0,0,0.0268476322772787,"ns",NA,0,0,NA,0.00000024344794269382,0.000000265069274973939
51891,"Contra Costa",3.89157639872897,"Deer Valley",0,1,-0.232220545851334,"cold",NA,0,0,NA,NA,NA
51937,"Santa Clara",0.752530629209643,"Bloomfield South",0,1,-0.174094406214199,"ns",NA,0,0,NA,0.000000000264446325948242,0.000000000342890049687128
51940,"Santa Clara",0.841171912632026,"Calero Ridge East",0,0,-0.0868734611033357,"ns",NA,0,0,NA,0.000000151984693275153,0.000000165469700164067
51941,"Santa Cruz",4.10007927730399,"Pescadero Ranch",0,3,-0.174094406214199,"ns",NA,0,0,NA,0.0000000000463991657595475,0.000000000311234732430776
52064,"Santa Clara",0.239627669746675,"Tilton Ranch",0,1,-0.290280610632857,"ns",NA,0,0,NA,0.0000000558134019001955,0.00000006338071045775
52069,"Santa Clara",7.89376617501316,"Richmond Ranch",0,8,-0.222861269378895,"ns",NA,0,0,NA,0.0000000685432866021074,0.0000000887473419197704
52112,"Contra Costa",0.176998277376986,"Wilder Park",0,2,-0.292574195002797,"ns",NA,0,0,NA,0.00000000166735136808427,0.00000000166735147910657
52177,"Santa Cruz",0.1559016329754,"Valle del Pajaro County Park",0,2,-0.138325055055722,"ns",NA,0,0,NA,0.00000000384808584996676,0.00000000409302547410562
52189,"Sonoma",2.13301303300725,"Estero Americano Coast Reserve",0,8,-0.209863757372676,"cold",NA,0,0,NA,0.0000000571547431604813,0.0000000636989767599516
52204,"Alameda",0.397453042303445,"Chabot Park",0,2,-0.167453501319181,"ns",NA,0,0,NA,0.0000000857444817370379,0.0000000943727513913473
52206,"Alameda",3.52695531357499,"Chabot Watershed",0,10,-0.193046081189682,"ns",NA,0,0,NA,0.000000113717284477843,0.00000013312465796389
52207,"Alameda",0.306526003156698,"Chabot Watershed",0,2,-0.204845280774581,"ns",NA,0,0,NA,0.000000093722768212956,0.000000102180209182734
52210,"Contra Costa",12.9864317983744,"Upper San Leandro Watershed",1,13,-0.135069979053104,"ns",NA,1,0,0,0.0000000384774807571375,0.0000000579426284730289
52211,"Contra Costa",6.55085198484722,"Upper San Leandro Watershed",1,9,-0.1826514273447,"ns",NA,1,0,0,0.000000017157830711767,0.0000000432932480975978
52212,"Contra Costa",0.810020797277397,"Gateway Area",1,5,-0.284012883923671,"ns",NA,1,0,0,0.00000000162202762332697,0.00000000244343656419233
52214,"Contra Costa",0.172345476128091,"Duffel Solar Project",0,1,-0.173051924583484,"ns",NA,0,0,NA,NA,NA
52215,"Contra Costa",3.96590931178403,"Siesta Valley",0,10,-0.247201895672895,"ns",NA,0,0,NA,0.000000000924296528204138,0.00000000166735147910657
52216,"Contra Costa",8.27263201136589,"San Pablo Watershed",0,12,-0.199963167400943,"ns",NA,0,0,NA,0.000000000300737740266399,0.000000000983744863347624
52219,"Contra Costa",12.4956141243524,"Briones Watershed",0,10,-0.153416756738804,"ns",NA,0,0,NA,0.000000000611021622187735,0.00000000105273245676329
52220,"Contra Costa",12.5308380379469,"San Pablo Watershed",0,5,-0.226874410218402,"ns",NA,0,0,NA,0.00000000121164056565704,0.00000000491790830281502
52221,"Contra Costa",3.1463951142551,"Pinole Watershed",0,1,-0.345024299343557,"cold",NA,0,0,NA,0.00000000299604474562898,0.00000000494430718589456
52222,"Contra Costa",9.55418453534358,"Pinole Watershed",0,11,-0.330037075964696,"cold",NA,0,0,NA,0.00000000631079277724211,0.000000015365344552265
52225,"Santa Cruz",1.51252933228206,"San Vicente Redwoods Laguna Creek",0,1,0.326676510004478,"ns",NA,0,0,NA,0.00000000268111643997315,0.00000000470173189270895
52231,"Alameda",1.63996209489399,"Upper San Leandro Watershed",0,2,-0.171016925641585,"ns",NA,0,0,NA,0.0000000496867045285398,0.0000000714549130975684
52232,"Alameda",24.7238139652555,"Upper San Leandro Watershed",1,12,-0.196411915652022,"ns",NA,1,0,0,0.0000000849104822009394,0.000000140635123102584
52238,"Santa Clara",0.203838817335566,"Lakeside Ranch",0,0,0.159117944494091,"ns",NA,0,0,NA,0.0000000655935110671635,0.0000000742890833294041
52256,"Contra Costa",2.41073239249296,"Hoover Ranch",0,0,-0.209863757372676,"cold",NA,0,0,NA,NA,NA
52258,"Solano",0.182272671096511,"Point Buckler Island",0,0,-0.0697060784840234,"cold",NA,0,0,NA,NA,NA
52293,"Napa",1.28014411811777,"Scott Property",0,0,-0.232220545851334,"cold",NA,0,0,NA,0.0000000538603828204032,0.0000000634725765280564
52317,"Napa",0.350394230586261,"Wetlands Edge Park",0,6,-0.187365701928555,"ns",NA,0,0,NA,0.000000137422134116605,0.000000144004204116754
53022,"Santa Cruz",0.250903372259393,"Mini Ranch",0,0,-0.280696895853321,"cold",NA,0,0,NA,0.000000000172168099221714,0.000000000214895989891772
53034,"Santa Clara",19.0895503690109,"Sargent Ranch",0,9,-0.174094406214199,"ns",NA,0,0,NA,0.0000000000873095276632263,0.000000000631508956239202
53035,"Santa Clara",7.72685432905546,"Mead Ranch",0,4,-0.00215156009422955,"ns",NA,1,1,1,0.0000000573938301329235,0.000000105098365565937
53046,"Stanislaus",0.511353595106579,"Mount Stakes",0,0,11.164789911023,"hot","occ_hot_effort_not_TRUSTED",0,0,NA,NA,NA
53047,"Santa Clara",4.64296061455412,"Mount Stakes",0,0,11.164789911023,"hot","occ_hot_effort_not_TRUSTED",0,0,NA,NA,NA
53048,"Santa Clara",1.42826641079397,"Northern Coyote Valley Conservation Area",0,3,-0.208798672233615,"ns",NA,0,0,NA,0.000000109326748543026,0.000000125942918316468
53049,"Santa Clara",2.59559139466091,"Coyote Valley Conservation Area",0,7,-0.157475517637497,"ns",NA,0,0,NA,0.00000012304228391713,0.000000146593691852104
53050,"Santa Clara",0.162014769100977,"Coyote Valley Conservation Area",0,4,-0.17925588123968,"ns",NA,0,0,NA,0.000000104900145458942,0.00000011246128650555
53051,"Santa Clara",0.773945206108734,"Coyote Valley Conservation Area",0,0,-0.199163784349156,"ns",NA,0,0,NA,0.000000105948267048461,0.00000011246128650555
53055,"Alameda",0.731385742068065,"Bernal Open Space",0,7,-0.174094406214199,"ns",NA,0,0,NA,0.0000000112162119592085,0.0000000134565532050601
53056,"Alameda",0.426644360996932,"Bernal Community Park",0,3,-0.187365701928555,"ns",NA,0,0,NA,0.0000000102094093179517,0.0000000102233590482115
53057,"Alameda",0.219724486459886,"Bonde Ranch Open Space",0,0,-0.209863757372676,"cold",NA,0,0,NA,0.00000000530931787423583,0.00000000578092551606346
53058,"Alameda",0.739523936668843,"Callippe Preserve Open Space",0,1,-0.174094406214199,"ns",NA,0,0,NA,0.00000000344562978149554,0.00000000460615234842976
53062,"Alameda",0.127537580897291,"The Preserve",0,1,-0.233588795812426,"ns",NA,0,0,NA,0.000000032915114189791,0.0000000335945422591521
53063,"Alameda",0.161460131542422,"Quint",0,0,-0.211636258320938,"ns",NA,0,0,NA,NA,NA
53064,"Alameda",0.729893425149571,"Doolan South",0,0,-0.221314647118306,"cold",NA,0,0,NA,NA,NA
53068,"Alameda",1.21431330207627,"Springtown Preserve",0,2,-0.199837023585257,"ns",NA,0,0,NA,NA,NA
53069,"Alameda",0.141338015261648,"Unnamed Site - Livermore, City of",0,0,-0.211636258320938,"ns",NA,0,0,NA,NA,NA
53070,"Alameda",0.33040607846383,"Hartford Hills",0,0,-0.222861269378895,"ns",NA,0,0,NA,NA,NA
53071,"Alameda",0.55205058001754,"Doolan North",0,0,-0.209863757372676,"cold",NA,0,0,NA,NA,NA
53072,"Alameda",0.300078420743145,"Goeken Road",0,0,-0.199837023585257,"ns",NA,0,0,NA,NA,NA
53073,"Alameda",0.503541160515961,"Greenville Road",0,1,-0.187365701928555,"ns",NA,0,0,NA,NA,NA
53100,"Santa Clara",0.284786264727205,"Bear Creek Redwoods Addition",0,2,0.0825898696038703,"ns",NA,1,1,1,0.0000000902131773727888,0.0000000911546820248077
53160,"Santa Cruz",0.424107000737667,"Cotoni-Coast Ridge",0,0,0.00475234957818558,"ns",NA,0,0,NA,0.00000000099301999956225,0.00000000116530385341207
53203,"Contra Costa",0.308463775253756,"Point Molate Regional Shoreline",0,1,-0.209863757372676,"cold",NA,0,0,NA,0.00000000471988625960762,0.00000000471988625960762
53204,"Contra Costa",0.794924412142653,"Thurgood Marshall Regional Park",0,0,-0.232220545851334,"cold",NA,0,0,NA,NA,NA
53205,"Contra Costa",0.602126963298701,"Deer Valley Regional Park",0,0,-0.209863757372676,"cold",NA,0,0,NA,NA,NA
53208,"Contra Costa",2.16703449038759,"Rancho Pinole Regional Preserve",0,1,-0.345024299343557,"cold",NA,0,0,NA,NA,NA
