"unit_id","psi_pred","psi_se","psi_src","hotspot","q5_flag","bobc_detected","kde_mean","kde_max","psi_q5"
7,0.899542020266032,0.0370310069544813,"modavg[m_full+m_fullgrad]","ns",NA,1,0.0000000611379817883062,0.000000197264100165739,4
16,0.995404800042255,0.00553229363040713,"modavg[m_full+m_fullgrad]","ns",NA,1,0.000000019985394672517,0.000000395561301047564,5
27,0.592719615825501,0.0865747691177126,"modavg[m_full+m_fullgrad]","ns",NA,1,0.000000242659069726869,0.000000412968091723087,3
32,0.954307374236773,0.0269810881320485,"modavg[m_full+m_fullgrad]","ns",NA,1,0.000000250404923463066,0.000000766362290960387,5
69,0.0996365565684046,0.0358300964143839,"modavg[m_full+m_fullgrad]","ns",NA,0,0.0000000000452960030594696,0.000000000053138667077679,1
75,0.902664775897178,0.0521859184938192,"modavg[m_full+m_fullgrad]","ns",NA,1,0.000000740359041628835,0.000000926361735764658,4
79,0.111281954317167,0.0321984923096858,"modavg[m_full+m_fullgrad]","ns",NA,0,0.000000107638818747091,0.000000168504129760549,1
141,0.193686558473019,0.0502048061066531,"modavg[m_full+m_fullgrad]","ns",NA,0,0.00000000000313019857429986,0.00000000000400515775059174,1
166,0.618105959298307,0.0746598243959284,"modavg[m_full+m_fullgrad]","ns",NA,1,0.00000000324559468189989,0.0000000182148305327701,3
181,0.179061338836174,0.0440217954807547,"modavg[m_full+m_fullgrad]","ns",NA,0,0.00000000719134662929832,0.0000000215461639641035,1
185,0.95799125457838,0.0322387536035879,"modavg[m_full+m_fullgrad]","ns",NA,0,0.0000126548266052851,0.0000154881981870858,5
198,0.126316395986846,0.0364103851748097,"modavg[m_full+m_fullgrad]","cold",NA,0,0.000000195565661442743,0.000000234534411447385,1
211,0.309440360400588,0.139315951004195,"modavg[m_full+m_fullgrad]","ns",NA,0,0.00000135959885483317,0.00000135959885483317,2
214,0.996027847454181,0.00539308963849091,"modavg[m_full+m_fullgrad]","cold",NA,0,0.00000019165727849213,0.000000457213161553227,5
218,0.340247358475982,0.12736281802229,"modavg[m_full+m_fullgrad]","ns",NA,0,0.00000105178014564444,0.00000143224337989523,2
223,0.563963254857966,0.0599612989271989,"modavg[m_full+m_fullgrad]","cold",NA,1,NA,NA,3
280,0.866335441270338,0.0497317847190289,"modavg[m_full+m_fullgrad]","ns",NA,1,NA,NA,4
294,0.788907790814241,0.0726168623729569,"modavg[m_full+m_fullgrad]","ns",NA,0,0.000000363286517313099,0.000000794561344719114,3
299,0.515138947493677,0.0969491546179042,"modavg[m_full+m_fullgrad]","ns",NA,0,NA,NA,3
308,0.311232059691242,0.0972888105475868,"modavg[m_full+m_fullgrad]","cold",NA,0,NA,NA,2
315,0.931936223941538,0.0418464579279659,"modavg[m_full+m_fullgrad]","ns",NA,0,NA,NA,4
321,0.994090641996014,0.00925538389521978,"modavg[m_full+m_fullgrad]","ns",NA,1,0.000000165535226415159,0.00000103527679584658,5
347,0.833021787704081,0.0854756044652704,"modavg[m_full+m_fullgrad]","ns",NA,0,0.000000160523271119928,0.000000433069402561159,4
353,0.919133605466122,0.0522007276743094,"modavg[m_full+m_fullgrad]","ns",NA,1,0.0000000882872015495195,0.00000012531936022242,4
358,0.864637924830898,0.052623329578248,"modavg[m_full+m_fullgrad]","hot","occ_hot_effort_not_TRUSTED",1,0.0000000303231040277296,0.000000368061478184245,4
372,0.200438631244283,0.0692544794528273,"modavg[m_full+m_fullgrad]","ns",NA,0,0.00000000000000000000635715563779886,0.0000000000000000000837330247916024,1
378,0.628400479871579,0.131215359210656,"modavg[m_full+m_fullgrad]","ns",NA,0,NA,NA,3
402,0.981009010753734,0.0174248012772474,"modavg[m_full+m_fullgrad]","ns",NA,1,0.0000000817058349866784,0.00000107545986338664,5
413,0.664104940354749,0.0938272028555451,"modavg[m_full+m_fullgrad]","ns",NA,0,0.00000000194794735897119,0.00000000606016037352219,3
421,0.479733552459194,0.0880435596093376,"modavg[m_full+m_fullgrad]","ns",NA,0,0.000000000656717902280946,0.00000000382747300520236,2
441,0.0843524461983553,0.0370006887708261,"modavg[m_full+m_fullgrad]","ns",NA,0,0.000000301413365377812,0.000000321670313496725,1
455,0.128708918323821,0.0356071339905209,"modavg[m_full+m_fullgrad]","ns",NA,0,0.00000000000335875489747284,0.00000000000972971963414393,1
461,0.173527022668884,0.0576840050930476,"modavg[m_full+m_fullgrad]","ns",NA,0,0.000000000058725871387999,0.000000000292988439065667,1
470,0.966545214999499,0.0340474922774377,"modavg[m_full+m_fullgrad]","ns",NA,0,0.00000000480285011761339,0.0000000716976558123861,5
491,0.828773353122666,0.0880001379850684,"modavg[m_full+m_fullgrad]","ns",NA,0,0.00000000000000000441602984515775,0.0000000000000000824801376413529,4
499,0.918112146771132,0.0412046544915909,"modavg[m_full+m_fullgrad]","ns",NA,1,0.0000000000000221462049545228,0.00000000000131269691297509,4
542,0.777438839936079,0.0745553888988173,"modavg[m_full+m_fullgrad]","ns",NA,1,0.00000000573160097161463,0.000000064039312519526,3
546,0.193100272472614,0.0480015089702802,"modavg[m_full+m_fullgrad]","ns",NA,0,NA,NA,1
563,0.996144520534302,0.00592494538289299,"modavg[m_full+m_fullgrad]","ns",NA,0,0.000000236125615060701,0.000000449823062353971,5
581,0.992114032071939,0.0110811120842506,"modavg[m_full+m_fullgrad]","ns",NA,1,0.0000000226968666083849,0.000000106171157199242,5
586,0.0798232389455376,0.0293515170135358,"modavg[m_full+m_fullgrad]","ns",NA,0,0.000000210077416795684,0.000000254949185318765,1
602,0.0861896231582831,0.0320229952202708,"modavg[m_full+m_fullgrad]","ns",NA,0,0.00000000000000000313837494281447,0.0000000000000000114634734200794,1
604,0.304779479903194,0.0869937028263408,"modavg[m_full+m_fullgrad]","ns",NA,1,0.000000148156715340519,0.00000219869366446801,2
606,0.0921330012792199,0.0339753377109225,"modavg[m_full+m_fullgrad]","ns",NA,0,0.000000108957124211884,0.000000111413939407612,1
628,0.507411447200695,0.120225317476009,"modavg[m_full+m_fullgrad]","cold",NA,1,NA,NA,3
650,0.597118349267332,0.0948686330566125,"modavg[m_full+m_fullgrad]","ns",NA,1,0.0000000818312599903948,0.000000834701836538443,3
669,0.157319000145303,0.105403491912153,"modavg[m_full+m_fullgrad]","ns",NA,0,0.00000000000015644745969632,0.000000000000989583523632043,1
678,0.142526512099103,0.0448998305125283,"modavg[m_full+m_fullgrad]","ns",NA,0,0.0000000749203579175628,0.000000102192792894584,1
714,0.0767090075253697,0.0462814763556284,"modavg[m_full+m_fullgrad]","ns",NA,0,0.00000000000647918394283686,0.0000000000278303179113149,1
734,0.833042812606708,0.0634307753275094,"modavg[m_full+m_fullgrad]","ns",NA,1,0.000000802937563548767,0.00000189189347565843,4
741,0.734405735034417,0.0791545549529862,"modavg[m_full+m_fullgrad]","ns",NA,1,NA,NA,3
746,0.833493590827691,0.0825226643509593,"modavg[m_full+m_fullgrad]","ns",NA,1,0.000000331680325871275,0.000000616974261902214,4
750,0.800180245046525,0.0691901858490349,"modavg[m_full+m_fullgrad]","ns",NA,1,0.000000265346898231655,0.000000547118645499722,4
767,0.12699105137632,0.053044987561821,"modavg[m_full+m_fullgrad]","cold",NA,0,0.000000000433616031969564,0.00000000155301771442851,1
780,0.995269762653901,0.00565587785547151,"modavg[m_full+m_fullgrad]","ns",NA,1,0.0000000186814013147796,0.000000325702018244556,5
805,0.317618746589992,0.0894087048390464,"modavg[m_full+m_fullgrad]","cold",NA,0,0.000000173057600250104,0.000000288189625052837,2
810,0.441208967817809,0.154293743243756,"modavg[m_full+m_fullgrad]","ns",NA,0,NA,NA,2
876,0.443510322793922,0.102928798272472,"modavg[m_full+m_fullgrad]","ns",NA,0,0.000000000978620295910559,0.00000000403478628285825,2
896,0.773013393013413,0.0831849386462352,"modavg[m_full+m_fullgrad]","ns",NA,0,0.0000011005565738742,0.00000150347136695927,3
916,0.889528999148322,0.0503875017242487,"modavg[m_full+m_fullgrad]","cold",NA,1,NA,NA,4
926,0.978418580295182,0.0174006238379035,"modavg[m_full+m_fullgrad]","ns",NA,1,0.000000220825128849356,0.000000898728899301204,5
945,0.731678402657886,0.0741353775020339,"modavg[m_full+m_fullgrad]","ns",NA,1,0.00000000684787382354557,0.0000000340837225110135,3
950,0.773095101835048,0.0995951089487567,"modavg[m_full+m_fullgrad]","ns",NA,0,0.0000000000293844115706321,0.0000000000293844115706321,3
992,0.694501238735137,0.0827709650439073,"modavg[m_full+m_fullgrad]","ns",NA,1,0.00000000422128776378372,0.000000204188893349055,3
1008,0.637346157308848,0.0612205807191142,"modavg[m_full+m_fullgrad]","ns",NA,1,0.00000119038600132626,0.00000267867972070235,3
1015,0.739706800873765,0.076556004785362,"modavg[m_full+m_fullgrad]","cold",NA,1,0.0000000254575684976999,0.000000163642084771709,3
1044,0.283418753981666,0.0813092854728918,"modavg[m_full+m_fullgrad]","ns",NA,0,0.0000000531483372867569,0.000000887194914866996,2
1060,0.293840979342952,0.0977583423531531,"modavg[m_full+m_fullgrad]","ns",NA,0,0.00000130438934320409,0.00000273371415460133,2
1079,0.442562511812443,0.106333497828243,"modavg[m_full+m_fullgrad]","ns",NA,1,0.000000909247717117978,0.00000177251763489039,2
1095,0.91478204274492,0.0455265387860471,"modavg[m_full+m_fullgrad]","ns",NA,1,0.0000000675240983127878,0.000000130860982494596,4
1118,0.545884270344057,0.0820430363133079,"modavg[m_full+m_fullgrad]","ns",NA,1,0.0000000020183072990676,0.00000000951635481527546,3
1134,0.620933771503548,0.0809925935188949,"modavg[m_full+m_fullgrad]","ns",NA,1,0.000000000346977391263437,0.0000000124055334893569,3
1153,0.130137717279861,0.0649211278293658,"modavg[m_full+m_fullgrad]","ns",NA,0,NA,NA,1
1163,0.367146719870888,0.0752598679401728,"modavg[m_full+m_fullgrad]","cold",NA,0,0.000000422258779053664,0.00000135198490625044,2
1165,0.411274964243447,0.157492753949639,"modavg[m_full+m_fullgrad]","ns",NA,0,0.000000916106330350885,0.00000101487546544377,2
1166,0.150014132777192,0.0414656204041241,"modavg[m_full+m_fullgrad]","cold",NA,0,0.000000330243068447089,0.000000575925469092908,1
1177,0.956430645414357,0.0359596175170204,"modavg[m_full+m_fullgrad]","ns",NA,1,0.0000000000320637232043008,0.000000000156331031453405,5
1190,0.077486686545347,0.0366523199009754,"modavg[m_full+m_fullgrad]","ns",NA,0,0.000000117511362418554,0.000000132104560179869,1
1196,0.98555523185729,0.0129800596707757,"modavg[m_full+m_fullgrad]","ns",NA,1,0.0000000000657492185696107,0.0000000109513136337114,5
1200,0.746625984616138,0.112460137828668,"modavg[m_full+m_fullgrad]","ns",NA,0,0.000000191819808037508,0.000000243387205500767,3
1235,0.366135720680426,0.112505234960894,"modavg[m_full+m_fullgrad]","cold",NA,0,0.000000644186627596355,0.000000885222902979876,2
1244,0.228653678022538,0.0513601272099822,"modavg[m_full+m_fullgrad]","cold",NA,0,0.000000147811178408119,0.000000750396054627345,2
1250,0.501288782065011,0.0992970284100624,"modavg[m_full+m_fullgrad]","ns",NA,1,NA,NA,3
1258,0.984916590594299,0.0137346434883994,"modavg[m_full+m_fullgrad]","ns",NA,1,0.000000324105400295593,0.000000877611853411508,5
1279,0.11729531467408,0.0354744192403741,"modavg[m_full+m_fullgrad]","ns",NA,0,0.00000000703572844429345,0.0000000363778731582443,1
1283,0.0722359492060725,0.0383865250108649,"modavg[m_full+m_fullgrad]","cold",NA,0,0.0000000910050559355113,0.000000201968106239292,1
1295,0.956233040825439,0.0272314057852022,"modavg[m_full+m_fullgrad]","ns",NA,1,0.000000132906194494353,0.00000122189590001653,5
1318,0.995316762515675,0.00590797863746201,"modavg[m_full+m_fullgrad]","cold",NA,0,0.0000000304688967389666,0.000000211196478971942,5
1319,0.967485968619674,0.0216399707761021,"modavg[m_full+m_fullgrad]","ns",NA,1,0.0000000341315384844165,0.000000346639296822104,5
1339,0.366360925979767,0.0817587947232037,"modavg[m_full+m_fullgrad]","ns",NA,1,0.0000000000834741928357197,0.000000000316626724838898,2
1367,0.769814640976294,0.0923422292754612,"modavg[m_full+m_fullgrad]","ns",NA,1,0.000000911831705252553,0.00000182977851181931,3
1371,0.80201982185228,0.0842995406895725,"modavg[m_full+m_fullgrad]","ns",NA,0,NA,NA,4
1421,0.973916855608181,0.0252532224979766,"modavg[m_full+m_fullgrad]","ns",NA,0,0.000000136866461275531,0.000000202770451096512,5
1433,0.41152542601368,0.0990162863254954,"modavg[m_full+m_fullgrad]","ns",NA,0,NA,NA,2
1465,0.606641621606753,0.0738938962639021,"modavg[m_full+m_fullgrad]","ns",NA,1,0.0000000000299442172446707,0.000000000495088359198093,3
1501,0.177989853200293,0.0541368438304939,"modavg[m_full+m_fullgrad]","ns",NA,0,0.000000835218827432982,0.00000125880706036696,1
1502,0.117338794099606,0.0365149042345045,"modavg[m_full+m_fullgrad]","ns",NA,0,0.000000000000000000000504764754487394,0.00000000000000000000201797697846665,1
1533,0.216818334968879,0.0864868593128902,"modavg[m_full+m_fullgrad]","ns",NA,1,0.0000000411575022951638,0.0000000837538109976776,1
1564,0.841910814419568,0.098606994556044,"modavg[m_full+m_fullgrad]","ns",NA,1,0.000000000000000000258099298722451,0.00000000000000000248844755500298,4
1618,0.942036184818985,0.0376425429835666,"modavg[m_full+m_fullgrad]","ns",NA,1,0.000000715278133611719,0.00000444892475570668,5
1665,0.264910920997636,0.0927885585280431,"modavg[m_full+m_fullgrad]","ns",NA,1,0.000000765972060889908,0.0000010518583621888,2
1673,0.714526810086825,0.0876164816990333,"modavg[m_full+m_fullgrad]","ns",NA,1,0.000000135644057763784,0.0000019865019567078,3
1700,0.373897632366031,0.152029212303079,"modavg[m_full+m_fullgrad]","ns",NA,0,NA,NA,2
1736,0.578179358932156,0.141608262373916,"modavg[m_full+m_fullgrad]","cold",NA,0,0.00000178842412879021,0.00000259645730693592,3
1787,0.994301501184846,0.00664276136266823,"modavg[m_full+m_fullgrad]","ns",NA,1,0.000000301214555520346,0.000000513889233388909,5
1796,0.995467038492216,0.00641676187237711,"modavg[m_full+m_fullgrad]","ns",NA,0,0.000000214205911674981,0.000000486853195980075,5
1800,0.776641948956948,0.0887018668029526,"modavg[m_full+m_fullgrad]","ns",NA,0,0.00000000000000870359556995326,0.000000000000424588912206064,3
1835,0.879897246697059,0.0465452529377148,"modavg[m_full+m_fullgrad]","cold",NA,0,NA,NA,4
1847,0.935524947983696,0.0606270898965486,"modavg[m_full+m_fullgrad]","ns",NA,1,0.000000567917027183285,0.000000576008972075215,5
1853,0.933829954318475,0.0370350692802031,"modavg[m_full+m_fullgrad]","cold",NA,0,0.0000000655987761888355,0.000000278862415825643,5
1868,0.724428713246323,0.0812159480427,"modavg[m_full+m_fullgrad]","ns",NA,1,0.000000000000000000524753195942349,0.0000000000000000209267364378606,3
1875,0.576624329406864,0.0940004682282789,"modavg[m_full+m_fullgrad]","ns",NA,0,0.00000000000103029997727822,0.00000000000397649708300252,3
1891,0.975243447445794,0.0238233374365034,"modavg[m_full+m_fullgrad]","ns",NA,1,0.000000418955750092209,0.000000437077119386231,5
1942,0.685127284118066,0.0929140275246873,"modavg[m_full+m_fullgrad]","ns",NA,1,NA,NA,3
1974,0.631686308634434,0.124405898826945,"modavg[m_full+m_fullgrad]","ns",NA,0,0.000000000616382500595591,0.00000000122998766727278,3
2004,0.259424174386464,0.073390219408881,"modavg[m_full+m_fullgrad]","ns",NA,1,0.000000063928041527106,0.00000021749572454155,2
2005,0.198008233427934,0.0564977872961164,"modavg[m_full+m_fullgrad]","ns",NA,1,NA,NA,1
2057,0.869177045921879,0.0583425360959203,"modavg[m_full+m_fullgrad]","ns",NA,1,0.00000009747639495572,0.000000128469139326626,4
2071,0.44697109748273,0.125690694238635,"modavg[m_full+m_fullgrad]","ns",NA,1,0.000000000000163432174694542,0.00000000000168516567887467,2
2078,0.839790922598209,0.0467051385164571,"modavg[m_full+m_fullgrad]","ns",NA,1,0.0000000000000674878447397276,0.0000000000119103763310258,4
2138,0.392555734615903,0.119225141180916,"modavg[m_full+m_fullgrad]","cold",NA,0,NA,NA,2
2221,0.970326510697709,0.0220480799345622,"modavg[m_full+m_fullgrad]","ns",NA,1,0.000000994646939034283,0.00000556366694581811,5
2273,0.966061572695284,0.0311865144407385,"modavg[m_full+m_fullgrad]","ns",NA,1,0.000000206305145411534,0.000000464671018107765,5
2314,0.193100655662576,0.0899122714968587,"modavg[m_full+m_fullgrad]","ns",NA,0,0.00000000103139019547172,0.00000000733762961502293,1
2389,0.0910709151574752,0.0404473683807438,"modavg[m_full+m_fullgrad]","ns",NA,0,0.00000000590587934112818,0.000000038871636576232,1
2394,0.984760324579756,0.0136650156423731,"modavg[m_full+m_fullgrad]","cold",NA,0,0.000000250163481041454,0.00000116017497475696,5
3180,0.918805956490024,0.0332138876636894,"modavg[m_full+m_fullgrad]","ns",NA,1,NA,NA,4
3227,0.934477033647848,0.0410165511307477,"modavg[m_full+m_fullgrad]","ns",NA,1,0.000000427909554900907,0.000000753712868117873,5
3238,0.863113608311643,0.0775958596336333,"modavg[m_full+m_fullgrad]","ns",NA,1,0.000000394002483972145,0.000000537979758519214,4
3269,0.993083407730001,0.0107297344946655,"modavg[m_full+m_fullgrad]","ns",NA,1,0.000000205655396712245,0.000000652797211841971,5
3447,0.143156611093266,0.0493399829268277,"modavg[m_full+m_fullgrad]","ns",NA,0,NA,NA,1
3831,0.883626027841372,0.0612696701293849,"modavg[m_full+m_fullgrad]","cold",NA,0,NA,NA,4
4022,0.255848602096292,0.0581523168865203,"modavg[m_full+m_fullgrad]","ns",NA,0,0.00000000692939972068984,0.0000000133560407178379,2
4034,0.135484367020892,0.0448783955238523,"modavg[m_full+m_fullgrad]","ns",NA,0,0.000000113072893270783,0.000000275372940450325,1
4179,0.898667859949392,0.0695493834143933,"modavg[m_full+m_fullgrad]","ns",NA,1,NA,NA,4
4205,0.167530331835773,0.0486942893107119,"modavg[m_full+m_fullgrad]","ns",NA,0,0.0000000388782979143798,0.000000158674822614557,1
4392,0.549025445632036,0.133980601419258,"modavg[m_full+m_fullgrad]","cold",NA,0,0.000000910273342924484,0.000000916973988296377,3
4582,0.963762616290979,0.0308931866000414,"modavg[m_full+m_fullgrad]","ns",NA,0,0.00000015068999914547,0.00000022308506686386,5
4664,0.797799405494816,0.0836543976350149,"modavg[m_full+m_fullgrad]","ns",NA,0,0.00000063129772343018,0.00000123863117096334,4
4698,0.911062997687679,0.0451959420687941,"modavg[m_full+m_fullgrad]","ns",NA,1,0.00000000345151240921382,0.000000109758303779017,4
4867,0.896841539978162,0.0401467146155059,"modavg[m_full+m_fullgrad]","ns",NA,1,0.00000000000582260585232919,0.000000000299350488841554,4
4870,0.104484731027085,0.0356021376388046,"modavg[m_full+m_fullgrad]","ns",NA,0,NA,NA,1
5031,0.936101766580251,0.0311246088580697,"modavg[m_full+m_fullgrad]","ns",NA,1,0.0000000061074185708776,0.0000000732530409663923,5
5032,0.991644275875604,0.00901534857082852,"modavg[m_full+m_fullgrad]","ns",NA,1,0.0000000353703271116501,0.000000306160387708587,5
5050,0.271862488298516,0.0798613938927929,"modavg[m_full+m_fullgrad]","ns",NA,0,0.000000687796330112178,0.000000832061687106034,2
5074,0.682446055234794,0.0869404846314138,"modavg[m_full+m_fullgrad]","ns",NA,1,0.000000577520950173493,0.00000108169956547499,3
5085,0.377663434879879,0.0780698025192611,"modavg[m_full+m_fullgrad]","ns",NA,0,NA,NA,2
5101,0.580349724434413,0.113400164095137,"modavg[m_full+m_fullgrad]","ns",NA,0,NA,NA,3
5106,0.916087512675614,0.0450484650746157,"modavg[m_full+m_fullgrad]","ns",NA,1,0.000000455432882517925,0.000000853556400670641,4
5121,0.975826990191089,0.0169824169742442,"modavg[m_full+m_fullgrad]","ns",NA,1,0.00000000754083906429059,0.000000211908030678387,5
5133,0.900471201480414,0.0569237575619012,"modavg[m_full+m_fullgrad]","ns",NA,0,0.000000109781737478443,0.000000175915999989229,4
5175,0.771992957044099,0.0937503857557464,"modavg[m_full+m_fullgrad]","cold",NA,0,NA,NA,3
5192,0.565675525545298,0.0730383540428276,"modavg[m_full+m_fullgrad]","ns",NA,1,0.000000028551662367704,0.000000063869883604184,3
5195,0.407298639930485,0.155793041685775,"modavg[m_full+m_fullgrad]","ns",NA,0,0.00000000339932682003052,0.00000000878197070619535,2
5263,0.502877784781286,0.168294066796243,"modavg[m_full+m_fullgrad]","ns",NA,0,0.000000263344986706215,0.000000264297568719485,3
5275,0.407073720316639,0.102029406744425,"modavg[m_full+m_fullgrad]","ns",NA,1,0.000000697169525665231,0.00000108171343526919,2
5305,0.248848269941071,0.0932456475875713,"modavg[m_full+m_fullgrad]","ns",NA,1,0.0000000479458357460771,0.000000064024668233742,2
5324,0.828314216393691,0.0957499427013519,"modavg[m_full+m_fullgrad]","ns",NA,0,0.0000000258762113958255,0.0000000574803138420066,4
5358,0.578096635317896,0.109014092915413,"modavg[m_full+m_fullgrad]","ns",NA,0,NA,NA,3
5363,0.323011128338563,0.0894634931464901,"modavg[m_full+m_fullgrad]","ns",NA,1,0.000000762580953050929,0.00000262982825915969,2
5369,0.286543473905425,0.0836964959187992,"modavg[m_full+m_fullgrad]","ns",NA,1,0.000000768855159094528,0.000000892759999260306,2
5373,0.989802318990122,0.0104752526693955,"modavg[m_full+m_fullgrad]","ns",NA,1,0.0000000511987785500878,0.000000121327545343775,5
5385,0.402581312750274,0.111354354321869,"modavg[m_full+m_fullgrad]","ns",NA,1,0.000000738775668196467,0.000000803308239483158,2
5394,0.231432657496087,0.0730578544490235,"modavg[m_full+m_fullgrad]","cold",NA,0,0.0000000547192300359711,0.000000111300472838138,2
5806,0.286449585077158,0.0940774175819364,"modavg[m_full+m_fullgrad]","cold",NA,0,NA,NA,2
6616,0.645995891078897,0.092542082925593,"modavg[m_full+m_fullgrad]","ns",NA,0,0.0000000907216417544987,0.000000223256932940785,3
6869,0.515048725391093,0.164398674439243,"modavg[m_full+m_fullgrad]","ns",NA,0,0.0000000000203679885457664,0.000000000140219363897742,3
6898,0.817574829134083,0.0721361054241982,"modavg[m_full+m_fullgrad]","ns",NA,0,0.0000000000000000331196731431903,0.00000000000000402041139095644,4
7007,0.98158032778857,0.0228139398364075,"modavg[m_full+m_fullgrad]","ns",NA,0,0.0000000160600972520797,0.0000000629807104246538,5
7020,0.133208491886731,0.0450347127419768,"modavg[m_full+m_fullgrad]","ns",NA,0,0.00000000000261459907544004,0.0000000000161700774298223,1
7172,0.244069760357863,0.0897732917815515,"modavg[m_full+m_fullgrad]","ns",NA,1,NA,NA,2
7219,0.110889524067534,0.0410125727986564,"modavg[m_full+m_fullgrad]","ns",NA,0,0.000000000175040343330934,0.00000000131786537238554,1
8156,0.686293698048072,0.0762118346861866,"modavg[m_full+m_fullgrad]","ns",NA,0,0.000000304569795162024,0.000000338790869136574,3
8210,0.964455231326923,0.023330027613753,"modavg[m_full+m_fullgrad]","ns",NA,1,0.00000070837319299244,0.00000326237613990088,5
8457,0.824813260109021,0.0652161275215361,"modavg[m_full+m_fullgrad]","ns",NA,1,0.000000103777850313236,0.000000155654348077405,4
8566,0.78294724500757,0.0758083139911124,"modavg[m_full+m_fullgrad]","ns",NA,1,0.00000000136959921182012,0.0000000284128027772113,3
8784,0.918394408855795,0.0419638337476239,"modavg[m_full+m_fullgrad]","ns",NA,0,NA,NA,4
8824,0.821949252506723,0.0685510465366693,"modavg[m_full+m_fullgrad]","ns",NA,0,0.000000329748814920094,0.000000447362737077128,4
8836,0.784259702271118,0.0738240133430828,"modavg[m_full+m_fullgrad]","ns",NA,0,NA,NA,3
8871,0.990111429325705,0.0101745375527847,"modavg[m_full+m_fullgrad]","ns",NA,1,0.0000000180867232302262,0.000000106084264928086,5
8931,0.998658578972218,0.00289040797033634,"modavg[m_full+m_fullgrad]","ns",NA,0,0.0000000543214788706337,0.0000000894309053478537,5
9047,0.180557442167445,0.0615150419107879,"modavg[m_full+m_fullgrad]","ns",NA,0,0.0000000211410480233098,0.0000000217496118892768,1
9314,0.460665470937713,0.131119222560526,"modavg[m_full+m_fullgrad]","ns",NA,1,0.0000000445815437899455,0.000000108230949535937,2
9456,0.0932753514484049,0.0551536261357599,"modavg[m_full+m_fullgrad]","cold",NA,0,0.000000148216315665195,0.00000028755476932929,1
9627,0.215483191543593,0.0785801045641743,"modavg[m_full+m_fullgrad]","ns",NA,0,NA,NA,1
9709,0.42729578964103,0.118724438955937,"modavg[m_full+m_fullgrad]","ns",NA,1,0.000000416206574982425,0.000000465089613044256,2
9772,0.396726713938796,0.138796224644221,"modavg[m_full+m_fullgrad]","cold",NA,1,NA,NA,2
9819,0.666009657570558,0.103528426476681,"modavg[m_full+m_fullgrad]","ns",NA,0,0.00000000529334798216041,0.0000000536552242635935,3
9994,0.856595563670828,0.0707508330858198,"modavg[m_full+m_fullgrad]","ns",NA,0,0.000000000000000000000134664375159264,0.00000000000000000000102746686805142,4
10425,0.185630133220076,0.0543669460652631,"modavg[m_full+m_fullgrad]","ns",NA,0,0.0000000806893467597547,0.000000119953469379652,1
11113,0.423764531144339,0.188932471177219,"modavg[m_full+m_fullgrad]","ns",NA,0,0.000000000000000000114862700524723,0.00000000000000000178733981435585,2
11238,0.708278266780862,0.10880439495316,"modavg[m_full+m_fullgrad]","ns",NA,1,0.000000000000000000000140935163023498,0.00000000000000000000778858643716369,3
11320,0.391444854380882,0.174934803040119,"modavg[m_full+m_fullgrad]","ns",NA,0,NA,NA,2
11820,0.585162562239953,0.114858314222448,"modavg[m_full+m_fullgrad]","ns",NA,0,NA,NA,3
11831,0.114399226300365,0.0471589674851234,"modavg[m_full+m_fullgrad]","ns",NA,0,0.000000140750003652101,0.000000152289459265376,1
12859,0.1051424403283,0.0405875223004319,"modavg[m_full+m_fullgrad]","ns",NA,1,0.000000000000000183271248247992,0.000000000000000863687891398366,1
13006,0.129880325186973,0.0357488586222221,"modavg[m_full+m_fullgrad]","ns",NA,0,0.00000000787850051864325,0.0000000167503539927338,1
13020,0.863526694221897,0.0682769179161224,"modavg[m_full+m_fullgrad]","ns",NA,1,0.00000174779859207774,0.00000246070749199134,4
13051,0.269329871104557,0.0818996951082915,"modavg[m_full+m_fullgrad]","ns",NA,0,NA,NA,2
13052,0.306728094548774,0.091244143468024,"modavg[m_full+m_fullgrad]","ns",NA,1,0.00000000000110488831625566,0.0000000000102121549064305,2
13078,0.950693288977408,0.0300036941843311,"modavg[m_full+m_fullgrad]","ns",NA,1,NA,NA,5
13101,0.987231764264012,0.0147280299217396,"modavg[m_full+m_fullgrad]","cold",NA,0,0.000000101320487999601,0.000000235916175483908,5
13181,0.684277844126155,0.11148915346522,"modavg[m_full+m_fullgrad]","ns",NA,1,0.00000000668617650134706,0.0000000957174108862091,3
13243,0.832970470978812,0.0660798654754497,"modavg[m_full+m_fullgrad]","ns",NA,0,0.000000505763580349594,0.000000881699179444695,4
13259,0.992663457458666,0.0113455361186505,"modavg[m_full+m_fullgrad]","ns",NA,1,0.000000859722945278918,0.00000343047918249795,5
13326,0.125263274394209,0.0436600081312784,"modavg[m_full+m_fullgrad]","ns",NA,1,0.000000110100167205474,0.000000166299784609691,1
13421,0.147157504554215,0.0412365579818105,"modavg[m_full+m_fullgrad]","ns",NA,0,0.000000333679452069191,0.000000456267372328512,1
13478,0.454375477427506,0.133592596886501,"modavg[m_full+m_fullgrad]","ns",NA,1,0.00000104424759683752,0.00000132103059513611,2
13530,0.175719909887317,0.0549081828343247,"modavg[m_full+m_fullgrad]","cold",NA,0,NA,NA,1
13532,0.197939285228795,0.0629944981093811,"modavg[m_full+m_fullgrad]","ns",NA,0,NA,NA,1
13550,0.179490627103103,0.0568931771717224,"modavg[m_full+m_fullgrad]","ns",NA,0,NA,NA,1
13556,0.474329809146352,0.115357409034461,"modavg[m_full+m_fullgrad]","ns",NA,1,NA,NA,2
13559,0.342021244998932,0.105448830110243,"modavg[m_full+m_fullgrad]","ns",NA,0,NA,NA,2
13762,0.300601390798103,0.0894314066349889,"modavg[m_full+m_fullgrad]","ns",NA,0,NA,NA,2
13850,0.0478917835874221,0.0239975238892001,"modavg[m_full+m_fullgrad]","ns",NA,1,NA,NA,1
13861,0.922924358280098,0.0337227815498026,"modavg[m_full+m_fullgrad]","ns",NA,1,0.000000141995627700453,0.000000551158223061066,4
13862,0.250970934714993,0.0649533915027229,"modavg[m_full+m_fullgrad]","ns",NA,1,0.00000000000000000000467559883057121,0.0000000000000000000709665841737489,2
13945,0.373145545272143,0.0946057520142108,"modavg[m_full+m_fullgrad]","ns",NA,0,0.00000000824369017493609,0.0000000117303322610951,2
13977,0.774273992357895,0.066547770012265,"modavg[m_full+m_fullgrad]","ns",NA,1,0.0000000173894445509859,0.0000000681494967125218,3
14017,0.158856290112025,0.0563786256067418,"modavg[m_full+m_fullgrad]","ns",NA,0,0.000000000000507338745667218,0.000000000000703678706016203,1
14062,0.553483443113759,0.0833076637842824,"modavg[m_full+m_fullgrad]","ns",NA,1,0.000000000187237891857706,0.00000000195631866262147,3
14075,0.128727585752413,0.0306875921147817,"modavg[m_full+m_fullgrad]","ns",NA,1,NA,NA,1
14122,0.740618502352359,0.14741359615219,"modavg[m_full+m_fullgrad]","ns",NA,0,0.0000000842847924786838,0.000000109259104874582,3
14159,0.182872245440997,0.0557691523623058,"modavg[m_full+m_fullgrad]","ns",NA,0,0.00000000646241682389359,0.00000000664340271683272,1
14204,0.493224418688432,0.0878171800138243,"modavg[m_full+m_fullgrad]","ns",NA,0,NA,NA,2
14331,0.485579096457416,0.227482659623202,"modavg[m_full+m_fullgrad]","ns",NA,0,0.00000000229754126834791,0.00000000496391816540154,2
14337,0.679464702379638,0.113807522229253,"modavg[m_full+m_fullgrad]","ns",NA,1,0.00000000143589273804423,0.00000000496391816540154,3
14504,0.965546182277855,0.0315588988175444,"modavg[m_full+m_fullgrad]","ns",NA,0,0.0000000487299196549884,0.000000112540469388023,5
14545,0.203435334304832,0.0615584694163703,"modavg[m_full+m_fullgrad]","ns",NA,0,0.0000000000000000000000000922850162567965,0.0000000000000000000000138331966212479,1
14563,0.425651618574782,0.104610300464189,"modavg[m_full+m_fullgrad]","ns",NA,0,0.0000000344515029837567,0.0000000540050137942671,2
14639,0.922331862052332,0.0594580046172224,"modavg[m_full+m_fullgrad]","ns",NA,1,0.000000507697109242145,0.000000609808751050878,4
14690,0.202645553563248,0.0501259476571153,"modavg[m_full+m_fullgrad]","ns",NA,1,0.000000346558806540997,0.00000120381741908204,1
14720,0.424302206904333,0.0950121719846209,"modavg[m_full+m_fullgrad]","ns",NA,1,0.0000000168028400082676,0.000000241157920299884,2
14758,0.207420455033628,0.0895034122699136,"modavg[m_full+m_fullgrad]","ns",NA,0,NA,NA,1
14914,0.622652164410085,0.111416785709956,"modavg[m_full+m_fullgrad]","ns",NA,1,0.0000000107776880753363,0.0000000197139442548178,3
14942,0.186336169075673,0.0633406389718633,"modavg[m_full+m_fullgrad]","ns",NA,0,0.00000000245073628057924,0.00000000785652876089671,1
15030,0.178430335119033,0.0656571760296263,"modavg[m_full+m_fullgrad]","ns",NA,0,0.0000000934468289415236,0.000000148919724551888,1
15036,0.518044775006311,0.120729067436765,"modavg[m_full+m_fullgrad]","ns",NA,1,0.000000870522342211189,0.00000167548205354251,3
15087,0.125076271240501,0.0445051191691153,"modavg[m_full+m_fullgrad]","cold",NA,0,NA,NA,1
15119,0.26120033521936,0.0975135816414195,"modavg[m_full+m_fullgrad]","ns",NA,0,0.000000396520164258618,0.000000430303686016487,2
15150,0.768352152158725,0.0792865940043107,"modavg[m_full+m_fullgrad]","ns",NA,1,0.000000241167953163313,0.000000464302701175257,3
15183,0.865053612445148,0.0590506743068581,"modavg[m_full+m_fullgrad]","ns",NA,1,0.0000000000145921330574339,0.00000000023413138094952,4
15212,0.987052496831956,0.0156144547961199,"modavg[m_full+m_fullgrad]","ns",NA,0,0.000000121466840141693,0.000000127316695852642,5
15246,0.162180930420551,0.0517286088593057,"modavg[m_full+m_fullgrad]","cold",NA,0,0.00000120420634175389,0.00000130435466871859,1
15302,0.0993766944640483,0.0306297014743143,"modavg[m_full+m_fullgrad]","ns",NA,0,NA,NA,1
15353,0.684573558481586,0.0625177099433868,"modavg[m_full+m_fullgrad]","ns",NA,0,0.000000089804700564855,0.000000147070608136346,3
15367,0.426776920840764,0.124204863454392,"modavg[m_full+m_fullgrad]","ns",NA,0,0.000000182053966568674,0.000000224699064688139,2
15398,0.159519022093701,0.0562621693567956,"modavg[m_full+m_fullgrad]","cold",NA,0,0.000000760915611408564,0.0000010504412557566,1
15481,0.0991224861210888,0.0355073528647068,"modavg[m_full+m_fullgrad]","ns",NA,0,0.0000000000000361550626405954,0.0000000000000533455963051214,1
15523,0.512841135679396,0.094917990788288,"modavg[m_full+m_fullgrad]","cold",NA,1,NA,NA,3
15608,0.960435077561177,0.0300584304411513,"modavg[m_full+m_fullgrad]","ns",NA,1,0.000000373153199006993,0.000000708669801952055,5
15684,0.766762085885746,0.0654666567756891,"modavg[m_full+m_fullgrad]","ns",NA,1,NA,NA,3
15693,0.404284052481734,0.135296795044943,"modavg[m_full+m_fullgrad]","ns",NA,0,NA,NA,2
15702,0.403073555793632,0.10596032371504,"modavg[m_full+m_fullgrad]","ns",NA,0,0.000000290131765723345,0.000000328980434005643,2
15747,0.134403019077921,0.0331691230330741,"modavg[m_full+m_fullgrad]","ns",NA,1,0.000000000906326791394463,0.00000000552658940833339,1
15770,0.446999713977297,0.121663395167729,"modavg[m_full+m_fullgrad]","ns",NA,0,0.000000630236684173724,0.000000898734015208902,2
15804,0.7929754768776,0.0679261013059645,"modavg[m_full+m_fullgrad]","ns",NA,1,0.0000000764024221666659,0.00000037363884075603,4
15882,0.906781656853267,0.0546652860288177,"modavg[m_full+m_fullgrad]","ns",NA,1,0.0000000137054749771437,0.00000011325965232345,4
15920,0.627980737081337,0.10444486530476,"modavg[m_full+m_fullgrad]","ns",NA,1,NA,NA,3
15980,0.180530987198817,0.0622980538532475,"modavg[m_full+m_fullgrad]","ns",NA,0,0.00000000000881993783563573,0.0000000000586068971131226,1
15982,0.457182972954314,0.0944353922315934,"modavg[m_full+m_fullgrad]","ns",NA,0,0.0000000383145604132551,0.0000000782649252073497,2
16001,0.712768166812079,0.0971188728356098,"modavg[m_full+m_fullgrad]","ns",NA,0,0.0000000080398887547517,0.0000000355198821466729,3
16018,0.989958670803824,0.00990155906705096,"modavg[m_full+m_fullgrad]","ns",NA,1,0.000000129830098671846,0.000000449714264050272,5
16031,0.343510083705526,0.0933961711309197,"modavg[m_full+m_fullgrad]","ns",NA,1,0.00000000000000224709158818857,0.000000000000017944382823187,2
16055,0.469878144222622,0.135325187989204,"modavg[m_full+m_fullgrad]","ns",NA,0,NA,NA,2
16073,0.0709800112529163,0.0262564844863143,"modavg[m_full+m_fullgrad]","ns",NA,0,0.000000375657492668324,0.000000469558386839708,1
16075,0.831709588836178,0.0715865334810354,"modavg[m_full+m_fullgrad]","ns",NA,1,0.000000164834261795477,0.00000042438961145308,4
16093,0.371891583509413,0.117936645138476,"modavg[m_full+m_fullgrad]","ns",NA,0,0.00000000000000103353732026196,0.00000000000000242510720875708,2
16095,0.591091532058373,0.119644352895767,"modavg[m_full+m_fullgrad]","ns",NA,1,0.000000000000104282244460779,0.000000000000174033327354252,3
16108,0.528813660772324,0.14921552046308,"modavg[m_full+m_fullgrad]","ns",NA,0,0.0000000439216485403904,0.0000000933052035634319,3
16111,0.294417888282368,0.0954443730847808,"modavg[m_full+m_fullgrad]","ns",NA,1,NA,NA,2
16168,0.239299220218884,0.0877809647261654,"modavg[m_full+m_fullgrad]","ns",NA,0,0.000000000287429940959427,0.00000000143426226451027,2
16205,0.375011424967028,0.120425040929505,"modavg[m_full+m_fullgrad]","ns",NA,1,0.000000484828603930509,0.00000049788440037446,2
16263,0.255113808622046,0.110394727813581,"modavg[m_full+m_fullgrad]","ns",NA,0,0.00000000000089345886375089,0.00000000000252475969818311,2
16271,0.0659440951102384,0.0278247873512385,"modavg[m_full+m_fullgrad]","ns",NA,0,NA,NA,1
16273,0.40378991837196,0.12515711459573,"modavg[m_full+m_fullgrad]","ns",NA,0,0.0000000000266021996098154,0.000000000220702761621894,2
16287,0.974548714347242,0.0208550158196674,"modavg[m_full+m_fullgrad]","ns",NA,0,0.000000519011678079551,0.000000779227036673547,5
16322,0.951118400994023,0.0301854010925101,"modavg[m_full+m_fullgrad]","ns",NA,0,NA,NA,5
16327,0.96028005266163,0.024729078826059,"modavg[m_full+m_fullgrad]","ns",NA,1,0.0000000100161248184349,0.000000105511894332722,5
16339,0.223144937125853,0.124273360939699,"modavg[m_full+m_fullgrad]","ns",NA,0,0.00000000432459756893877,0.00000000830327895329219,2
16363,0.174449814764256,0.0580678053624432,"modavg[m_full+m_fullgrad]","ns",NA,0,0.000000783168275120261,0.00000096981284514186,1
16377,0.334767631794784,0.114208864956686,"modavg[m_full+m_fullgrad]","cold",NA,0,0.0000016686544768163,0.00000191454364539823,2
16385,0.207188543763478,0.0756056965578267,"modavg[m_full+m_fullgrad]","cold",NA,0,0.0000013841828376826,0.0000014728249198015,1
16413,0.926723789115608,0.0486312026972971,"modavg[m_full+m_fullgrad]","ns",NA,0,0.00000000652562848202365,0.0000000240121984518282,4
16441,0.276602002182279,0.0853384723046554,"modavg[m_full+m_fullgrad]","ns",NA,0,0.000000172980293200453,0.000000218799868889619,2
16477,0.590523436043347,0.0775739030451033,"modavg[m_full+m_fullgrad]","ns",NA,0,0.00000000906383146315193,0.0000000251599718836815,3
16498,0.958387897964726,0.0264483456201224,"modavg[m_full+m_fullgrad]","ns",NA,1,0.00000816216288512805,0.0000150732994370628,5
16510,0.863874248395585,0.0520545427043918,"modavg[m_full+m_fullgrad]","ns",NA,1,0.0000000385565179783498,0.000000263851063664333,4
16535,0.892385177328338,0.0473667752054251,"modavg[m_full+m_fullgrad]","ns",NA,1,0.000000281853175465585,0.000000642017653262883,4
16543,0.805705996482912,0.0772228732966306,"modavg[m_full+m_fullgrad]","ns",NA,0,0.000000804755075023422,0.00000106900938590115,4
16642,0.909349512657221,0.0394320673050231,"modavg[m_full+m_fullgrad]","ns",NA,1,0.00000121959067200805,0.00000712239489075728,4
16651,0.952660828680258,0.0299748424627849,"modavg[m_full+m_fullgrad]","ns",NA,1,0.000000264647070480351,0.000000390261078564436,5
16667,0.939677326617735,0.0308443478714272,"modavg[m_full+m_fullgrad]","ns",NA,1,0.0000000422852437509391,0.000000193043575791307,5
16679,0.927676144787573,0.0400512665122687,"modavg[m_full+m_fullgrad]","ns",NA,1,0.00000069037497496538,0.00000245813725996413,4
16695,0.411865406673242,0.101323113274947,"modavg[m_full+m_fullgrad]","cold",NA,0,0.00000268214716925286,0.00000289113631879445,2
16711,0.809502589081316,0.055120551375545,"modavg[m_full+m_fullgrad]","ns",NA,1,0.000000313407554131118,0.00000219214712160465,4
16716,0.196974945259608,0.0715041937269698,"modavg[m_full+m_fullgrad]","cold",NA,0,0.000000166050924121919,0.000000549327580756653,1
16720,0.312130292478702,0.0784185135261416,"modavg[m_full+m_fullgrad]","cold",NA,0,0.00000030764570624342,0.00000119395861020166,2
16778,0.26406639875415,0.0969261367506474,"modavg[m_full+m_fullgrad]","ns",NA,0,NA,NA,2
16780,0.67595406684023,0.0989444769153868,"modavg[m_full+m_fullgrad]","ns",NA,0,0.00000020815978984956,0.000000313854314981654,3
16789,0.175194263194533,0.0824425820299225,"modavg[m_full+m_fullgrad]","cold",NA,0,NA,NA,1
16792,0.447783792945216,0.110782242191573,"modavg[m_full+m_fullgrad]","ns",NA,0,0.000000234473901628007,0.000000462415243873693,2
16796,0.872799712778792,0.0467118429315727,"modavg[m_full+m_fullgrad]","ns",NA,1,0.00000072438194820279,0.00000162039918905066,4
16817,0.336109869055966,0.0823759206329562,"modavg[m_full+m_fullgrad]","ns",NA,1,0.000000117552417577826,0.000000142065971431293,2
16823,0.196826386339742,0.0479952017783949,"modavg[m_full+m_fullgrad]","ns",NA,1,0.000000124579415228254,0.00000078290736382769,1
16824,0.940097670157306,0.0335421087592118,"modavg[m_full+m_fullgrad]","ns",NA,1,0.00000000000099610315655585,0.0000000000424297923184991,5
16826,0.421156119427484,0.123914071897492,"modavg[m_full+m_fullgrad]","cold",NA,1,NA,NA,2
16846,0.153618956642424,0.0465019686628998,"modavg[m_full+m_fullgrad]","ns",NA,1,0.000000000625094420669825,0.0000000115433111957941,1
16852,0.170226548141272,0.0626864479155968,"modavg[m_full+m_fullgrad]","cold",NA,0,NA,NA,1
16891,0.414687057536788,0.107718529000455,"modavg[m_full+m_fullgrad]","ns",NA,0,0.000000000486760187712321,0.00000000050859477740417,2
16911,0.156323336204256,0.0498187086598617,"modavg[m_full+m_fullgrad]","ns",NA,0,NA,NA,1
16914,0.695470696580031,0.062498284409283,"modavg[m_full+m_fullgrad]","cold",NA,1,0.0000000000000000000000619190997786521,0.000000000000000000000174476859759447,3
16918,0.803496956722334,0.0804856532326906,"modavg[m_full+m_fullgrad]","ns",NA,0,0.000000784815881615941,0.00000201972102331638,4
16924,0.993291964098947,0.0077678320429605,"modavg[m_full+m_fullgrad]","hot","occ_hot_effort_hot_SUSPECT",1,0.0000000759096110414248,0.0000014497636584565,5
16945,0.983017502173223,0.0137275409957959,"modavg[m_full+m_fullgrad]","ns",NA,1,0.000000437741050518525,0.0000035257437502878,5
16950,0.155658502240631,0.070417858454416,"modavg[m_full+m_fullgrad]","cold",NA,0,NA,NA,1
17002,0.923638541193969,0.0443429983711005,"modavg[m_full+m_fullgrad]","ns",NA,1,0.00000221842924474913,0.00000464315644421731,4
17005,0.95788135788135,0.0358619709140139,"modavg[m_full+m_fullgrad]","ns",NA,1,0.0000000977772458554682,0.000000136612243295531,5
17018,0.852507017412994,0.0675866320219562,"modavg[m_full+m_fullgrad]","ns",NA,0,0.0000000000207178562500188,0.000000000391853410830478,4
17025,0.944433977284388,0.0363054499328689,"modavg[m_full+m_fullgrad]","ns",NA,1,0.00000000213390594083762,0.00000000922491683041926,5
17030,0.814819585939709,0.0806188705880213,"modavg[m_full+m_fullgrad]","ns",NA,0,0.0000000000205415909976248,0.000000000154245588523949,4
17046,0.179095340027198,0.0694270298677142,"modavg[m_full+m_fullgrad]","cold",NA,0,NA,NA,1
17064,0.977230144413886,0.0194716881824332,"modavg[m_full+m_fullgrad]","ns",NA,1,0.00000308304129248427,0.00000484970632896875,5
17067,0.766906097835446,0.0775154245580207,"modavg[m_full+m_fullgrad]","ns",NA,1,0.000000273945261142217,0.000000664664867144893,3
17078,0.398682426748208,0.152374586332244,"modavg[m_full+m_fullgrad]","cold",NA,0,NA,NA,2
17082,0.189928712161693,0.0515696484824953,"modavg[m_full+m_fullgrad]","cold",NA,0,NA,NA,1
17088,0.925644090910857,0.0555077556176481,"modavg[m_full+m_fullgrad]","ns",NA,0,0.000000564833612770599,0.000000626516396096122,4
17091,0.207036730004539,0.056724919367042,"modavg[m_full+m_fullgrad]","ns",NA,1,0.0000000000000000000183044972138398,0.0000000000000000000183044972138398,1
17116,0.995591870513969,0.00630769854680067,"modavg[m_full+m_fullgrad]","ns",NA,1,0.000000450893566039667,0.0000115341645141598,5
17128,0.513054853954582,0.106013283917092,"modavg[m_full+m_fullgrad]","ns",NA,1,0.0000000000000000000178595176651389,0.0000000000000000000837330247916024,3
17167,0.222543659134042,0.0463326559784535,"modavg[m_full+m_fullgrad]","ns",NA,0,0.000000672605210638721,0.00000084873130390406,2
17172,0.716708208731908,0.0788347016018058,"modavg[m_full+m_fullgrad]","ns",NA,1,0.0000000000583315062918643,0.000000000407944261704429,3
17175,0.171343764403643,0.0425316153061642,"modavg[m_full+m_fullgrad]","ns",NA,0,0.000000360754739858749,0.000000479769823868992,1
17184,0.751901382901303,0.0660974022156329,"modavg[m_full+m_fullgrad]","ns",NA,1,0.00000282981341115374,0.0000105928265838884,3
17188,0.636226887242454,0.11132765691326,"modavg[m_full+m_fullgrad]","ns",NA,1,0.000000104705947023831,0.000000379426126073668,3
17191,0.692853856698259,0.0980587351854051,"modavg[m_full+m_fullgrad]","ns",NA,0,NA,NA,3
17194,0.376595958502898,0.108652120586574,"modavg[m_full+m_fullgrad]","ns",NA,0,0.000000598507483573485,0.000000789685714153165,2
17197,0.581491090698038,0.0719521924479586,"modavg[m_full+m_fullgrad]","ns",NA,1,0.00000117993477033451,0.00000156139185492066,3
17200,0.967633353783598,0.0211591416462217,"modavg[m_full+m_fullgrad]","hot","occ_hot_effort_hot_SUSPECT",1,NA,NA,5
17217,0.235198607743811,0.0821448321785818,"modavg[m_full+m_fullgrad]","ns",NA,0,NA,NA,2
17222,0.94771656363297,0.0272706859464787,"modavg[m_full+m_fullgrad]","ns",NA,1,0.0000000382317928426801,0.000000171723243624911,5
17230,0.692563633716859,0.0919722191238587,"modavg[m_full+m_fullgrad]","cold",NA,0,NA,NA,3
17238,0.348447072361398,0.0792757044575212,"modavg[m_full+m_fullgrad]","ns",NA,0,0.000000144603248486419,0.00000132141622088966,2
17244,0.115818952201504,0.0353940301985068,"modavg[m_full+m_fullgrad]","ns",NA,1,0.00000127396037896688,0.00000138881227940146,1
17247,0.437322028713177,0.075336574795171,"modavg[m_full+m_fullgrad]","cold",NA,0,NA,NA,2
17255,0.128309303084795,0.0313975777534521,"modavg[m_full+m_fullgrad]","cold",NA,0,0.0000000356456766326119,0.0000000775864847923913,1
17260,0.449620733571281,0.124472750419848,"modavg[m_full+m_fullgrad]","ns",NA,0,NA,NA,2
17263,0.797600801144386,0.0672931881052819,"modavg[m_full+m_fullgrad]","ns",NA,1,0.0000000440749978736221,0.000000138544194783208,4
17266,0.916968969122623,0.0322195226056713,"modavg[m_full+m_fullgrad]","ns",NA,1,0.00000000382621045957876,0.0000000861006839159018,4
17271,0.981623636314378,0.015620303298023,"modavg[m_full+m_fullgrad]","ns",NA,1,0.00000000000000000307619391501248,0.000000000000000126420567350211,5
17282,0.115561963293522,0.0309564170437868,"modavg[m_full+m_fullgrad]","cold",NA,0,0.0000000166668918666346,0.0000000365972425697692,1
17303,0.967372197129957,0.0209337697316721,"modavg[m_full+m_fullgrad]","ns",NA,1,0.000000467623976874165,0.000000861812509356241,5
17321,0.844461628221008,0.0783130962484341,"modavg[m_full+m_fullgrad]","ns",NA,0,0.000000440623153963315,0.000000902500232768944,4
17324,0.137524909011157,0.0577219672674094,"modavg[m_full+m_fullgrad]","ns",NA,0,NA,NA,1
17341,0.73260770261262,0.0902257007024233,"modavg[m_full+m_fullgrad]","ns",NA,0,0.000000363783755119584,0.000000495659492116829,3
17342,0.123007281850128,0.0502228825651174,"modavg[m_full+m_fullgrad]","ns",NA,0,NA,NA,1
17344,0.801893617905954,0.0716565409339854,"modavg[m_full+m_fullgrad]","ns",NA,0,0.00000025570139428055,0.000000354265608848436,4
17347,0.0893068499019921,0.0426737212111852,"modavg[m_full+m_fullgrad]","cold",NA,0,NA,NA,1
17366,0.74335522496141,0.0982124440290994,"modavg[m_full+m_fullgrad]","ns",NA,1,0.000000195848770090379,0.000000395561301047564,3
17374,0.999663543710238,0.000787652695861797,"modavg[m_full+m_fullgrad]","ns",NA,1,0.000000833393755783618,0.00000156889871050225,5
17380,0.929851645599691,0.0353398911269908,"modavg[m_full+m_fullgrad]","ns",NA,0,0.000000141953208299128,0.00000069850682393735,4
17396,0.668740087136661,0.0929159823331569,"modavg[m_full+m_fullgrad]","ns",NA,0,0.000000000000134530488962378,0.00000000000140250593257119,3
17399,0.996782336793427,0.00564508877306461,"modavg[m_full+m_fullgrad]","ns",NA,1,0.000000250170245408299,0.000000329165573020873,5
17410,0.805631986978584,0.0784163908072328,"modavg[m_full+m_fullgrad]","ns",NA,1,0.0000000211514645798161,0.0000000529005035332375,4
17413,0.448539437706692,0.161076555208022,"modavg[m_full+m_fullgrad]","ns",NA,0,0.000000116617719925216,0.000000167422783192706,2
17418,0.702787791377483,0.105484117729303,"modavg[m_full+m_fullgrad]","ns",NA,1,0.00000000000000312852699035384,0.00000000000000312852699035384,3
17427,0.995762100206558,0.00668068085537218,"modavg[m_full+m_fullgrad]","ns",NA,1,0.000000201055797788285,0.000000523917151440401,5
17455,0.975027659444278,0.0270525422328295,"modavg[m_full+m_fullgrad]","ns",NA,0,0.0000002491527766324,0.000000776087006215676,5
17460,0.990862124773255,0.0140988251563726,"modavg[m_full+m_fullgrad]","ns",NA,1,0.000000559093223273521,0.00000204153548111208,5
17463,0.995356974948694,0.00830366367001671,"modavg[m_full+m_fullgrad]","ns",NA,1,0.000000201420021994636,0.000000535649064659083,5
17470,0.855881954084801,0.0547496640996494,"modavg[m_full+m_fullgrad]","ns",NA,1,NA,NA,4
17490,0.924889405094025,0.0418091260160875,"modavg[m_full+m_fullgrad]","ns",NA,1,0.000000710918868662702,0.00000110363930616586,4
17495,0.8955195443543,0.0544910852672106,"modavg[m_full+m_fullgrad]","ns",NA,1,0.0000000101372350513884,0.0000000879567636502543,4
17506,0.759122774330801,0.0795122708593853,"modavg[m_full+m_fullgrad]","cold",NA,1,0.000000451857374628162,0.00000110592588953295,3
17520,0.929407638431877,0.0323524620950087,"modavg[m_full+m_fullgrad]","ns",NA,0,0.0000000864891873675333,0.000000989124032457767,4
17525,0.903373831060991,0.0566659843259232,"modavg[m_full+m_fullgrad]","ns",NA,0,0.000000116965551910653,0.000000267177853174871,4
17532,0.358919052586666,0.116533217555294,"modavg[m_full+m_fullgrad]","ns",NA,1,0.000000391405563959779,0.000000738570008707029,2
17537,0.253676990287911,0.0755426991299901,"modavg[m_full+m_fullgrad]","cold",NA,1,0.000000474136811590142,0.000000810044184618164,2
17550,0.39586424010141,0.13137510638934,"modavg[m_full+m_fullgrad]","ns",NA,1,0.0000000751198783177642,0.0000000873100560738749,2
17572,0.224040864959652,0.106050805791336,"modavg[m_full+m_fullgrad]","ns",NA,0,NA,NA,2
17586,0.953772948121455,0.0257085238748398,"modavg[m_full+m_fullgrad]","ns",NA,1,0.000000209225191838414,0.000000503498711168504,5
17657,0.787881448304175,0.0816610146927218,"modavg[m_full+m_fullgrad]","ns",NA,0,0.000000000000456804732928973,0.0000000000229304353283055,3
17685,0.995787129856907,0.00533413333253459,"modavg[m_full+m_fullgrad]","cold",NA,0,0.0000000141172957768276,0.00000017302811272657,5
17705,0.656924556647702,0.0999046832520518,"modavg[m_full+m_fullgrad]","ns",NA,1,0.00000056469832543371,0.00000072508203174948,3
17725,0.0795745389298614,0.0360599627802258,"modavg[m_full+m_fullgrad]","ns",NA,0,NA,NA,1
17744,0.289680277169838,0.0924139358540286,"modavg[m_full+m_fullgrad]","ns",NA,0,0.00000107247728919901,0.00000129749764710141,2
17818,0.387404998454357,0.0729506094005755,"modavg[m_full+m_fullgrad]","ns",NA,0,0.0000000616031741174083,0.000000227962530630066,2
17830,0.848188633185289,0.0596028191152444,"modavg[m_full+m_fullgrad]","ns",NA,1,0.000000000505238573200728,0.0000000590987703219525,4
17835,0.896178974149383,0.0594099759934207,"modavg[m_full+m_fullgrad]","ns",NA,1,0.000000000801845312370375,0.0000000034614933142052,4
17846,0.899762908023319,0.0561204636135729,"modavg[m_full+m_fullgrad]","ns",NA,1,0.0000000179839094727186,0.0000000567641293969245,4
17866,0.770118161769803,0.0921549384659996,"modavg[m_full+m_fullgrad]","ns",NA,0,0.000000227937164254399,0.000000289995114144403,3
17900,0.255155171042972,0.0624260298619612,"modavg[m_full+m_fullgrad]","cold",NA,0,0.00000000000000000000239535127380787,0.0000000000000000000241343837761697,2
17909,0.9645017321015,0.0252471562136635,"modavg[m_full+m_fullgrad]","cold",NA,0,NA,NA,5
17912,0.32628262634995,0.135552915524697,"modavg[m_full+m_fullgrad]","ns",NA,0,0.0000000000000000000000204723998831599,0.0000000000000000000000703843219763681,2
17926,0.824824549406846,0.0793152247447876,"modavg[m_full+m_fullgrad]","ns",NA,1,0.000000198707795107111,0.000000362330837333502,4
17946,0.991970515919524,0.01077316651589,"modavg[m_full+m_fullgrad]","ns",NA,1,0.000000105865375132908,0.000000284740309552944,5
17960,0.292023810779374,0.0763254806475453,"modavg[m_full+m_fullgrad]","ns",NA,0,0.0000000000000000021254534052545,0.0000000000000000290063024803111,2
17984,0.507926635797606,0.0929461865530292,"modavg[m_full+m_fullgrad]","ns",NA,1,NA,NA,3
17989,0.994642375582158,0.00712012433539166,"modavg[m_full+m_fullgrad]","ns",NA,1,0.000000089348610288198,0.000000515391548105981,5
18012,0.526328015201157,0.115008933971302,"modavg[m_full+m_fullgrad]","ns",NA,1,0.000000463361516267469,0.000000488504497297981,3
18032,0.437619525923871,0.127405955934426,"modavg[m_full+m_fullgrad]","ns",NA,1,0.0000027421763206803,0.00000288517094304552,2
18040,0.988167156998561,0.0119458954657135,"modavg[m_full+m_fullgrad]","ns",NA,1,NA,NA,5
18056,0.85964405533239,0.0769267190882223,"modavg[m_full+m_fullgrad]","ns",NA,0,0.0000000145023442144065,0.000000064553937306755,4
18065,0.983555706670673,0.0148489737668848,"modavg[m_full+m_fullgrad]","ns",NA,1,NA,NA,5
18069,0.90908261465625,0.0392521548954205,"modavg[m_full+m_fullgrad]","ns",NA,1,0.000000381800077775551,0.00000107866037524218,4
18076,0.249936451133765,0.0562026469521865,"modavg[m_full+m_fullgrad]","ns",NA,0,0.0000001185860085684,0.000000140753698474327,2
18081,0.161107547244834,0.049347552384444,"modavg[m_full+m_fullgrad]","ns",NA,1,NA,NA,1
18088,0.219785691007401,0.0850557265884573,"modavg[m_full+m_fullgrad]","ns",NA,1,NA,NA,1
18091,0.780045238059125,0.073530220183177,"modavg[m_full+m_fullgrad]","ns",NA,1,0.0000000000000000621213500295161,0.00000000000000329703403081471,3
18095,0.760699225845311,0.102886686984999,"modavg[m_full+m_fullgrad]","cold",NA,0,0.00000228085309572634,0.00000263960896518256,3
18100,0.252192507269393,0.0811008220931964,"modavg[m_full+m_fullgrad]","ns",NA,1,0.0000000000388151975838635,0.000000000144497080967199,2
18113,0.711649869006029,0.0684985331342787,"modavg[m_full+m_fullgrad]","ns",NA,1,NA,NA,3
18121,0.858552634042588,0.0662423418949608,"modavg[m_full+m_fullgrad]","ns",NA,1,0.000000686702321672783,0.00000107866037524218,4
18134,0.534648734710722,0.133799362495584,"modavg[m_full+m_fullgrad]","ns",NA,0,0.000000174866400470819,0.000000193043575791307,3
18146,0.961182647028286,0.0231669783579804,"modavg[m_full+m_fullgrad]","cold",NA,1,0.000000109413228699395,0.000000491580976813566,5
18154,0.186003509907079,0.0611975523996929,"modavg[m_full+m_fullgrad]","ns",NA,0,0.000000438772104871532,0.000000650579636385373,1
18158,0.519769130939313,0.152385202754077,"modavg[m_full+m_fullgrad]","ns",NA,0,0.000000111490244592005,0.000000183864841574177,3
18165,0.18404305700652,0.0767753163973648,"modavg[m_full+m_fullgrad]","ns",NA,0,0.000000385731908636444,0.00000141304519729601,1
18169,0.144377258507088,0.0817154648373443,"modavg[m_full+m_fullgrad]","cold",NA,0,0.000000142048619977686,0.00000163770744165959,1
18191,0.987121934309064,0.0134074998979235,"modavg[m_full+m_fullgrad]","ns",NA,0,0.00000000339164629714617,0.0000000119820464661302,5
18224,0.336875291856736,0.0906801129556613,"modavg[m_full+m_fullgrad]","ns",NA,0,0.000000000000202167696103893,0.0000000000021813718366348,2
18235,0.994879292055729,0.00864182298381539,"modavg[m_full+m_fullgrad]","ns",NA,0,NA,NA,5
18255,0.579358818655585,0.146860324342931,"modavg[m_full+m_fullgrad]","ns",NA,0,0.000000669020721488778,0.00000104637479125813,3
18259,0.20136216071425,0.0798235327664272,"modavg[m_full+m_fullgrad]","ns",NA,0,0.000000568049756566325,0.000000672222540742951,1
18284,0.477174429509853,0.100156419877158,"modavg[m_full+m_fullgrad]","ns",NA,0,NA,NA,2
18298,0.158849180031071,0.0482532466455845,"modavg[m_full+m_fullgrad]","ns",NA,1,0.0000000635962109640786,0.000000137178560066786,1
18316,0.486061819597857,0.0813578119548659,"modavg[m_full+m_fullgrad]","ns",NA,0,0.00000000000000172324829712388,0.00000000000000503978293220852,2
18349,0.121974301540367,0.067236834078613,"modavg[m_full+m_fullgrad]","cold",NA,0,0.00000000323967452864338,0.00000000564312641060383,1
18352,0.83415998096154,0.0679562381344089,"modavg[m_full+m_fullgrad]","ns",NA,1,0,0,4
18359,0.593798915960038,0.100632134259817,"modavg[m_full+m_fullgrad]","ns",NA,0,NA,NA,3
18374,0.229303240691791,0.0800212430185733,"modavg[m_full+m_fullgrad]","ns",NA,0,0.000000198180757138289,0.000000280063687796428,2
18391,0.269214690329145,0.0663110991406036,"modavg[m_full+m_fullgrad]","cold",NA,0,0.00000016867323893166,0.000000384727712798849,2
18423,0.979376958846693,0.0239968311625777,"modavg[m_full+m_fullgrad]","ns",NA,0,NA,NA,5
18427,0.743716444724632,0.0851011464262033,"modavg[m_full+m_fullgrad]","ns",NA,1,0.000000000000141253111637929,0.00000000000328682957587145,3
18442,0.662570778940099,0.14307449104089,"modavg[m_full+m_fullgrad]","ns",NA,0,0.0000000000000000488555435260929,0.00000000000000133849289819603,3
18452,0.245190893132082,0.0858081863602587,"modavg[m_full+m_fullgrad]","ns",NA,0,0.0000000000505361967551021,0.0000000000987902884497238,2
18507,0.750354347761297,0.109555621667121,"modavg[m_full+m_fullgrad]","ns",NA,0,0.00000000000000000000973224519578093,0.000000000000000000139757541164816,3
18511,0.982516959579788,0.0231375672844158,"modavg[m_full+m_fullgrad]","ns",NA,0,0.000000338067138727638,0.000000423378253344708,5
18562,0.376055180893655,0.0807945464213466,"modavg[m_full+m_fullgrad]","ns",NA,0,0.00000000218157958364884,0.00000000880606876307866,2
18591,0.378698008983212,0.0622966828146858,"modavg[m_full+m_fullgrad]","cold",NA,0,NA,NA,2
18604,0.949050303119881,0.0271112507935643,"modavg[m_full+m_fullgrad]","ns",NA,1,0.000000328045473452221,0.000000968263407230552,5
18609,0.939427888809171,0.0313970619628612,"modavg[m_full+m_fullgrad]","ns",NA,1,0.0000000710995777808421,0.000000501747933867591,5
18614,0.339068653267697,0.085660127290003,"modavg[m_full+m_fullgrad]","ns",NA,1,0.00000000000193094802300453,0.0000000000435862942960163,2
18617,0.107425007258807,0.0571790099335551,"modavg[m_full+m_fullgrad]","ns",NA,0,0.0000000000000134636183427603,0.0000000000000416268683748038,1
18620,0.297118082135222,0.099156994790725,"modavg[m_full+m_fullgrad]","cold",NA,0,0.0000000291132860041898,0.0000000324089945991091,2
18643,0.256295525744149,0.0958501608651087,"modavg[m_full+m_fullgrad]","cold",NA,0,0.0000000000000000000000138879341017394,0.0000000000000000000000312522141297194,2
18676,0.913492572083093,0.0513315084264655,"modavg[m_full+m_fullgrad]","ns",NA,1,0.000000534726837031485,0.000000858387920743553,4
18677,0.607504847532096,0.101320567855883,"modavg[m_full+m_fullgrad]","ns",NA,1,0.0000000000000000000889695821322488,0.00000000000000000129548095473653,3
18690,0.173012425608911,0.0674962662698141,"modavg[m_full+m_fullgrad]","ns",NA,0,0.000000199368159314872,0.000000248390108481544,1
18695,0.333250658214528,0.107101416271231,"modavg[m_full+m_fullgrad]","ns",NA,0,0.000000000034689640049379,0.00000000010981778680863,2
18716,0.700416264407486,0.136982770156896,"modavg[m_full+m_fullgrad]","ns",NA,0,0.0000000241547830626132,0.0000000636107913010164,3
18720,0.120641513609499,0.0347952543074862,"modavg[m_full+m_fullgrad]","ns",NA,0,0.00000000170843095226303,0.00000000450605641688639,1
18757,0.444213706714448,0.103207427294077,"modavg[m_full+m_fullgrad]","ns",NA,0,0.0000000000143423580303836,0.0000000000388743655321822,2
18760,0.342034642065451,0.0640385691554772,"modavg[m_full+m_fullgrad]","cold",NA,0,NA,NA,2
18778,0.958813531270395,0.0242570401081146,"modavg[m_full+m_fullgrad]","ns",NA,1,0.00000331207343151618,0.0000128730343931238,5
18807,0.304698012635759,0.0703146140075568,"modavg[m_full+m_fullgrad]","ns",NA,0,NA,NA,2
18811,0.742695872278506,0.0708550154982361,"modavg[m_full+m_fullgrad]","ns",NA,1,0.000000198561295405852,0.00000221328104998975,3
18815,0.24261330284298,0.0533059554334471,"modavg[m_full+m_fullgrad]","ns",NA,0,NA,NA,2
18821,0.538855405744903,0.109685409821151,"modavg[m_full+m_fullgrad]","ns",NA,0,0.00000000113073805874109,0.00000000566874591712008,3
18846,0.816611183216963,0.0642466246707758,"modavg[m_full+m_fullgrad]","ns",NA,1,0.0000000277447345098381,0.0000000370204311650468,4
18849,0.946777646580073,0.0297130125476674,"modavg[m_full+m_fullgrad]","ns",NA,1,0.000000623348284989333,0.00000119531205200474,5
18850,0.787700248484479,0.0833344128433423,"modavg[m_full+m_fullgrad]","ns",NA,1,0.0000000222898215440637,0.0000000370204311650468,3
18880,0.413128376546976,0.137882766438645,"modavg[m_full+m_fullgrad]","cold",NA,0,0.00000348054413734644,0.00000575313788431231,2
18897,0.0863706492073842,0.0338496466260697,"modavg[m_full+m_fullgrad]","cold",NA,0,0.0000000918176468189813,0.000000109114878910077,1
18900,0.141866485439828,0.0399002869372327,"modavg[m_full+m_fullgrad]","ns",NA,0,0.000000786177963618684,0.000000827955943805136,1
18908,0.705277837712321,0.0824864641869563,"modavg[m_full+m_fullgrad]","ns",NA,0,0.00000000150556067612939,0.00000000796569388228363,3
18918,0.9732573159733,0.033028265329059,"modavg[m_full+m_fullgrad]","ns",NA,1,0.00000000000000000000890616883703392,0.000000000000000000243942748773459,5
18950,0.49659642814376,0.125485437909721,"modavg[m_full+m_fullgrad]","ns",NA,1,0.00000000534581090505526,0.0000000157362034514108,3
20680,0.996831925661828,0.00524025752973314,"modavg[m_full+m_fullgrad]","ns",NA,1,NA,NA,5
20707,0.89886797723874,0.0536988683936416,"modavg[m_full+m_fullgrad]","ns",NA,0,0.0000000928379293441139,0.000000184088250421155,4
21477,0.99668405812808,0.00496492797997739,"modavg[m_full+m_fullgrad]","ns",NA,0,0.000000152304323819408,0.00000119986543722916,5
21506,0.985799191752544,0.0124064972059068,"modavg[m_full+m_fullgrad]","ns",NA,0,NA,NA,5
21755,0.715543804056524,0.0950668275690661,"modavg[m_full+m_fullgrad]","cold",NA,1,0.000000000650326015261271,0.0000000121826770893563,3
21914,0.206085185709071,0.056839212416443,"modavg[m_full+m_fullgrad]","cold",NA,0,NA,NA,1
21918,0.912161615393072,0.0501838463637537,"modavg[m_full+m_fullgrad]","ns",NA,1,0.000000000000000000000192740087809694,0.000000000000000000000347270934057652,4
21942,0.802484630964019,0.0622579977383526,"modavg[m_full+m_fullgrad]","ns",NA,1,0.00000000348781026282552,0.0000000294474258311084,4
21946,0.995974725082797,0.00528118616474344,"modavg[m_full+m_fullgrad]","ns",NA,1,0.0000000976445448941377,0.00000074017270890181,5
21948,0.993048384149362,0.00897093989361429,"modavg[m_full+m_fullgrad]","ns",NA,0,0.0000000251264538064788,0.0000000721412973803126,5
21952,0.893245584238266,0.0455730037654031,"modavg[m_full+m_fullgrad]","ns",NA,1,NA,NA,4
21956,0.859843443762832,0.0872854009449854,"modavg[m_full+m_fullgrad]","ns",NA,0,0.000000744610758829367,0.000000808089907877729,4
21965,0.650914719823114,0.0964344282525722,"modavg[m_full+m_fullgrad]","ns",NA,0,0.000000643602845684654,0.000000828582130907307,3
21997,0.109623987877578,0.0320267438861173,"modavg[m_full+m_fullgrad]","ns",NA,0,NA,NA,1
21998,0.87423144644553,0.0667233456828862,"modavg[m_full+m_fullgrad]","cold",NA,1,NA,NA,4
22030,0.880392037475969,0.0515257296325011,"modavg[m_full+m_fullgrad]","ns",NA,1,0.000000000597378757571931,0.0000000559565052071775,4
22039,0.0772262085359881,0.0313048350803135,"modavg[m_full+m_fullgrad]","ns",NA,0,0.00000000208949524349578,0.00000000510983211299276,1
22045,0.309930880247426,0.107531661042936,"modavg[m_full+m_fullgrad]","ns",NA,0,0.000000000000000000142373499852015,0.000000000000000000232730496516062,2
22049,0.151225900382384,0.0475417262659902,"modavg[m_full+m_fullgrad]","cold",NA,0,NA,NA,1
22072,0.413650386385814,0.1260256616607,"modavg[m_full+m_fullgrad]","cold",NA,0,NA,NA,2
22080,0.892564367958312,0.0587933053273559,"modavg[m_full+m_fullgrad]","ns",NA,0,0.000000355866120571591,0.00000063740475297891,4
22084,0.354888042260835,0.0803238342292187,"modavg[m_full+m_fullgrad]","ns",NA,0,NA,NA,2
22253,0.983216461193464,0.0139410701654927,"modavg[m_full+m_fullgrad]","ns",NA,1,0.0000000730134033233298,0.000000548044567949546,5
22284,0.760892155517219,0.0673165765816294,"modavg[m_full+m_fullgrad]","cold",NA,1,0.000000138209813371759,0.000000249384839889899,3
22289,0.910497478924895,0.066240090430709,"modavg[m_full+m_fullgrad]","ns",NA,0,NA,NA,4
22292,0.983373581719399,0.017909357178178,"modavg[m_full+m_fullgrad]","ns",NA,1,0.000000386707057487001,0.000000620498724401841,5
23002,0.89648487081217,0.0457353385783439,"modavg[m_full+m_fullgrad]","ns",NA,1,0.00000166618656294304,0.00000856192400533473,4
23004,0.0907714790677626,0.0514156325620534,"modavg[m_full+m_fullgrad]","cold",NA,0,0.000000020809942213873,0.000000202233877644176,1
23005,0.158317888816819,0.0723840949480316,"modavg[m_full+m_fullgrad]","ns",NA,0,0.0000000000489169503514741,0.0000000116209744049911,1
23019,0.988580419356655,0.0147203964255205,"modavg[m_full+m_fullgrad]","ns",NA,0,0.000000229905964488353,0.000000290864903718102,5
23048,0.939285849080808,0.04721146246752,"modavg[m_full+m_fullgrad]","ns",NA,0,NA,NA,5
23060,0.602192000970065,0.075790165660724,"modavg[m_full+m_fullgrad]","ns",NA,0,0.000000524219444741902,0.00000320738581649493,3
23074,0.152290365252685,0.0828328472928765,"modavg[m_full+m_fullgrad]","cold",NA,0,0.000000561672095500398,0.00000194966628441762,1
23459,0.122176701664945,0.0622900745299524,"modavg[m_full+m_fullgrad]","ns",NA,0,0.0000000113981775129446,0.0000000625256362241089,1
23598,0.391697628637205,0.137154386405767,"modavg[m_full+m_fullgrad]","cold",NA,0,NA,NA,2
24228,0.953730928173393,0.0338661856549709,"modavg[m_full+m_fullgrad]","ns",NA,1,0.0000000214158220046556,0.000000103286105002098,5
24425,0.101855697993718,0.0558106140014024,"modavg[m_full+m_fullgrad]","cold",NA,0,NA,NA,1
24434,0.939939250340021,0.0355713193510006,"modavg[m_full+m_fullgrad]","ns",NA,0,0.0000000000886623552354138,0.000000000915223508091145,5
24438,0.844576191723517,0.0639727106211253,"modavg[m_full+m_fullgrad]","ns",NA,1,0.0000000110203117742458,0.0000000273319376020709,4
24771,0.199041692863395,0.0592900079265261,"modavg[m_full+m_fullgrad]","cold",NA,0,0.000000398505875409683,0.000000759985368858906,1
24947,0.952363545591277,0.0251587729009239,"modavg[m_full+m_fullgrad]","ns",NA,0,0.00000142926410262589,0.00000250902644438611,5
25116,0.940071026275602,0.0393972780541048,"modavg[m_full+m_fullgrad]","ns",NA,1,0.000000818646753941721,0.00000166669826739962,5
25173,0.147499763710235,0.0885448597385869,"modavg[m_full+m_fullgrad]","ns",NA,0,0.0000000246939677595037,0.0000000953500247646843,1
25196,0.98207419442485,0.0176314437609798,"modavg[m_full+m_fullgrad]","ns",NA,1,0.000000000779376396753406,0.0000000118820091543625,5
25203,0.880557795854193,0.040535377474726,"modavg[m_full+m_fullgrad]","ns",NA,1,0.000000112391703055437,0.000000727048700355226,4
25279,0.919452193841475,0.0570815496111079,"modavg[m_full+m_fullgrad]","ns",NA,1,0.000000811097265795979,0.00000227818281928194,4
25289,0.134321492090806,0.0448658110319569,"modavg[m_full+m_fullgrad]","ns",NA,0,0.00000000287165047296867,0.000000109927235314444,1
25311,0.970060767511575,0.0247941107496612,"modavg[m_full+m_fullgrad]","ns",NA,1,0.000000649846526812325,0.00000102860803963267,5
25329,0.222744531378416,0.0757318971530571,"modavg[m_full+m_fullgrad]","ns",NA,0,NA,NA,2
25346,0.137941415994251,0.0596291225912843,"modavg[m_full+m_fullgrad]","ns",NA,0,0.0000000329495897233301,0.000000146662642919182,1
25347,0.797902212185036,0.0841901308300567,"modavg[m_full+m_fullgrad]","cold",NA,0,0.00000065091461465272,0.00000126492079743912,4
25801,0.964979982114966,0.0356841034402695,"modavg[m_full+m_fullgrad]","cold",NA,0,NA,NA,5
25815,0.462567792171264,0.155366732226056,"modavg[m_full+m_fullgrad]","ns",NA,0,NA,NA,2
25864,0.469480062617978,0.166360000531645,"modavg[m_full+m_fullgrad]","ns",NA,0,0.000000103128726891555,0.00000013355301575757,2
25900,0.0512836941934756,0.0317255238492929,"modavg[m_full+m_fullgrad]","ns",NA,0,0.0000000000121612043352259,0.0000000000261949142932316,1
26044,0.781939660966414,0.0690413223872526,"modavg[m_full+m_fullgrad]","ns",NA,0,0.000000104629563679737,0.000000153767516053449,3
26059,0.856006533542768,0.0473914069618055,"modavg[m_full+m_fullgrad]","ns",NA,1,0.0000000000402556217526939,0.00000000223038276736531,4
26061,0.189682211238315,0.0591866895557727,"modavg[m_full+m_fullgrad]","ns",NA,0,0.0000000695068820277811,0.000000193467656117718,1
26069,0.904091295116298,0.0553668432733336,"modavg[m_full+m_fullgrad]","hot","occ_hot_effort_not_TRUSTED",1,0.0000000797085277781662,0.000000117920023967599,4
26070,0.27094206485063,0.0925842733990253,"modavg[m_full+m_fullgrad]","ns",NA,0,0.000000105389212023965,0.000000146662642919182,2
28108,0.948075856025869,0.0276619926839844,"modavg[m_full+m_fullgrad]","ns",NA,1,0.000000596875509017991,0.000000960555212259351,5
28112,0.969344317117447,0.0194387103974211,"modavg[m_full+m_fullgrad]","ns",NA,1,0.00000131559136207215,0.00000658876342640724,5
28207,0.127118088485759,0.0555231215724612,"modavg[m_full+m_fullgrad]","ns",NA,0,0.0000000000845739103749743,0.000000000433581781589254,1
28256,0.760805093062387,0.0663118712340026,"modavg[m_full+m_fullgrad]","ns",NA,1,0.000000000346920214777668,0.00000000672403865920046,3
28258,0.975401196915863,0.0179667808390756,"modavg[m_full+m_fullgrad]","ns",NA,1,0.000000013227690054407,0.000000283417449509216,5
28268,0.919840687061991,0.0465036569374522,"modavg[m_full+m_fullgrad]","ns",NA,0,0.0000000530963077949309,0.000000327289001234021,4
28279,0.607444155693478,0.172980798448879,"modavg[m_full+m_fullgrad]","ns",NA,1,0.00000000011570455704657,0.000000000666101007684716,3
29079,0.997125329959285,0.00496300380829457,"modavg[m_full+m_fullgrad]","ns",NA,0,0.0000004155895680924,0.000000417816949038752,5
29105,0.213091996545421,0.0594460210860379,"modavg[m_full+m_fullgrad]","cold",NA,0,0.000000000465784077974263,0.00000000688816159666317,1
29118,0.971982475762421,0.028281456566059,"modavg[m_full+m_fullgrad]","ns",NA,1,0.00000012135423332893,0.000000420027305381154,5
29127,0.580214761396046,0.0980111455962541,"modavg[m_full+m_fullgrad]","ns",NA,1,0.00000132868274249631,0.00000230700652537053,3
29128,0.944430431469071,0.0392785445878044,"modavg[m_full+m_fullgrad]","ns",NA,1,0.00000299616067422903,0.00000933944102143869,5
29145,0.221513405431303,0.0756960521117444,"modavg[m_full+m_fullgrad]","ns",NA,0,0.000000427238092015614,0.000000781557844220515,1
29159,0.41859163480329,0.122681254762849,"modavg[m_full+m_fullgrad]","ns",NA,0,NA,NA,2
29388,0.958715962022698,0.0328863920270742,"modavg[m_full+m_fullgrad]","ns",NA,1,0.000000149762740875303,0.0000014652782738267,5
29389,0.648290990461493,0.08309048170306,"modavg[m_full+m_fullgrad]","ns",NA,0,0.00000000539118749642853,0.00000000845470626842371,3
29412,0.708287775090197,0.0968033598685126,"modavg[m_full+m_fullgrad]","ns",NA,0,NA,NA,3
29415,0.60774596823255,0.113122000695,"modavg[m_full+m_fullgrad]","ns",NA,1,NA,NA,3
29420,0.93662619747697,0.0497765692876122,"modavg[m_full+m_fullgrad]","ns",NA,1,0.0000000624792590997458,0.000000189640843473171,5
29544,0.999259447623113,0.00154126966170422,"modavg[m_full+m_fullgrad]","ns",NA,1,0.000000760124464704859,0.00000189321872312576,5
29545,0.963462847926328,0.0243101299492393,"modavg[m_full+m_fullgrad]","ns",NA,1,0.000000181361968998317,0.00000180825588813605,5
29584,0.989852095307061,0.0121407484905456,"modavg[m_full+m_fullgrad]","ns",NA,0,0.00000027183591555513,0.000000608641357757733,5
29585,0.973340483911411,0.0261215953071542,"modavg[m_full+m_fullgrad]","ns",NA,0,0.0000000947428659969773,0.000000373635685946283,5
29590,0.887059737247278,0.0489861716471559,"modavg[m_full+m_fullgrad]","ns",NA,1,0.0000000723984143746748,0.000000878446201113547,4
29615,0.461512252848497,0.11285528449765,"modavg[m_full+m_fullgrad]","cold",NA,0,0.0000000166357807529494,0.0000000908666493160126,2
29617,0.968600814104705,0.0210768492949312,"modavg[m_full+m_fullgrad]","ns",NA,1,0.000000332697425164952,0.00000624172525931499,5
29664,0.451667221574309,0.114659689835863,"modavg[m_full+m_fullgrad]","ns",NA,0,NA,NA,2
29687,0.944181440878376,0.0317032508626979,"modavg[m_full+m_fullgrad]","cold",NA,0,NA,NA,5
29694,0.185540891625972,0.0494736695590933,"modavg[m_full+m_fullgrad]","ns",NA,0,NA,NA,1
29756,0.966587860344196,0.0282028485943467,"modavg[m_full+m_fullgrad]","ns",NA,1,0.000000000000137101769282118,0.000000000000714744615489676,5
29761,0.170166447038071,0.0854265596571818,"modavg[m_full+m_fullgrad]","ns",NA,0,0.000000366573715382401,0.000000683258178924007,1
29771,0.52630831533764,0.1596165481801,"modavg[m_full+m_fullgrad]","ns",NA,0,0.00000110440942080459,0.00000172424574884644,3
29773,0.759856054783786,0.152176597050709,"modavg[m_full+m_fullgrad]","ns",NA,0,0.00000000173257497237955,0.00000000422595691773608,3
29779,0.996329385365455,0.00531111038400815,"modavg[m_full+m_fullgrad]","ns",NA,1,0.00000297196766041452,0.0000136756680149119,5
29780,0.820692270399765,0.0669457239055399,"modavg[m_full+m_fullgrad]","cold",NA,0,NA,NA,4
29782,0.257017454373078,0.0762934943186739,"modavg[m_full+m_fullgrad]","ns",NA,0,NA,NA,2
29800,0.861958139273733,0.0890833602792512,"modavg[m_full+m_fullgrad]","ns",NA,0,0.00000000842422753777328,0.0000000119323599889753,4
31207,0.563545323880899,0.129196229702027,"modavg[m_full+m_fullgrad]","ns",NA,0,0.000000000278865208702683,0.00000000123507537530543,3
34926,0.983614332384779,0.017899916186683,"modavg[m_full+m_fullgrad]","ns",NA,1,0.000000128731670656634,0.000000423378253344708,5
34960,0.883119913445637,0.0797666800768103,"modavg[m_full+m_fullgrad]","ns",NA,1,0.00000000684934864381148,0.0000000176412928709624,4
34961,0.84017235409348,0.104509218189102,"modavg[m_full+m_fullgrad]","ns",NA,1,0.00000000197481164754265,0.00000000512070430502831,4
34999,0.794470891427073,0.0738225414326277,"modavg[m_full+m_fullgrad]","ns",NA,0,0.000000500808198466984,0.000000766014181863284,4
35010,0.877552657698496,0.0680454575991435,"modavg[m_full+m_fullgrad]","cold",NA,0,NA,NA,4
35030,0.840737083877746,0.0686672287445803,"modavg[m_full+m_fullgrad]","ns",NA,0,NA,NA,4
35054,0.377369219776183,0.170892856740921,"modavg[m_full+m_fullgrad]","ns",NA,0,0.000000118906370971672,0.000000336771137199321,2
35058,0.986268152537279,0.0152282759905766,"modavg[m_full+m_fullgrad]","ns",NA,0,0.0000000776968818172463,0.000000201281039835521,5
35074,0.747527881716639,0.0749167765963888,"modavg[m_full+m_fullgrad]","ns",NA,1,0.0000148454428199329,0.0000148454419104382,3
35076,0.717045532644218,0.141646982740116,"modavg[m_full+m_fullgrad]","cold",NA,1,NA,NA,3
35092,0.155437497867785,0.0492717144050498,"modavg[m_full+m_fullgrad]","cold",NA,0,0.00000160584022523835,0.00000197771987586748,1
35095,0.183751394137702,0.114902351861665,"modavg[m_full+m_fullgrad]","cold",NA,0,0.00000102981300642568,0.00000181612108463014,1
35097,0.094553877516716,0.0377974416692133,"modavg[m_full+m_fullgrad]","cold",NA,0,0.00000425178768637124,0.00000506956712342799,1
35102,0.13194509622688,0.0900611578439168,"modavg[m_full+m_fullgrad]","ns",NA,0,NA,NA,1
35104,0.166254839201249,0.0844048643062634,"modavg[m_full+m_fullgrad]","cold",NA,0,NA,NA,1
35110,0.150874682178109,0.0430942223350323,"modavg[m_full+m_fullgrad]","cold",NA,0,NA,NA,1
35111,0.957079907391695,0.0293180943733252,"modavg[m_full+m_fullgrad]","ns",NA,0,NA,NA,5
35113,0.67339308617857,0.177865382697074,"modavg[m_full+m_fullgrad]","ns",NA,0,NA,NA,3
35116,0.766098842371183,0.0776580507011259,"modavg[m_full+m_fullgrad]","ns",NA,0,NA,NA,3
35121,0.194645864452958,0.0531014612050147,"modavg[m_full+m_fullgrad]","ns",NA,0,0.0000000507504083202548,0.0000000865799805183087,1
35146,0.857764425322931,0.0626850724466605,"modavg[m_full+m_fullgrad]","ns",NA,0,0.00000036671048064818,0.00000102605758911523,4
35157,0.1375083671005,0.0521455845703291,"modavg[m_full+m_fullgrad]","cold",NA,0,0.00000000000893325691198044,0.0000000000260723751616121,1
35364,0.85150013514504,0.0650808636052302,"modavg[m_full+m_fullgrad]","ns",NA,0,0.0000000000026192943213682,0.0000000000188715570947906,4
35999,0.996848813765054,0.00557156233048473,"modavg[m_full+m_fullgrad]","ns",NA,1,0.0000000311253849361037,0.000000092487468350555,5
36504,0.983605406620754,0.0188269942451617,"modavg[m_full+m_fullgrad]","ns",NA,0,0.000000000000000000271720042429661,0.00000000000000000166887741767575,5
36505,0.948436707206896,0.0360741039213975,"modavg[m_full+m_fullgrad]","ns",NA,0,0.0000000227887522186165,0.000000193498294720484,5
36536,0.765711174142592,0.0883154648335147,"modavg[m_full+m_fullgrad]","ns",NA,0,0.0000000000137297308938633,0.000000000433367230989745,3
36638,0.146199387419667,0.0606539073830081,"modavg[m_full+m_fullgrad]","ns",NA,0,0.0000000000000000000000540705269951038,0.0000000000000000000000649710890249819,1
36695,0.502642386363875,0.0952811281240351,"modavg[m_full+m_fullgrad]","ns",NA,1,0.000000313868241619275,0.00000065642336721794,3
36697,0.206117983191774,0.0653396944034418,"modavg[m_full+m_fullgrad]","ns",NA,1,0.00000000192357796358067,0.00000000305446890003225,1
36698,0.165804427333318,0.051695039364053,"modavg[m_full+m_fullgrad]","ns",NA,0,0.0000000763572316486716,0.000000102552185410332,1
36699,0.275186978860023,0.0804273756893739,"modavg[m_full+m_fullgrad]","cold",NA,0,0.000000120258249580729,0.000000243596730342688,2
37026,0.956192091217177,0.0254062573843695,"modavg[m_full+m_fullgrad]","ns",NA,1,0.0000000520085485788968,0.000000121668733754632,5
38000,0.0565382001141673,0.0286856045174413,"modavg[m_full+m_fullgrad]","cold",NA,0,0.0000000360620333594852,0.000000121145276921197,1
38013,0.313704960769058,0.181061734496267,"modavg[m_full+m_fullgrad]","ns",NA,0,0.000000000770618346912499,0.00000000115430087710422,2
42002,0.986018412856839,0.0137824844762466,"modavg[m_full+m_fullgrad]","ns",NA,1,0.0000000000000215676645108891,0.00000000000487645427510452,5
43107,0.374413819260211,0.0919488948935967,"modavg[m_full+m_fullgrad]","ns",NA,1,0.000000631479565527115,0.00000085075316746952,2
44005,0.445003989962746,0.101283563138527,"modavg[m_full+m_fullgrad]","cold",NA,1,0.000000153298884697506,0.000000182312476226798,2
44308,0.907610650373126,0.0485943264497282,"modavg[m_full+m_fullgrad]","cold",NA,0,NA,NA,4
44410,0.943282349986015,0.0409579023827294,"modavg[m_full+m_fullgrad]","ns",NA,0,0.0000000211377102488086,0.0000000594155160626997,5
44457,0.267074891659096,0.125110706222854,"modavg[m_full+m_fullgrad]","ns",NA,1,0.000000000855477466643606,0.00000000622111873127551,2
44493,0.257777833442785,0.111311786179898,"modavg[m_full+m_fullgrad]","cold",NA,0,0.000000165721502298766,0.00000036864105368295,2
44529,0.243280883427708,0.0652450857023334,"modavg[m_full+m_fullgrad]","ns",NA,0,0.000000426490743166141,0.000000562298907880177,2
44706,0.981441715916171,0.0185908178017801,"modavg[m_full+m_fullgrad]","ns",NA,1,NA,NA,5
44716,0.840360426751603,0.101504928590652,"modavg[m_full+m_fullgrad]","ns",NA,0,NA,NA,4
44916,0.502504194842609,0.110721249232759,"modavg[m_full+m_fullgrad]","cold",NA,0,0.0000000947249603200362,0.000000130312130863786,3
44925,0.94345795018451,0.0380728296597319,"modavg[m_full+m_fullgrad]","ns",NA,1,0.0000000383318905505803,0.0000000782055664672043,5
44926,0.908141483001173,0.0481045391458959,"modavg[m_full+m_fullgrad]","cold",NA,0,NA,NA,4
44934,0.973908784989699,0.0244448873453436,"modavg[m_full+m_fullgrad]","ns",NA,1,0.00000000000000199166964997698,0.0000000000000348830292179903,5
44956,0.886843506677468,0.0937862329007838,"modavg[m_full+m_fullgrad]","ns",NA,0,0.00000578755907554296,0.00000726568532627425,4
44959,0.959330937490388,0.0228095267350679,"modavg[m_full+m_fullgrad]","cold",NA,0,0.0000000253297471886071,0.000000304299078379699,5
45113,0.175410510538645,0.0799498782124797,"modavg[m_full+m_fullgrad]","cold",NA,0,NA,NA,1
45281,0.856510070537065,0.0676693774599688,"modavg[m_full+m_fullgrad]","hot","occ_hot_effort_not_TRUSTED",1,0.00000000713595360579689,0.0000000452152839613973,4
45286,0.933445334265057,0.0402911479520054,"modavg[m_full+m_fullgrad]","ns",NA,0,0.000000000611650563531185,0.00000000354619911213661,5
45300,0.472007994631816,0.116334160710822,"modavg[m_full+m_fullgrad]","ns",NA,1,0.00000000000133527791688209,0.0000000000112081706762912,2
45369,0.482780005512339,0.186491108986431,"modavg[m_full+m_fullgrad]","ns",NA,0,0.000000000000000000000911853534240341,0.0000000000000000000111352275252018,2
45370,0.440400697327148,0.079837374014301,"modavg[m_full+m_fullgrad]","ns",NA,0,0.0000000000000000000000000060223028174132,0.00000000000000000000000133536697706389,2
45375,0.852486266002409,0.0604741134398361,"modavg[m_full+m_fullgrad]","ns",NA,1,NA,NA,4
45390,0.210612806566586,0.053916290904526,"modavg[m_full+m_fullgrad]","ns",NA,0,0.000000269923390305848,0.000000334985912786578,1
45401,0.947759870952964,0.0337360525488292,"modavg[m_full+m_fullgrad]","ns",NA,0,0.000000000377575887222648,0.00000000246994513730669,5
45467,0.882124375258287,0.0645131329479274,"modavg[m_full+m_fullgrad]","ns",NA,1,0.000000153247952994207,0.000000239676182900439,4
45655,0.463667785423984,0.159217473638518,"modavg[m_full+m_fullgrad]","ns",NA,0,0.000000000000000203893747656556,0.000000000000000312573739322117,2
45720,0.765443875254466,0.106733058045792,"modavg[m_full+m_fullgrad]","ns",NA,1,NA,NA,3
45940,0.955428471111298,0.0382469331573733,"modavg[m_full+m_fullgrad]","ns",NA,1,0.0000000768572263609713,0.000000124813269053448,5
46017,0.0510156350150148,0.0333155642474018,"modavg[m_full+m_fullgrad]","cold",NA,0,NA,NA,1
46803,0.976238783459736,0.0171142497825894,"modavg[m_full+m_fullgrad]","ns",NA,0,0.00000000021916642112263,0.00000000466846428182066,5
46842,0.824761671766235,0.059551145545025,"modavg[m_full+m_fullgrad]","ns",NA,0,NA,NA,4
46880,0.876219472591463,0.074238240221305,"modavg[m_full+m_fullgrad]","ns",NA,0,0.00000000000222017868499458,0.0000000000209470722017935,4
46890,0.47183907599619,0.259232924893399,"modavg[m_full+m_fullgrad]","ns",NA,0,0.000000000000363580530699653,0.00000000000383555166794114,2
46894,0.85099379939093,0.094258664607917,"modavg[m_full+m_fullgrad]","ns",NA,1,0.000000000000861782704659336,0.0000000000238402960567319,4
46919,0.271087016827173,0.113482528707088,"modavg[m_full+m_fullgrad]","cold",NA,0,0.000000000683147372004811,0.00000000114840970066865,2
46924,0.284730188022071,0.14421090359089,"modavg[m_full+m_fullgrad]","ns",NA,0,0.00000000179974291025786,0.00000000725740356699589,2
46925,0.2398028422001,0.0959737688481813,"modavg[m_full+m_fullgrad]","cold",NA,0,0.000000000166161973069734,0.000000000288894463906786,2
46947,0.614154947530636,0.142353564159486,"modavg[m_full+m_fullgrad]","ns",NA,0,NA,NA,3
46954,0.407988280066348,0.101780875298134,"modavg[m_full+m_fullgrad]","cold",NA,0,NA,NA,2
46955,0.873624536602978,0.0474360486731691,"modavg[m_full+m_fullgrad]","ns",NA,1,NA,NA,4
46957,0.955500300190107,0.0326270620251059,"modavg[m_full+m_fullgrad]","ns",NA,0,0.000000214348062854697,0.000000517390787990735,5
46962,0.936045048142468,0.0363162395920379,"modavg[m_full+m_fullgrad]","ns",NA,0,0.000000139247362085371,0.000000223175405267284,5
46968,0.0658625143269865,0.031731339294306,"modavg[m_full+m_fullgrad]","ns",NA,0,0.00000015466211777948,0.000000245177801616592,1
46973,0.998712755944025,0.00235711689176305,"modavg[m_full+m_fullgrad]","ns",NA,0,0.00000204712250706507,0.0000032171897146327,5
46977,0.10757489344481,0.0472892363699229,"modavg[m_full+m_fullgrad]","ns",NA,0,0.0000000516665608074618,0.0000000996377877982013,1
46978,0.124552579692654,0.0485845263602234,"modavg[m_full+m_fullgrad]","ns",NA,0,0.0000000739266141636108,0.000000131601481712096,1
46980,0.204482460830367,0.0821850896820035,"modavg[m_full+m_fullgrad]","ns",NA,0,0.0000000307937852994655,0.0000000467582879082329,1
46989,0.700022946169193,0.094669164030923,"modavg[m_full+m_fullgrad]","ns",NA,0,NA,NA,3
46990,0.226256466622501,0.0805483338437669,"modavg[m_full+m_fullgrad]","cold",NA,0,0.00000000357935769912388,0.00000000899323904235416,2
46992,0.880896341129884,0.0566012448457753,"modavg[m_full+m_fullgrad]","ns",NA,1,0.0000000209218420366142,0.0000000750723359033145,4
46993,0.631882947527934,0.116802484609383,"modavg[m_full+m_fullgrad]","ns",NA,0,NA,NA,3
47060,0.99683241086427,0.00514105262061322,"modavg[m_full+m_fullgrad]","ns",NA,0,0.000000315692233243681,0.000000485855366605392,5
47062,0.998375736599186,0.00273816303313344,"modavg[m_full+m_fullgrad]","ns",NA,0,0.00000203317404157133,0.0000117439121822827,5
47068,0.408833811848584,0.082757289193861,"modavg[m_full+m_fullgrad]","ns",NA,0,NA,NA,2
47072,0.617708894371643,0.150356872367517,"modavg[m_full+m_fullgrad]","ns",NA,1,0.00000000213228834589074,0.00000006922214623728,3
47085,0.113474334503574,0.0583233938158283,"modavg[m_full+m_fullgrad]","ns",NA,0,0.000000000000000748059317889563,0.00000000000000697959849570401,1
47114,0.82564282223807,0.0537174077970236,"modavg[m_full+m_fullgrad]","ns",NA,1,0.000000211953263828946,0.000000842950726109848,4
47140,0.0718084314251509,0.0356053061144996,"modavg[m_full+m_fullgrad]","ns",NA,0,0.000000000000080767539195354,0.000000000000515745974573323,1
47141,0.2701359992172,0.1752831840084,"modavg[m_full+m_fullgrad]","ns",NA,0,0.000000167227398151226,0.000000180753588097105,2
47147,0.521934958885302,0.200253435832563,"modavg[m_full+m_fullgrad]","ns",NA,1,0.0000000265423576450985,0.0000000885607747136419,3
47200,0.188602501288367,0.0934776909974052,"modavg[m_full+m_fullgrad]","ns",NA,0,NA,NA,1
47229,0.707574988814597,0.163175976512098,"modavg[m_full+m_fullgrad]","ns",NA,0,0.00000000000000276455185072098,0.000000000000073325711008685,3
47230,0.168396328857893,0.0484967553333101,"modavg[m_full+m_fullgrad]","ns",NA,0,0.0000000000101032715180138,0.0000000000365532361323861,1
47344,0.981094187890804,0.0216121892240224,"modavg[m_full+m_fullgrad]","ns",NA,0,0.000000710678875748272,0.00000121315304113523,5
47346,0.9958734809501,0.00832963074719572,"modavg[m_full+m_fullgrad]","ns",NA,0,0.000000535366211806831,0.000000913507960831339,5
47512,0.381862879962103,0.116284780713513,"modavg[m_full+m_fullgrad]","ns",NA,1,0.0000000000265266385246488,0.000000000579464809469243,2
47513,0.306512304454312,0.103126789985657,"modavg[m_full+m_fullgrad]","ns",NA,1,0.00000000151266466019706,0.00000000980710179732114,2
47514,0.103927115545392,0.0424350764725328,"modavg[m_full+m_fullgrad]","ns",NA,0,0.000000000214485332272751,0.00000000131786537238554,1
47527,0.863721547604871,0.056056981277541,"modavg[m_full+m_fullgrad]","ns",NA,1,0.000000161490163463895,0.000000607428773946594,4
47537,0.488393059524343,0.133719182435653,"modavg[m_full+m_fullgrad]","ns",NA,0,0.0000000000000000280296337874575,0.000000000000000518514765612187,2
47551,0.829675631119994,0.0683112240329605,"modavg[m_full+m_fullgrad]","ns",NA,1,0.000000154372358451837,0.0000006975193400649,4
47552,0.917540099590849,0.0349752299463803,"modavg[m_full+m_fullgrad]","ns",NA,1,0.0000000428468496238565,0.000000406249881734766,4
47580,0.913923503631164,0.0349842096576101,"modavg[m_full+m_fullgrad]","ns",NA,1,0.000000000549034651076141,0.000000022153427536864,4
47610,0.876551423708673,0.0621850030312404,"modavg[m_full+m_fullgrad]","ns",NA,0,0.00000000107098574453346,0.00000000245858067238203,4
47646,0.42263072031386,0.13417762245056,"modavg[m_full+m_fullgrad]","ns",NA,0,0.000000358807454858834,0.000000451224195785471,2
47650,0.269441557475783,0.0731430752880307,"modavg[m_full+m_fullgrad]","ns",NA,1,0.0000000612560953072716,0.000000132184666767898,2
47675,0.912643919979338,0.0523772825558004,"modavg[m_full+m_fullgrad]","ns",NA,0,NA,NA,4
47687,0.91812239436389,0.0456951617321247,"modavg[m_full+m_fullgrad]","ns",NA,0,0.000000263143448364644,0.00000040417890545541,4
47697,0.966752710230217,0.0279362838713879,"modavg[m_full+m_fullgrad]","ns",NA,1,0.00000239313658312312,0.00000489734611619497,5
47702,0.63052693937404,0.0938107658956382,"modavg[m_full+m_fullgrad]","ns",NA,0,0.000000000160833318885167,0.00000000161497148987166,3
47718,0.833544850084902,0.094892050755028,"modavg[m_full+m_fullgrad]","ns",NA,1,0.0000059676899581973,0.00000881598862179089,4
47722,0.324916480278401,0.138248823365375,"modavg[m_full+m_fullgrad]","ns",NA,0,0.0000000566306113114479,0.0000000884061250872037,2
47750,0.211617631565845,0.0829389362969399,"modavg[m_full+m_fullgrad]","ns",NA,0,NA,NA,1
47761,0.900381917211917,0.0598804869610901,"modavg[m_full+m_fullgrad]","ns",NA,0,0.0000000718066175409149,0.000000178649301574296,4
47762,0.812956705236973,0.0730902087010982,"modavg[m_full+m_fullgrad]","ns",NA,1,0.000000000000192048024076456,0.00000000000350969665656453,4
47764,0.924487816731045,0.0446127612531384,"modavg[m_full+m_fullgrad]","ns",NA,0,0.0000000000100363137939263,0.0000000000666541613569827,4
47765,0.998724148799756,0.00253363335305426,"modavg[m_full+m_fullgrad]","ns",NA,0,0.000000000205176792222872,0.00000000290585489004513,5
47775,0.979221663773634,0.0148784529521022,"modavg[m_full+m_fullgrad]","ns",NA,1,0.00000000889925377833833,0.000000124904744325249,5
47776,0.533195004925641,0.222055556524393,"modavg[m_full+m_fullgrad]","ns",NA,1,0.000000158726791710251,0.000000239551951608519,3
47777,0.833028976153661,0.0815178088440736,"modavg[m_full+m_fullgrad]","ns",NA,0,0.0000000165646962813071,0.0000000450306245625143,4
47778,0.90302966187313,0.0570026873726984,"modavg[m_full+m_fullgrad]","ns",NA,0,0.0000000244983038300006,0.0000000944815354841921,4
47797,0.870060708928473,0.0701424407135339,"modavg[m_full+m_fullgrad]","ns",NA,1,NA,NA,4
47799,0.557104712851439,0.132322765281383,"modavg[m_full+m_fullgrad]","ns",NA,0,0.000000466930003995003,0.000000725637733012263,3
47809,0.533240107116734,0.157192425383427,"modavg[m_full+m_fullgrad]","ns",NA,0,0.000000000884351925023452,0.00000000162661240032946,3
47868,0.881721723906207,0.0954531018139568,"modavg[m_full+m_fullgrad]","cold",NA,0,0.000000805561455763382,0.00000107351411315904,4
47876,0.613327581470129,0.146562660884853,"modavg[m_full+m_fullgrad]","ns",NA,0,0.00000152005611653294,0.00000159864384841057,3
47944,0.926622170951348,0.0332415320324845,"modavg[m_full+m_fullgrad]","ns",NA,1,0.0000000326463016619982,0.000000124097212506058,4
47978,0.250202944376945,0.0887641083844807,"modavg[m_full+m_fullgrad]","ns",NA,0,0.000000429539852575545,0.000000946100669807493,2
48020,0.610620719063945,0.175531453701868,"modavg[m_full+m_fullgrad]","ns",NA,0,0.0000000150187311476202,0.0000000189990601029422,3
48234,0.915879918541534,0.0474680677159526,"modavg[m_full+m_fullgrad]","ns",NA,0,0.0000000000266783019287065,0.000000000269767264082788,4
48347,0.175987998595636,0.0906637748367668,"modavg[m_full+m_fullgrad]","ns",NA,0,NA,NA,1
48478,0.936396167805747,0.0345643401155113,"modavg[m_full+m_fullgrad]","cold",NA,0,NA,NA,5
48561,0.65961915098458,0.142102546135486,"modavg[m_full+m_fullgrad]","ns",NA,1,0.00000111503061361873,0.0000013951984101368,3
48636,0.392884561099408,0.158441619937035,"modavg[m_full+m_fullgrad]","ns",NA,0,0.00000000338664651877707,0.00000000904367247755999,2
48637,0.420989094798323,0.154273006522045,"modavg[m_full+m_fullgrad]","ns",NA,0,0.00000000904367247755999,0.00000000904367247755999,2
48638,0.994005006177985,0.0112038720331378,"modavg[m_full+m_fullgrad]","cold",NA,0,NA,NA,5
48920,0.713969012072078,0.154375802600202,"modavg[m_full+m_fullgrad]","ns",NA,0,0.00000143287263654202,0.00000146543573009694,3
48974,0.88359578379891,0.0477099175564396,"modavg[m_full+m_fullgrad]","ns",NA,1,0.00000000335376526550135,0.000000137349090323369,4
49041,0.675761871358316,0.113532410982936,"modavg[m_full+m_fullgrad]","ns",NA,0,NA,NA,3
49043,0.119016942022864,0.0644750719599087,"modavg[m_full+m_fullgrad]","ns",NA,1,0.0000000007959358172549,0.00000000496840746322391,1
49046,0.327093035778028,0.0676573098193837,"modavg[m_full+m_fullgrad]","ns",NA,1,0.00000158871046096465,0.00000177015556346305,2
49049,0.77975924281569,0.101261061075987,"modavg[m_full+m_fullgrad]","ns",NA,0,0.00000000399933686168197,0.0000000170038916280646,3
49050,0.984727913626804,0.0179188348947262,"modavg[m_full+m_fullgrad]","ns",NA,0,0.0000000000000000110805665514449,0.000000000000000191047195992244,5
49052,0.845608148049625,0.0624865663481564,"modavg[m_full+m_fullgrad]","ns",NA,0,0.0000000000000000381111324222415,0.00000000000000172769109081135,4
49054,0.571370188875084,0.140492291817479,"modavg[m_full+m_fullgrad]","ns",NA,0,0.00000000126903587638338,0.00000000422595691773608,3
49055,0.954853639440305,0.0305021291957078,"modavg[m_full+m_fullgrad]","ns",NA,0,0.0000000000225533394043742,0.000000000168546634982114,5
49178,0.165277724438958,0.0759514478628452,"modavg[m_full+m_fullgrad]","cold",NA,0,NA,NA,1
49186,0.214206654546663,0.0885350948841816,"modavg[m_full+m_fullgrad]","cold",NA,0,NA,NA,1
49219,0.860122248553705,0.0502737351256804,"modavg[m_full+m_fullgrad]","ns",NA,1,0.0000000000000100021699229276,0.000000000000375669195187486,4
49221,0.941550387394912,0.034730574302837,"modavg[m_full+m_fullgrad]","ns",NA,1,0.000000114083064772785,0.000000194466608149924,5
49423,0.0964905138242932,0.0305831193623358,"modavg[m_full+m_fullgrad]","ns",NA,0,0.0000000567870621637212,0.00000014085114230511,1
49426,0.0542507271169348,0.0271302893213021,"modavg[m_full+m_fullgrad]","cold",NA,0,0.0000000456547226690418,0.00000014085114230511,1
49493,0.607623247149775,0.116277807697804,"modavg[m_full+m_fullgrad]","ns",NA,1,0.00000000539185496251093,0.0000000163518336648849,3
49530,0.147317580146612,0.0512618458920261,"modavg[m_full+m_fullgrad]","ns",NA,0,0.000000364236285577135,0.000000513128156853782,1
49546,0.374111767683629,0.181837191818154,"modavg[m_full+m_fullgrad]","cold",NA,0,NA,NA,2
49547,0.97078588949237,0.029804416284496,"modavg[m_full+m_fullgrad]","ns",NA,0,0.000000000200564023722372,0.00000000143051059886545,5
49549,0.985958739290488,0.015619429756939,"modavg[m_full+m_fullgrad]","cold",NA,1,0.000000562506670576113,0.00000228987892114674,5
49550,0.711445266322446,0.0921239120543054,"modavg[m_full+m_fullgrad]","ns",NA,1,0.0000000000000000743744426177131,0.00000000000000133849289819603,3
49629,0.826751954053152,0.0588050409403312,"modavg[m_full+m_fullgrad]","ns",NA,0,NA,NA,4
49630,0.80760937919295,0.111902730963946,"modavg[m_full+m_fullgrad]","ns",NA,0,NA,NA,4
49760,0.803198040544692,0.0662047399594083,"modavg[m_full+m_fullgrad]","ns",NA,1,0.000000000000000000363801943315429,0.0000000000000000286795926081323,4
49809,0.864203486162823,0.0532915996926268,"modavg[m_full+m_fullgrad]","ns",NA,1,NA,NA,4
49822,0.544040041691117,0.118077509837421,"modavg[m_full+m_fullgrad]","ns",NA,0,0.000000434597154708172,0.000000619007892055379,3
49907,0.0857247285256389,0.0373467492380813,"modavg[m_full+m_fullgrad]","cold",NA,0,0.00000043021321971537,0.00000049249143785346,1
49970,0.127113617039609,0.0585825202831798,"modavg[m_full+m_fullgrad]","cold",NA,0,NA,NA,1
49974,0.226061632221681,0.0908751762108343,"modavg[m_full+m_fullgrad]","cold",NA,0,NA,NA,2
50038,0.797136183481276,0.095799370880851,"modavg[m_full+m_fullgrad]","ns",NA,0,0.0000000964714104156883,0.000000123532231555146,4
50084,0.922085736891024,0.0461964937307311,"modavg[m_full+m_fullgrad]","ns",NA,0,0.00000138800760396407,0.00000210240591513866,4
50316,0.813929109811594,0.0848625058738705,"modavg[m_full+m_fullgrad]","ns",NA,0,0.000000433007613764858,0.000000559199349936534,4
50329,0.97700863060629,0.0199976726861398,"modavg[m_full+m_fullgrad]","ns",NA,1,NA,NA,5
50331,0.131810030110536,0.0618972619480521,"modavg[m_full+m_fullgrad]","cold",NA,0,0.00000116759736101812,0.00000194966628441762,1
50407,0.627597972911855,0.121974340246706,"modavg[m_full+m_fullgrad]","cold",NA,0,0.000000543134660802025,0.0000010504412557566,3
50408,0.622592392539204,0.121482902667117,"modavg[m_full+m_fullgrad]","ns",NA,0,0.0000000797886698933326,0.000000157639561848555,3
50432,0.175466110919257,0.0458301849664666,"modavg[m_full+m_fullgrad]","cold",NA,0,NA,NA,1
50433,0.917726313206081,0.0534477647435849,"modavg[m_full+m_fullgrad]","ns",NA,0,0.000000385892946042077,0.000000385892946042077,4
50471,0.898350847486869,0.0379225818348376,"modavg[m_full+m_fullgrad]","ns",NA,1,0.0000000000000161301619169786,0.000000000000680637078816215,4
50479,0.721478859186763,0.0765628354615784,"modavg[m_full+m_fullgrad]","ns",NA,1,0.00000392593847209355,0.0000127051862364169,3
50483,0.867955035064558,0.0594232018829591,"modavg[m_full+m_fullgrad]","ns",NA,1,0.0000000000902672311897668,0.00000000103405717322147,4
50486,0.621442133158445,0.063741149204691,"modavg[m_full+m_fullgrad]","ns",NA,1,0.000000812057692201051,0.0000020248216969776,3
50492,0.948504270685511,0.0477534218892712,"modavg[m_full+m_fullgrad]","ns",NA,0,0.000000639951451830711,0.000000689767546191433,5
50500,0.133697985007769,0.0392692667743417,"modavg[m_full+m_fullgrad]","cold",NA,0,0.0000000521879286452531,0.000000099821278354284,1
50501,0.0524901512956138,0.0297934506941919,"modavg[m_full+m_fullgrad]","cold",NA,0,0.0000000462492160124839,0.00000014085114230511,1
50505,0.0354152000169886,0.0299585263950152,"modavg[m_full+m_fullgrad]","cold",NA,0,0.0000000270316000694493,0.000000284458650412489,1
50523,0.237681423184626,0.0771630608220929,"modavg[m_full+m_fullgrad]","ns",NA,1,0.0000000000522366004618302,0.000000000360950686006944,2
50543,0.201287210982676,0.0695912611516361,"modavg[m_full+m_fullgrad]","cold",NA,0,0.0000000107746283006804,0.000000047538136982439,1
50547,0.0543993446194992,0.025399736100629,"modavg[m_full+m_fullgrad]","cold",NA,0,NA,NA,1
50549,0.115953408127618,0.0381322372298793,"modavg[m_full+m_fullgrad]","cold",NA,0,0.00000000219260831713086,0.00000000635634966883458,1
50564,0.836249983555118,0.0751127803120578,"modavg[m_full+m_fullgrad]","ns",NA,0,0.0000000119958016853161,0.0000000414792253877749,4
50571,0.823122744528072,0.0761099595261351,"modavg[m_full+m_fullgrad]","ns",NA,0,NA,NA,4
50573,0.902092649288675,0.0531785549521781,"modavg[m_full+m_fullgrad]","ns",NA,1,NA,NA,4
50574,0.854402558709522,0.0699039406932161,"modavg[m_full+m_fullgrad]","ns",NA,1,0.00000033706857038851,0.000000432165649044691,4
50576,0.201919175452087,0.0499952555639073,"modavg[m_full+m_fullgrad]","ns",NA,0,NA,NA,1
50577,0.705521849880314,0.153051401577309,"modavg[m_full+m_fullgrad]","cold",NA,0,NA,NA,3
50582,0.852781358936998,0.0571103235284179,"modavg[m_full+m_fullgrad]","ns",NA,1,0.0000000217421973758292,0.0000000807797135848887,4
50583,0.916910875443355,0.045434238274266,"modavg[m_full+m_fullgrad]","cold",NA,0,NA,NA,4
50584,0.980455089441597,0.0165063673948927,"modavg[m_full+m_fullgrad]","cold",NA,0,NA,NA,5
50606,0.839461102583104,0.0714436958679243,"modavg[m_full+m_fullgrad]","ns",NA,0,0.000000193726833686014,0.000000273158946129115,4
50776,0.684123531143299,0.0968334113870455,"modavg[m_full+m_fullgrad]","ns",NA,1,0.000000181012723032836,0.000000373983880308515,3
50779,0.176384081472857,0.0364943843005943,"modavg[m_full+m_fullgrad]","ns",NA,0,0.000000110863560109919,0.00000026892587356997,1
50784,0.746618910125469,0.08660024554543,"modavg[m_full+m_fullgrad]","ns",NA,0,0.000000000219855592065166,0.00000000345675088553321,3
50822,0.731157888070447,0.138891584252264,"modavg[m_full+m_fullgrad]","ns",NA,1,0.000000238787322359713,0.000000282792143480037,3
50828,0.360639844086608,0.110830301260122,"modavg[m_full+m_fullgrad]","ns",NA,0,NA,NA,2
50871,0.983599284369337,0.0175919116551512,"modavg[m_full+m_fullgrad]","cold",NA,0,NA,NA,5
50872,0.935796558474566,0.0401661361171662,"modavg[m_full+m_fullgrad]","ns",NA,0,NA,NA,5
50873,0.994526710905235,0.00773244206464558,"modavg[m_full+m_fullgrad]","ns",NA,0,0.00000000910382436103419,0.000000049134747825974,5
50931,0.935190767914763,0.0383215814679898,"modavg[m_full+m_fullgrad]","cold",NA,0,NA,NA,5
50940,0.929115052296262,0.0470141765446825,"modavg[m_full+m_fullgrad]","ns",NA,1,0.00000109470363440778,0.00000119531205200474,4
51002,0.749599442330083,0.0846178911094124,"modavg[m_full+m_fullgrad]","ns",NA,1,0.0000000332580931683424,0.000000122309543826304,3
51003,0.720088493002021,0.0900039190713024,"modavg[m_full+m_fullgrad]","ns",NA,1,0.000000000678030964706977,0.00000000828314039580391,3
51015,0.980021054304891,0.0226117796018904,"modavg[m_full+m_fullgrad]","ns",NA,1,0.000000112093857751461,0.00000103527679584658,5
51016,0.936032452771304,0.0432477554645923,"modavg[m_full+m_fullgrad]","ns",NA,1,0.00000683176631355309,0.0000140228021336952,5
51141,0.164407297944076,0.0430462123422157,"modavg[m_full+m_fullgrad]","cold",NA,0,NA,NA,1
51147,0.1478436857762,0.0587167719989884,"modavg[m_full+m_fullgrad]","cold",NA,0,NA,NA,1
51229,0.399859970829926,0.0785533023275668,"modavg[m_full+m_fullgrad]","ns",NA,0,NA,NA,2
51253,0.509063915373398,0.167836441321106,"modavg[m_full+m_fullgrad]","ns",NA,0,NA,NA,3
51269,0.70350005087849,0.0830190768017398,"modavg[m_full+m_fullgrad]","ns",NA,0,0.0000000150558907563436,0.0000000496877774480708,3
51270,0.558459986083664,0.126370423133752,"modavg[m_full+m_fullgrad]","ns",NA,0,0.00000000117705467594931,0.0000000230512053889242,3
51291,0.618770515352077,0.085398248048326,"modavg[m_full+m_fullgrad]","ns",NA,1,0.0000000349480444583605,0.000000156856216904089,3
51311,0.997112124646195,0.00551170928804439,"modavg[m_full+m_fullgrad]","ns",NA,1,0.0000000188012254653813,0.0000000253245211467856,5
51316,0.981331908992472,0.0236368850513678,"modavg[m_full+m_fullgrad]","ns",NA,0,0.0000000154710786404166,0.0000000382028666479073,5
51361,0.892445406310095,0.0770795585837573,"modavg[m_full+m_fullgrad]","ns",NA,0,NA,NA,4
51363,0.88512702732378,0.0525450587205823,"modavg[m_full+m_fullgrad]","ns",NA,0,NA,NA,4
51415,0.871246236995724,0.0916540151421222,"modavg[m_full+m_fullgrad]","ns",NA,1,0.000000602586965214869,0.000000672184398808895,4
51536,0.099127740279458,0.0472567137700092,"modavg[m_full+m_fullgrad]","cold",NA,0,0.000000000288154666794327,0.00000000552959322774882,1
51739,0.927127413027392,0.0360839596479659,"modavg[m_full+m_fullgrad]","ns",NA,1,0.000000103495800374276,0.000000331301549749696,4
51741,0.627905522325902,0.145664379530773,"modavg[m_full+m_fullgrad]","ns",NA,0,0.00000000344741923896663,0.0000000121754126780615,3
51744,0.564603608740818,0.206132214576261,"modavg[m_full+m_fullgrad]","ns",NA,1,0.0000000332625589294366,0.000000053708365754801,3
51745,0.969707560535359,0.0252340855428129,"modavg[m_full+m_fullgrad]","ns",NA,0,0.0000000575445113781825,0.000000121327545343775,5
51769,0.98827187126495,0.0142075918716073,"modavg[m_full+m_fullgrad]","ns",NA,0,0.0000000634238830343747,0.000000197508370547439,5
51822,0.201758153015993,0.0833839436418079,"modavg[m_full+m_fullgrad]","ns",NA,0,0.0000000000183704301770504,0.000000000225036905776577,1
51823,0.957467746967935,0.0369717766294465,"modavg[m_full+m_fullgrad]","ns",NA,0,0.0000000474871946209987,0.000000115179418003208,5
51837,0.545335331351112,0.18301733276931,"modavg[m_full+m_fullgrad]","ns",NA,0,0.0000000278704206380098,0.0000000465518752434946,3
51839,0.481301632219327,0.162038053210925,"modavg[m_full+m_fullgrad]","ns",NA,0,0.0000000236373214335117,0.0000000544137144231627,2
51844,0.12429873477559,0.0377099772671884,"modavg[m_full+m_fullgrad]","ns",NA,0,0.000000444319113057645,0.000000581147162392881,1
51891,0.668666526222627,0.0905125640093418,"modavg[m_full+m_fullgrad]","ns",NA,0,NA,NA,3
51937,0.15192872357916,0.065238045294061,"modavg[m_full+m_fullgrad]","ns",NA,0,0.000000000000000004712329662887,0.0000000000000000438730409587144,1
51941,0.721582357756943,0.0810404627174841,"modavg[m_full+m_fullgrad]","ns",NA,1,0.0000000000139009402946866,0.000000000166760646957975,3
52064,0.476800303731013,0.180079314122948,"modavg[m_full+m_fullgrad]","ns",NA,0,0.0000000000000000775892304375637,0.000000000000000247872042385134,2
52069,0.948465024722787,0.0316733357532502,"modavg[m_full+m_fullgrad]","ns",NA,1,0.000000048247287054437,0.000000241345162521611,5
52112,0.63726904473747,0.207395152246076,"modavg[m_full+m_fullgrad]","ns",NA,0,0.00000674942884870688,0.00000875289970281301,3
52177,0.436654700118189,0.134461084374639,"modavg[m_full+m_fullgrad]","cold",NA,0,0.000000000000179717894212283,0.00000000000157324153704508,2
52189,0.664892343006368,0.103475829342491,"modavg[m_full+m_fullgrad]","ns",NA,1,0.000000325643071619197,0.00000121005530218099,3
52204,0.513608002446032,0.0979655952452976,"modavg[m_full+m_fullgrad]","ns",NA,0,0.00000189792876881256,0.00000241677753365366,3
52206,0.497768610901348,0.0826506230896899,"modavg[m_full+m_fullgrad]","ns",NA,0,0.000000767612050367461,0.00000162039918905066,3
52207,0.433609366267294,0.131436599721837,"modavg[m_full+m_fullgrad]","ns",NA,0,0.00000159284763867618,0.00000173892669863562,2
52210,0.927243772010582,0.0331285762317763,"modavg[m_full+m_fullgrad]","ns",NA,1,0.000000435936385656532,0.00000326798340211099,4
52211,0.916272363897234,0.0361865729059488,"modavg[m_full+m_fullgrad]","ns",NA,1,0.00000219784783439536,0.0000116992832772667,4
52212,0.945924221980748,0.041554065188182,"modavg[m_full+m_fullgrad]","ns",NA,0,0.00000438672304881038,0.00000703847081240383,5
52214,0.456939714872074,0.126065079091008,"modavg[m_full+m_fullgrad]","ns",NA,0,NA,NA,2
52215,0.92026516548672,0.0495882018073397,"modavg[m_full+m_fullgrad]","ns",NA,1,0.00000638130768493284,0.00000964469654718414,4
52216,0.899402339324098,0.0518495833794862,"modavg[m_full+m_fullgrad]","ns",NA,1,0.00000000629913543548355,0.0000000547843619358446,4
52219,0.858456662682522,0.0433066411890031,"modavg[m_full+m_fullgrad]","ns",NA,1,0.0000000000458396758051816,0.00000000856018722572571,4
52220,0.830812757690492,0.0483644216077437,"modavg[m_full+m_fullgrad]","ns",NA,1,0.000000000335101613124777,0.00000000919151688094644,4
52221,0.717319632914839,0.0916695782993957,"modavg[m_full+m_fullgrad]","ns",NA,0,0.00000000472032679610379,0.0000000531311137308421,3
52222,0.694986823125136,0.0852971710046028,"modavg[m_full+m_fullgrad]","ns",NA,1,0.0000000393482864069483,0.000000182453646857539,3
52225,0.980369800429533,0.0196209068168627,"modavg[m_full+m_fullgrad]","ns",NA,0,0.00000000000000000000145729231041062,0.0000000000000000000164535222657133,5
52231,0.82080767288946,0.0647429416955677,"modavg[m_full+m_fullgrad]","ns",NA,0,0.000000375115661199743,0.000000708139509697503,4
52232,0.879383744420986,0.0413440294712981,"modavg[m_full+m_fullgrad]","ns",NA,1,0.000000329923039998903,0.0000008495855468027,4
52317,0.13055538573087,0.0417667964389739,"modavg[m_full+m_fullgrad]","cold",NA,0,0.000000186438342097972,0.000000287004866095231,1
53034,0.767007799362926,0.0643885728720706,"modavg[m_full+m_fullgrad]","ns",NA,0,0.00000000000203390190973984,0.000000000165169447563507,3
53035,0.908596370180332,0.0424541634069031,"modavg[m_full+m_fullgrad]","ns",NA,0,0.000000000000373901484860412,0.0000000000206799820323678,4
53048,0.349525602624849,0.101088601622895,"modavg[m_full+m_fullgrad]","ns",NA,0,0.0000000000136517663493207,0.0000000000896708748920894,2
53049,0.309967537774742,0.0643742808466618,"modavg[m_full+m_fullgrad]","ns",NA,1,0.0000000000954401141450845,0.000000000661345034291827,2
53050,0.272871567769881,0.0924203497252075,"modavg[m_full+m_fullgrad]","ns",NA,0,0.0000000000201983083036872,0.0000000000720327131276122,2
53055,0.386286995570963,0.155225126277764,"modavg[m_full+m_fullgrad]","ns",NA,1,0.00000955014547798783,0.0000143085380841512,2
53056,0.187023635165485,0.0792867411052059,"modavg[m_full+m_fullgrad]","ns",NA,0,0.00000501565273225424,0.0000071279223448073,1
53058,0.830168007323897,0.0851171003967773,"modavg[m_full+m_fullgrad]","ns",NA,0,0.000000747545357171475,0.00000158817147166701,4
53062,0.772209108652549,0.0972455972847633,"modavg[m_full+m_fullgrad]","ns",NA,1,0.00000092873830226381,0.0000014294940910986,3
53068,0.700127214777425,0.160523274574912,"modavg[m_full+m_fullgrad]","ns",NA,0,NA,NA,3
53073,0.841979448126988,0.102999050948145,"modavg[m_full+m_fullgrad]","ns",NA,0,NA,NA,4
53100,0.970643926865545,0.0279494336590661,"modavg[m_full+m_fullgrad]","ns",NA,0,0.0000000415869152448067,0.0000000834677820193974,5
53203,0.249841736703999,0.0743925961958326,"modavg[m_full+m_fullgrad]","ns",NA,0,NA,NA,2
53208,0.680437795147169,0.0868562897220892,"modavg[m_full+m_fullgrad]","cold",NA,0,0.00000017038473743014,0.000000185410897302063,3
